id,period,title,language
0,Spring 2026,AI Processes,English
1,Spring 2025,AI Robotics,English
2,Spring 2026,AI Robotics,English
3,Autumn 2026,AI Security,English
4,Spring 2024,AI i organisationer,Danish
5,Autumn 2024,AI i organisationer,English
6,Autumn 2025,AI i organisationer,English
7,Spring 2024,AI i organisationer,English
8,Spring 2025,AI i organisationer,English
9,Spring 2026,AI i organisationer,English
10,Autumn 2024,AI security: Principles - Practices and Policies - BSc,English
11,Autumn 2024,AI security: Principles - Practices and Policies - MSc,English
12,Autumn 2025,AI-integration i praksis: ledelse og metode,Danish
13,Autumn 2025,AI-integration i praksis: ledelse og metode,English
14,Autumn 2013,Academic Work and Communication,English
15,Autumn 2021,Adv. Data Science Specialization Project for K-CS (KSADSSP1PE),English
16,Autumn 2019,Advanced Algorithms,English
17,Autumn 2021,Advanced Algorithms,English
18,Autumn 2020,Advanced Algorithms,English
19,Autumn 2022,Advanced Algorithms,English
20,Autumn 2023,Advanced Algorithms,English
21,Autumn 2024,Advanced Algorithms,English
22,Autumn 2025,Advanced Algorithms,English
23,Spring 2014,Advanced Algorithms Seminar,English
24,Spring 2015,Advanced Algorithms Seminar,English
25,Spring 2016,Advanced Algorithms Seminar,English
26,Autumn 2023,Advanced Applied Statistics,English
27,Autumn 2024,Advanced Applied Statistics,English
28,Autumn 2025,Advanced Applied Statistics,English
29,Spring 2021,Advanced Applied Statistics and Multivariate Calculus,English
30,Autumn 2021,Advanced Applied Statistics and Multivariate Calculus,English
31,Autumn 2022,Advanced Applied Statistics and Multivariate Calculus,English
32,Autumn 2019,Advanced Data Systems,English
33,Autumn 2020,Advanced Data Systems,English
34,Autumn 2021,Advanced Data Systems,English
35,Autumn 2022,Advanced Data Systems,English
36,Autumn 2023,Advanced Data Systems,English
37,Autumn 2024,Advanced Data Systems,English
38,Autumn 2026,Advanced Game Studio,English
39,Spring 2014,Advanced Graphic Design,English
40,Autumn 2019,Advanced Machine Learning,English
41,Autumn 2025,Advanced Machine Learning for Computer Vision,English
42,Spring 2022,Advanced Machine Learning for Data Science,English
43,Autumn 2022,Advanced Network Science,English
44,Spring 2026,Advanced Programming in Rust,English
45,Autumn 2019,Advanced Programming - MSc CS,
46,Autumn 2020,Advanced Programming - MSc CS,
47,Autumn 2021,Advanced Programming - MSc CS,
48,Autumn 2022,Advanced Programming - MSc CS,
49,Autumn 2023,Advanced Programming - MSc CS,
50,Autumn 2024,Advanced Programming - MSc CS,
51,Autumn 2025,Advanced Programming - MSc CS,
52,Autumn 2019,Advanced Programming - Master (Professional education),
53,Spring 2017,Advanced Programming - Master (Professional education) (Autumn 2018) - MERGED with KSADPRO2KU,
54,Spring 2017,Advanced Programming - Master (Professional education),
55,Autumn 2019,Advanced Robotics,English
56,Autumn 2019,Advanced Robotics,
57,Autumn 2020,Advanced Robotics,
58,Autumn 2021,Advanced Robotics,
59,Autumn 2022,Advanced Robotics,
60,Autumn 2023,Advanced Robotics,
61,Autumn 2024,Advanced Robotics,
62,Autumn 2019,Advanced Security,English
63,Autumn 2019,Advanced Security,
64,Autumn 2020,Advanced Security,
65,Autumn 2021,Advanced Security,
66,Autumn 2022,Advanced Security,
67,Autumn 2023,Advanced Security,
68,Autumn 2024,Advanced Security,
69,Autumn 2019,Advanced Service Design,English
70,Autumn 2019,Advanced Software Analysis,English
71,Autumn 2020,Advanced Software Analysis,English
72,Autumn 2021,Advanced Software Analysis,English
73,Autumn 2022,Advanced Software Analysis,English
74,Autumn 2023,Advanced Software Analysis,English
75,Autumn 2024,Advanced Software Analysis,English
76,Spring 2014,Advanced Software Engineering,English
77,Spring 2015,Advanced Software Engineering,English
78,Spring 2016,Advanced Software Engineering,English
79,Spring 2017,Advanced Software Engineering - BSc,English
80,Spring 2017,Advanced Software Engineering - MSc,English
81,Spring 2017,Advanced Software Engineering - Master (Professional education),English
82,Spring 2018,Advanced Software Engineering - Master (Professional education),English
83,Spring 2019,Advanced Software Engineering - Master (Professional education),English
84,Autumn 2019,Advanced Topics in Game Studies,English
85,Autumn 2025,Advanced Topics in Robotics,English
86,Autumn 2021,Affect and Soma in Design,English
87,Autumn 2014,Akademisk arbejde og formidling,English
88,Autumn 2015,Akademisk arbejde og formidling,English
89,Autumn 2016,Akademisk arbejde og formidling,English
90,Autumn 2017,Akademisk arbejde og formidling,English
91,Autumn 2015,Algorithm Design,English
92,Autumn 2016,Algorithm Design,English
93,Autumn 2017,Algorithm Design,English
94,Autumn 2018,Algorithm Design - CS/SDT,English
95,Autumn 2013,Algorithm Design I,English
96,Autumn 2014,Algorithm Design I,English
97,Autumn 2013,Algorithm Design II,English
98,Autumn 2014,Algorithm Design II,English
99,Autumn 2015,Algorithm Design Project,English
100,Spring 2017,Algorithm Design Project,English
101,Spring 2018,Algorithm Design Project,English
102,Autumn 2019,Algorithm Design - MSc CS,English
103,Autumn 2018,Algorithm Design - MSc CS (Autumn 2018) - MERGED with 1012002U,English
104,Autumn 2020,Algorithm Design - MSc CS,English
105,Autumn 2021,Algorithm Design - MSc CS,English
106,Autumn 2022,Algorithm Design - MSc CS,English
107,Autumn 2023,Algorithm Design - MSc CS,English
108,Autumn 2024,Algorithm Design - MSc CS,English
109,Autumn 2025,Algorithm Design - MSc CS,English
110,Spring 2022,Algorithmic Fairness - Accountability and Ethics,English
111,Spring 2023,Algorithmic Problem Solving - BSc,English
112,Spring 2024,Algorithmic Problem Solving - BSc,English
113,Spring 2025,Algorithmic Problem Solving - BSc,English
114,Spring 2026,Algorithmic Problem Solving - BSc,English
115,Spring 2023,Algorithmic Problem Solving - MSc,English
116,Spring 2024,Algorithmic Problem Solving - MSc,English
117,Spring 2025,Algorithmic Problem Solving - MSc,English
118,Spring 2026,Algorithmic Problem Solving - MSc,English
119,Spring 2020,Algorithms and Data Structures,English
120,Spring 2014,Algorithms and Data Structures,English
121,Spring 2015,Algorithms and Data Structures,English
122,Spring 2016,Algorithms and Data Structures,English
123,Spring 2017,Algorithms and Data Structures,English
124,Spring 2018,Algorithms and Data Structures,English
125,Spring 2022,Algorithms and Data Structures (Spring 2019) - MERGED with KSALDAS1KU,English
126,Spring 2021,Algorithms and Data Structures,English
127,Spring 2022,Algorithms and Data Structures,English
128,Spring 2023,Algorithms and Data Structures,English
129,Spring 2024,Algorithms and Data Structures,English
130,Spring 2025,Algorithms and Data Structures,English
131,Spring 2026,Algorithms and Data Structures,English
132,Spring 2019,Algorithms and Data Structures - SWU - DS - SDT,English
133,Spring 2020,Algorithms and Data Structures SWU,English
134,Spring 2020,Algorithms and Data Structures - BSc (Summer University),English
135,Spring 2021,Algorithms and Data Structures - BSc (Summer University),English
136,Spring 2022,Algorithms and Data Structures - BSc (Summer University),English
137,Spring 2023,Algorithms and Data Structures - BSc (Summer University),English
138,Spring 2020,Algorithms and Data Structures - MSc,English
139,Spring 2021,Algorithms and Data Structures - MSc,English
140,Spring 2022,Algorithms and Data Structures - MSc,English
141,Spring 2023,Algorithms and Data Structures - MSc,English
142,Spring 2025,Algorithms and Data Structures - MSc,English
143,Spring 2026,Algorithms and Data Structures - MSc,English
144,Spring 2020,Algorithms and Data Structures - MSc (Summer University),English
145,Spring 2021,Algorithms and Data Structures - MSc (Summer University),English
146,Spring 2022,Algorithms and Data Structures - MSc (Summer University),English
147,Spring 2023,Algorithms and Data Structures - MSc (Summer University),English
148,Spring 2024,Algorithms and Data Structures - MSc  - B-DS and B-SWU,English
149,Autumn 2022,Algorithms for Game Development,English
150,Spring 2021,Algorithms for Games Development,English
151,Spring 2020,Algorithms in Games,English
152,Autumn 2025,Algoritmer og Datastrukturer - Extraordinary exam,English
153,Spring 2022,Algoritmer og datastrukturer SWU,Danish
154,Spring 2022,Algoritmer og datastrukturer SWU,English
155,Spring 2023,Algoritmer og datastrukturer SWU,English
156,Spring 2024,Algoritmer og datastrukturer SWU,English
157,Autumn 2019,Analysis - Design and Software Architecture,English
158,Autumn 2013,Analysis - Design and Software Architecture,English
159,Autumn 2014,Analysis - Design and Software Architecture,English
160,Autumn 2015,Analysis - Design and Software Architecture,English
161,Autumn 2016,Analysis - Design and Software Architecture,English
162,Autumn 2017,Analysis - Design and Software Architecture,English
163,Autumn 2018,Analysis - Design and Software Architecture,English
164,Autumn 2020,Analysis - Design and Software Architecture,English
165,Autumn 2021,Analysis - Design and Software Architecture,English
166,Autumn 2022,Analysis - Design and Software Architecture,English
167,Autumn 2023,Analysis - Design and Software Architecture,English
168,Autumn 2024,Analysis - Design and Software Architecture,English
169,Autumn 2025,Analysis - Design and Software Architecture,English
170,Spring 2017,Android Development - DIT,English
171,Autumn 2014,Anskaffelse og kravspecifikation,English
172,Autumn 2016,Anskaffelse og kravspecifikation,English
173,Spring 2015,Anskaffelse og kravspecifikation,English
174,Spring 2016,Anskaffelse og kravspecifikation,English
175,Autumn 2017,Anskaffelse og kravspecifikation - Master,English
176,Autumn 2019,Applied Algorithms,English
177,Autumn 2020,Applied Algorithms,English
178,Autumn 2016,Applied Algorithms,English
179,Autumn 2017,Applied Algorithms,English
180,Autumn 2018,Applied Algorithms,English
181,Autumn 2021,Applied Algorithms,English
182,Autumn 2022,Applied Algorithms,English
183,Autumn 2023,Applied Algorithms,English
184,Autumn 2024,Applied Algorithms,English
185,Autumn 2025,Applied Algorithms,English
186,Spring 2021,Applied Artificial Intelligence (Summer University),English
187,Spring 2022,Applied Artificial Intelligence (Summer University),English
188,Spring 2023,Applied Artificial Intelligence (Summer University),English
189,Spring 2024,Applied Artificial Intelligence (Summer University),English
190,Spring 2025,Applied Artificial Intelligence (Summer University),English
191,Autumn 2025,Applied Artificial Intelligence - Extraordinary exam,English
192,Spring 2021,Applied Information Security,English
193,Spring 2020,Applied Information Security (Summer University),English
194,Spring 2021,Applied Information Security (Summer University),English
195,Spring 2022,Applied Information Security (Summer University),English
196,Spring 2023,Applied Information Security (Summer University),English
197,Autumn 2017,Applied Statistics,English
198,Spring 2019,Applied Statistics,English
199,Spring 2020,Applied Statistics,English
200,Spring 2021,Applied Statistics,English
201,Spring 2022,Applied Statistics,English
202,Spring 2023,Applied Statistics,English
203,Autumn 2021,Applied Statistics - Extraordinary exam,English
204,Autumn 2019,Applied information Security,English
205,Autumn 2026,Artificial Intelligence for Designers,
206,Autumn 2024,Artificial Intelligence for Games and Simulations,English
207,Autumn 2024,Artificial Intelligence for Games and Simulations,
208,Autumn 2025,Artificial Intelligence for Games and Simulations,
209,Spring 2014,Artificial Life & Evolutionary Robotics: Theory - Methods and Art,
210,Spring 2015,Artificial Life & Evolutionary Robotics: Theory - Methods and Art,
211,Spring 2016,Artificial Life & Evolutionary Robotics: Theory - Methods and Art,
212,Spring 2017,Artificial Life & Evolutionary Robotics: Theory - Methods and Art,
213,Spring 2019,Artificial Life & Evolutionary Robotics: Theory - Methods and Art,
214,Autumn 2016,Automated Software Analysis,
215,Autumn 2017,Automated Software Analysis,
216,Autumn 2018,Automated Software Analysis,
217,Autumn 2019,Automated Software Analysis,
218,Autumn 2019,Avancerede designprocesser,Danish
219,Autumn 2018,Avancerede designprocesser,
220,Autumn 2019,Avancerede designprocesser,
221,Autumn 2020,Avancerede designprocesser,
222,Autumn 2021,Avancerede designprocesser,
223,Autumn 2022,Avancerede designprocesser,
224,Autumn 2023,Avancerede designprocesser,
225,Autumn 2024,Avancerede designprocesser,
226,Autumn 2025,Avancerede designprocesser,
227,Autumn 2015,Avanceret projektledelse,
228,Spring 2019,B-DS Choice of track,
229,Spring 2020,B-DS Choice of track,
230,Spring 2021,B-DS Choice of track,
231,Spring 2022,B-DS Choice of track,
232,Spring 2023,B-DS Choice of track,
233,Autumn 2020,B19 IT-Strategy,
234,Autumn 2013,B19 IT-Strategy,
235,Autumn 2013,B30 Enterprise Strategy - Business and Technology,
236,Autumn 2013,B31 The Internet as A Battlefield - Competing With Digital Goods and Services,
237,Autumn 2014,B31 The Internet as A Battlefield - Competing With Digital Goods and Services,
238,Autumn 2019,Big Data Management (Technical),English
239,Autumn 2015,Big Data Management (Technical),English
240,Autumn 2016,Big Data Management (Technical),English
241,Autumn 2017,Big Data Management (Technical),English
242,Autumn 2018,Big Data Management (Technical),English
243,Autumn 2020,Big Data Management (Technical),English
244,Autumn 2021,Big Data Management (Technical),English
245,Autumn 2022,Big Data Management (Technical),English
246,Autumn 2023,Big Data Management (Technical),English
247,Autumn 2024,Big Data Management (Technical),English
248,Autumn 2025,Big Data Management (Technical),English
249,Autumn 2019,Blockchain Economics,English
250,Autumn 2020,Blockchain Economics,English
251,Autumn 2021,Blockchain Economics,English
252,Autumn 2022,Blockchain Economics,English
253,Autumn 2023,Blockchain Economics,English
254,Autumn 2024,Blockchain Economics,English
255,Autumn 2025,Blockchain Economics,English
256,Spring 2015,BootIT August 2023 - BSWU,English
257,Spring 2015,BootIT August 2023 - KSD,English
258,Spring 2015,BootIT August 2024 - BSWU,English
259,Spring 2015,BootIT August 2024 - KSD,English
260,Spring 2015,BootIT August 2025 - BSWU,English
261,Spring 2015,BootIT August 2025 - KSD,English
262,Autumn 2019,Brugere i kontekst,Danish
263,Spring 2015,Brugere i kontekst (Autumn 2018) - MERGED with KABRKON1KU-2,English
264,Autumn 2019,Brugere i kontekst,English
265,Autumn 2023,Brugere i kontekst,English
266,Autumn 2018,Brugere i kontekst - MSc 1+2,English
267,Spring 2019,Brugerpraksis i netværk,English
268,Spring 2020,Brugerpraksis i netværk,English
269,Autumn 2019,Business Foundations,
270,Spring 2026,Business Process Improvement & Automation,English
271,Spring 2023,Business Process Modelling and Automation,English
272,Spring 2024,Business Process Modelling and Automation,English
273,Spring 2025,Business Process Modelling and Automation,English
274,Spring 2026,Business Process Modelling and Automation,English
275,Autumn 2013,Business Processes and Organisation,English
276,Autumn 2014,Business Processes and Organisation,English
277,Autumn 2017,Business Processes and Organisation with Project,English
278,Autumn 2018,Business Processes and Organisation with Project,English
279,Autumn 2013,Business and Management,English
280,Spring 2014,Business and Management,English
281,Autumn 2013,Business and Management Foundations,English
282,Autumn 2014,Business and Management Foundations,English
283,Autumn 2015,Business and Management Foundations,English
284,Autumn 2016,Business and Management Foundations,English
285,Autumn 2017,Business and Management Foundations,English
286,Autumn 2018,Business and Management Foundations,English
287,Autumn 2019,Business and Management Foundations,English
288,Spring 2014,Business and Management Foundations,English
289,Spring 2015,Business and Management Foundations,English
290,Spring 2016,Business and Management Foundations,English
291,Spring 2021,Business and Startup Foundations (Summer University),
292,Spring 2021,Business and Startup Foundations (Summer University),English
293,Spring 2022,Business and Startup Foundations (Summer University),English
294,Spring 2023,Business and Startup Foundations (Summer University),English
295,Spring 2024,Business and Startup Foundations (Summer University),English
296,Spring 2020,Bæredygtige fremtider,Danish
297,Spring 2016,Bæredygtige fremtider,English
298,Spring 2017,Bæredygtige fremtider,English
299,Spring 2018,Bæredygtige fremtider,English
300,Spring 2019,Bæredygtige fremtider,English
301,Spring 2020,Bæredygtige fremtider,English
302,Spring 2021,Bæredygtigt iværksætteri,Danish
303,Spring 2021,Bæredygtigt iværksætteri,English
304,Spring 2022,Bæredygtigt iværksætteri,English
305,Spring 2023,CHBV - test af kursusevaluering i F23,English
306,Autumn 2013,Change Management,English
307,Spring 2014,Change Management,English
308,Autumn 2023,Christians test environment,English
309,Autumn 2026,Computational Cognitive Modelling,English
310,Autumn 2019,Computational Literacies,English
311,Autumn 2026,Connected Interactivity,English
312,Spring 2025,Creative Data Visualisation,English
313,Spring 2023,Creative Data Visualisation (Summer University),English
314,Spring 2025,Creative Programming,English
315,Spring 2026,Creative Programming,English
316,Autumn 2015,Critical Big Data Management,English
317,Autumn 2016,Critical Big Data Management,English
318,Autumn 2015,Critical Big Data Management with Specialisation Project,English
319,Autumn 2019,Critical Big Data Management: Second Part of Specialisation,English
320,Autumn 2017,Critical Big Data Management: Second Part of Specialisation,English
321,Autumn 2018,Critical Big Data Management: Second Part of Specialisation,English
322,Autumn 2020,Critical Big Data Management: Second Part of Specialisation,English
323,Autumn 2021,Critical Big Data Management: Second Part of Specialisation,English
324,Autumn 2022,Critical Big Data Management: Second Part of Specialisation,English
325,Autumn 2023,Critical Big Data Management: Second Part of Specialisation,English
326,Spring 2026,Critical Computing,English
327,Spring 2026,Critical Data & Ethics,English
328,Spring 2022,Critical Data Analysis,English
329,Autumn 2015,Critical Systems Project,English
330,Autumn 2016,Critical Systems Project,English
331,Autumn 2015,Critical Systems Seminar,English
332,Autumn 2016,Critical Systems Seminar,English
333,Autumn 2017,Critical Systems and Security Project,English
334,Autumn 2017,Critical Systems and Security Seminar,English
335,Autumn 2019,Cross Disciplinary Team Work,English
336,Autumn 2020,Cross Disciplinary Team Work,English
337,Autumn 2021,Cross Disciplinary Team Work,English
338,Autumn 2018,Cross-Disciplinary Team Work,English
339,Autumn 2019,Cross-Disciplinary Team Work,English
340,Spring 2020,Cryptographic Computation and Blockchain - BSc,English
341,Spring 2022,Cryptographic Computation and Blockchain - BSc,English
342,Autumn 2024,Cryptographic Computation and Blockchain - BSc,English
343,Spring 2021,Cryptographic Computation and Blockchain - BSc,English
344,Spring 2023,Cryptographic Computation and Blockchain - BSc,English
345,Spring 2020,Cryptographic Computation and Blockchain - MSc,English
346,Autumn 2024,Cryptographic Computation and Blockchain - MSc,English
347,Spring 2021,Cryptographic Computation and Blockchain - MSc,English
348,Spring 2022,Cryptographic Computation and Blockchain - MSc,English
349,Spring 2023,Cryptographic Computation and Blockchain - MSc,English
350,Spring 2023,Cryptography,English
351,Spring 2024,Cryptography,English
352,Spring 2025,Cryptography,English
353,Spring 2026,Cryptography,English
354,Autumn 2025,Cryptography - Extraordinary exam,English
355,Autumn 2026,Cybersecurity and Risk Management,English
356,Autumn 2019,DADIU Curriculum,English
357,Autumn 2017,DADIU Curriculum,English
358,Autumn 2018,DADIU Curriculum,English
359,Autumn 2020,DADIU Curriculum,English
360,Autumn 2021,DADIU Curriculum,English
361,Autumn 2022,DADIU Curriculum,English
362,Autumn 2023,DADIU Curriculum,English
363,Autumn 2024,DADIU Curriculum,English
364,Autumn 2019,DADIU Project,English
365,Autumn 2020,DADIU Project,English
366,Autumn 2016,DADIU Project,English
367,Autumn 2017,DADIU Project,English
368,Autumn 2018,DADIU Project,English
369,Autumn 2021,DADIU Project,English
370,Autumn 2022,DADIU Project,English
371,Autumn 2023,DADIU Project,English
372,Autumn 2024,DADIU Project,English
373,Autumn 2020,DD Thesis Supervisors Database,English
374,Autumn 2020,DDK Thesis Supervisors,English
375,Spring 2018,DELETED Bæredygtige fremtider,English
376,Autumn 2020,DEMO - Philosophy of Science,English
377,Autumn 2020,DIM Thesis Prep,English
378,Autumn 2020,DMD bachelorprojekt E19/F20,English
379,Autumn 2020,DMD bachelorprojekt seminar E17,English
380,Autumn 2020,DS Bachelor Project (Autumn 2019-spring 2020),English
381,Autumn 2020,DS Bachelor Project (Autumn 2020-spring 2021,English
382,Autumn 2017,DS Livecoding,English
383,Autumn 2017,DS Studylab 1. semester,English
384,Spring 2019,Data Design,English
385,Spring 2020,Data Design,English
386,Spring 2021,Data Design,English
387,Spring 2022,Data Design,English
388,Spring 2020,Data Intelligence,English
389,Autumn 2019,Data Management,English
390,Autumn 2018,Data Management,English
391,Spring 2020,Data Management,English
392,Autumn 2019,Data Mining,English
393,Autumn 2020,Data Mining,English
394,Autumn 2021,Data Mining,English
395,Autumn 2022,Data Mining,English
396,Autumn 2023,Data Mining,English
397,Autumn 2024,Data Mining,English
398,Autumn 2025,Data Mining,English
399,Spring 2023,Data Mining (KSDAMIN1KU) - Extraordinary exam,English
400,Spring 2014,Data Mining,English
401,Spring 2015,Data Mining,English
402,Spring 2016,Data Mining,English
403,Spring 2017,Data Mining,English
404,Spring 2018,Data Mining,English
405,Spring 2020,Data Mining (Spring 2019) - MERGED with KGDASCG1KU,English
406,Spring 2021,Data Mining,English
407,Spring 2022,Data Mining,English
408,Autumn 2026,Data Mining and Machine Learning,English
409,Spring 2020,Data Protection at ITU (GDPR),English
410,Spring 2020,Data Protection at ITU (GDPR) - Showcase,English
411,Spring 2020,Data Protection at ITU (GDPR) / Before Summer 2022,English
412,Spring 2020,Data Science in Games,English
413,Spring 2019,Data Science in Games and Data Mining,English
414,Spring 2022,Data Science in Production,English
415,Spring 2025,Data Science in Production,English
416,Spring 2023,Data Science in Production,English
417,Spring 2024,Data Science in Production,English
418,Spring 2026,Data Science in Production: Information Retrieval and RecSys,English
419,Autumn 2025,Data Science in Production: MLOps and Software Engineering,English
420,Autumn 2019,Data Science in Research - Business and Society,English
421,Autumn 2017,Data Science in Research - Business and Society,English
422,Autumn 2018,Data Science in Research - Business and Society,English
423,Autumn 2020,Data Science in Research - Business and Society,English
424,Autumn 2021,Data Science in Research - Business and Society,English
425,Autumn 2022,Data Science in Research - Business and Society,English
426,Autumn 2023,Data Science in Research - Business and Society,English
427,Autumn 2024,Data Science in Research - Business and Society,English
428,Spring 2025,Data Science in Research - Business and Society - Extraordinary exam ( Spring 2023),English
429,Spring 2023,Data Visualisation Design,English
430,Spring 2024,Data Visualisation Design,English
431,Spring 2019,Data Visualisation and Data-driven Decision Making,English
432,Spring 2020,Data Visualisation and Data-driven Decision Making,English
433,Spring 2021,Data Visualisation and Data-driven Decision Making,English
434,Spring 2022,Data Visualisation and Data-driven Decision Making,English
435,Spring 2023,Data Visualisation and Data-driven Decision Making,English
436,Spring 2024,Data Visualisation and Data-driven Decision Making,English
437,Spring 2025,Data Visualisation and Data-driven Decision Making,English
438,Spring 2026,Data Visualisation and Data-driven Decision Making,English
439,Autumn 2022,Data in Design,English
440,Autumn 2021,Data in the Wild: Wrangling and Visualising Data,English
441,Autumn 2022,Data in the Wild: Wrangling and Visualising Data,English
442,Autumn 2023,Data in the Wild: Wrangling and Visualising Data,English
443,Autumn 2024,Data in the Wild: Wrangling and Visualising Data,English
444,Autumn 2025,Data in the Wild: Wrangling and Visualising Data,English
445,Autumn 2022,Data - Automation and Social Justice,English
446,Autumn 2023,Data - Automation and Social Justice,English
447,Autumn 2024,Data - Automation and Social Justice,English
448,Autumn 2025,Data - Automation and Social Justice,English
449,Autumn 2017,Data-Driven Design & Development,English
450,Spring 2019,Data-Driven Design & Development,English
451,Spring 2020,Data-Driven Design & Development,English
452,Spring 2021,Data-Driven Design & Development,English
453,Spring 2022,Data-Driven Design & Development,English
454,Spring 2023,Data-Driven Design & Development,English
455,Spring 2024,Data-Driven Design & Development,English
456,Spring 2025,Data-Driven Design & Development,English
457,Autumn 2025,Data-Driven Security,English
458,Spring 2019,Data: Law and Ethics,English
459,Spring 2020,Data: Law and Ethics,English
460,Spring 2021,Data: Law and Ethics,English
461,Spring 2022,Data: Law and Ethics,English
462,Spring 2025,Database and Information Systems Foundations,English
463,Spring 2025,Datafication & Representation,English
464,Autumn 2022,Deep Learning for Games and Simulations,English
465,Autumn 2021,Design af brugerengagement,Danish
466,Spring 2021,Design af bæredygtige fremtider,Danish
467,Spring 2022,Design af bæredygtige fremtider,Danish
468,Spring 2023,Design af bæredygtige fremtider,Danish
469,Spring 2024,Design af bæredygtige fremtider,Danish
470,Spring 2025,Design af bæredygtige fremtider,Danish
471,Spring 2026,Design af bæredygtige fremtider,Danish
472,Autumn 2015,Design for Digital Communication Platforms,Danish
473,Autumn 2016,Design for Digital Communication Platforms,Danish
474,Autumn 2017,Design for Digital Communication Platforms,Danish
475,Spring 2014,Design for Digital Communication Platforms,Danish
476,Autumn 2013,Design for Digital Communication Platforms I,Danish
477,Autumn 2013,Design for Digital Communication Platforms II,Danish
478,Autumn 2026,Design og deltagelse,Danish
479,Autumn 2019,Design og udvikling af netværkskulturer,Danish
480,Autumn 2020,Design og udvikling af netværkskulturer,Danish
481,Autumn 2015,Design til Målgrupper - DIT,Danish
482,Spring 2015,Design til digitale kommunikationsplatforme,Danish
483,Autumn 2014,Design til digitale kommunikationsplatforme I,Danish
484,Autumn 2014,Design til digitale kommunikationsplatforme II,Danish
485,Autumn 2014,Design til målgrupper - kvalitative og kvantitative metoder,Danish
486,Autumn 2015,Design til målgrupper - kvalitative og kvantitative metoder,Danish
487,Spring 2015,Design til målgrupper - kvalitative og kvantitative metoder,Danish
488,Autumn 2015,Design til målgrupper - kvalitative og kvantitative metoder - DIT,Danish
489,Autumn 2013,Design - Regulation - Business and Social Context,Danish
490,Autumn 2014,Design - Regulation - Business and Social Context,Danish
491,Spring 2019,Designdrevet innovation,Danish
492,Spring 2020,Designdrevet innovation,Danish
493,Autumn 2021,Designing Aesthetic User Experiences,English
494,Autumn 2022,Designing Aesthetic User Experiences,English
495,Autumn 2023,Designing Aesthetic User Experiences,English
496,Autumn 2024,Designing Aesthetic User Experiences,English
497,Autumn 2025,Designing Aesthetic User Experiences,English
498,Spring 2021,Designing Digital Play,English
499,Autumn 2014,Designing Digital Play,English
500,Autumn 2015,Designing Digital Play,English
501,Autumn 2016,Designing Digital Play,English
502,Autumn 2017,Designing Digital Play,English
503,Autumn 2018,Designing Digital Play,English
504,Spring 2014,Designing Digital Play,English
505,Spring 2022,Designing Digital Play,English
506,Spring 2023,Designing Digital Play,English
507,Spring 2024,Designing Digital Play,English
508,Spring 2025,Designing Digital Play,English
509,Spring 2019,Designing Interactions,English
510,Spring 2020,Designing Interactions,English
511,Spring 2021,Designing Interactions,English
512,Spring 2022,Designing Interactions,English
513,Spring 2023,Designing Interactions,English
514,Spring 2024,Designing Interactions,English
515,Spring 2025,Designing Interactions,English
516,Spring 2015,Designing Interactive Artifacts (1. del af specialisering),English
517,Spring 2014,Designing Interactive Artifacts,English
518,Spring 2016,Designing Interactive Artifacts,English
519,Spring 2017,Designing Interactive Artifacts,English
520,Spring 2020,Designing Sustainable Futures,English
521,Spring 2020,DevOps - Software Evolution and Software Maintenance - BSc,
522,Spring 2020,DevOps - Software Evolution and Software Maintenance - BSc,English
523,Spring 2021,DevOps - Software Evolution and Software Maintenance - BSc,English
524,Spring 2022,DevOps - Software Evolution and Software Maintenance - BSc,English
525,Spring 2023,DevOps - Software Evolution and Software Maintenance - BSc,English
526,Spring 2024,DevOps - Software Evolution and Software Maintenance - BSc,English
527,Spring 2025,DevOps - Software Evolution and Software Maintenance - BSc,English
528,Spring 2026,DevOps - Software Evolution and Software Maintenance - BSc,English
529,Spring 2020,DevOps - Software Evolution and Software Maintenance - MSc,
530,Spring 2020,DevOps - Software Evolution and Software Maintenance - MSc,English
531,Spring 2021,DevOps - Software Evolution and Software Maintenance - MSc,English
532,Spring 2022,DevOps - Software Evolution and Software Maintenance - MSc,English
533,Spring 2018,DevOps - Software Evolution and Software Maintenance - MSc (Spring 2023) - not in use,English
534,Spring 2024,DevOps - Software Evolution and Software Maintenance - MSc,English
535,Spring 2025,DevOps - Software Evolution and Software Maintenance - MSc,English
536,Spring 2026,DevOps - Software Evolution and Software Maintenance - MSc,English
537,Autumn 2014,Digital Accountability,English
538,Spring 2014,Digital Accountability,English
539,Autumn 2014,Digital Accountability with Project,English
540,Autumn 2013,Digital Aesthetics,English
541,Spring 2017,Digital Business Models,English
542,Spring 2018,Digital Business Models,English
543,Autumn 2014,Digital Change Management,English
544,Autumn 2015,Digital Change Management,English
545,Autumn 2016,Digital Change Management,English
546,Autumn 2017,Digital Change Management,English
547,Spring 2020,Digital Culture and Media,English
548,Spring 2014,Digital Culture and Media,English
549,Spring 2021,Digital Culture and Media,English
550,Spring 2014,Digital Cultures,English
551,Autumn 2020,Digital Data Analysis,
552,Autumn 2020,Digital Data Analysis,English
553,Autumn 2021,Digital Data Analysis,English
554,Autumn 2022,Digital Data Analysis,English
555,Autumn 2023,Digital Data Analysis,English
556,Autumn 2024,Digital Data Analysis,English
557,Autumn 2015,Digital Democratic Citizenship,English
558,Spring 2015,Digital Democratic Citizenship,English
559,Spring 2016,Digital Democratic Citizenship,English
560,Spring 2017,Digital Democratic Citizenship,English
561,Spring 2018,Digital Democratic Citizenship,English
562,Autumn 2016,Digital Democratic Citizenship in Research and Practice,English
563,Autumn 2017,Digital Democratic Citizenship in Research and Practice,English
564,Autumn 2019,Digital Design and Interactive Technologies - Foundations,English
565,Autumn 2018,Digital Design and Interactive Technologies - Foundations,English
566,Autumn 2020,Digital Design and Interactive Technologies - Foundations,English
567,Autumn 2021,Digital Design and Interactive Technologies - Foundations,English
568,Autumn 2022,Digital Design and Interactive Technologies - Foundations,English
569,Autumn 2023,Digital Design and Interactive Technologies - Foundations,English
570,Spring 2025,Digital Design and Interactive Technologies - Foundations,English
571,Spring 2025,Digital Economics,English
572,Spring 2025,Digital Innovation in Practice,English
573,Autumn 2025,Digital Material Interactions,English
574,Autumn 2019,Digital Media Analysis,
575,Autumn 2016,Digital Media and Communication,
576,Autumn 2017,Digital Media and Communication,
577,Autumn 2015,Digital Media and Communication - A,
578,Autumn 2013,Digital Media and Communication I,
579,Autumn 2014,Digital Media and Communication I,
580,Autumn 2013,Digital Media and Communication II,
581,Autumn 2014,Digital Media and Communication II,
582,Autumn 2023,Digital Organizing and Transformation,English
583,Autumn 2023,Digital Organizing and Transformation,
584,Autumn 2024,Digital Organizing and Transformation,
585,Autumn 2025,Digital Organizing and Transformation,
586,Spring 2024,Digital Organizing and Transformation (Summer University),English
587,Spring 2024,Digital Organizing and Transformation (Summer University),
588,Spring 2025,Digital Organizing and Transformation (Summer University),
589,Spring 2026,Digital Organizing and Transformation (Summer University),
590,Autumn 2021,Digital Platforms,English
591,Autumn 2021,Digital Platforms,
592,Spring 2014,Digital Platforms - extraordinary exam (autumn 2022),
593,Spring 2014,Digital Rhetorics I,
594,Spring 2014,Digital Rhetorics II,
595,Autumn 2024,Digital Technologies and Humans,English
596,Autumn 2024,Digital Technologies and Humans,
597,Autumn 2025,Digital Technologies and Humans,
598,Spring 2014,Digital Technology and New Business Models,
599,Spring 2015,Digital Technology and New Business Models,
600,Spring 2015,Digital Technology and new Business Models with Specialisation Project,
601,Spring 2022,Digital Transformation and Change - MSc,English
602,Autumn 2021,Digital innovation,Danish
603,Autumn 2025,Digital innovation,Danish
604,Autumn 2022,Digital innovation,Danish
605,Autumn 2023,Digital innovation,Danish
606,Autumn 2024,Digital innovation,Danish
607,Spring 2016,Digital innovation,Danish
608,Spring 2017,Digital innovation,Danish
609,Spring 2018,Digital innovation,Danish
610,Spring 2015,Digital innovation - I,Danish
611,Spring 2015,Digital innovation - II,Danish
612,Spring 2026,Digital innovation i praksis,Danish
613,Autumn 2016,Digital journalistik og projektledelse,Danish
614,Autumn 2017,Digital journalistik og projektledelse,Danish
615,Spring 2015,Digital kultur og medier,Danish
616,Spring 2016,Digital kultur og medier,Danish
617,Spring 2017,Digital kultur og medier,Danish
618,Spring 2018,Digital kultur og medier,Danish
619,Spring 2019,Digital kultur og medier,Danish
620,Spring 2022,Digital kultur og medier,Danish
621,Spring 2023,Digital kultur og medier,Danish
622,Spring 2024,Digital kultur og medier,Danish
623,Spring 2017,Digital ledelse - DIT,Danish
624,Spring 2016,Digital medieæstetik,Danish
625,Spring 2016,Digital retorik,Danish
626,Spring 2015,Digital retorik I,Danish
627,Spring 2015,Digital retorik II,Danish
628,Spring 2016,Digital technology and New Business Models,Danish
629,Spring 2017,Digital technology and New Business Models with Specialisation Project,Danish
630,Spring 2025,Digital teknologi i samfundet,Danish
631,Spring 2026,Digital teknologi i samfundet,Danish
632,Autumn 2022,Digital transformation og forretningsmodeller,Danish
633,Spring 2021,Digitale brugerstudier,Danish
634,Autumn 2019,Digitalisation and Public Sector Transformation,English
635,Autumn 2019,Digitalisation and Public Sector Transformation,Danish
636,Autumn 2020,Digitalisation and Public Sector Transformation,Danish
637,Autumn 2019,Digitalisering i det offentlige,Danish
638,Autumn 2018,Digitalisering i det offentlige,Danish
639,Autumn 2020,Digitalisering i det offentlige,Danish
640,Autumn 2021,Digitalisering i det offentlige,Danish
641,Autumn 2022,Digitalisering i det offentlige,Danish
642,Autumn 2023,Digitalisering i det offentlige,Danish
643,Autumn 2025,Digitalisering i det offentlige,Danish
644,Spring 2022,Digitaliseringsstrategi - IT-strategi og forretningsforståelse,Danish
645,Spring 2023,Digitaliseringsstrategi - IT-strategi og forretningsforståelse,Danish
646,Spring 2024,Digitaliseringsstrategi - IT-strategi og forretningsforståelse,Danish
647,Spring 2025,Digitaliseringsstrategi - IT-strategi og forretningsforståelse,Danish
648,Spring 2026,Digitaliseringsstrategi - IT-strategi og forretningsforståelse,Danish
649,Autumn 2021,Digitalt materiale og interaktive artefakter,Danish
650,Autumn 2022,Digitalt materiale og interaktive artefakter,Danish
651,Autumn 2023,Digitalt materiale og interaktive artefakter,Danish
652,Autumn 2024,Digitalt materiale og interaktive artefakter,Danish
653,Spring 2015,Digitalt materiale og interaktive artefakter,Danish
654,Spring 2018,Digitalt materiale og interaktive artefakter,Danish
655,Autumn 2019,Discrete Mathematics - MSc SD,English
656,Autumn 2020,Discrete Mathematics - MSc SD,English
657,Autumn 2021,Discrete Mathematics - MSc SD,English
658,Autumn 2022,Discrete Mathematics - MSc SD,English
659,Autumn 2023,Discrete Mathematics - MSc SD,English
660,Autumn 2024,Discrete Mathematics - MSc SD,English
661,Autumn 2025,Discrete Mathematics - MSc SD,English
662,Autumn 2020,Distributed Systems MSc,English
663,Autumn 2021,Distributed Systems MSc,English
664,Autumn 2022,Distributed Systems MSc,English
665,Autumn 2023,Distributed Systems MSc,English
666,Autumn 2025,Distributed Systems MSc,English
667,Autumn 2020,Distributed Systems - BSc,English
668,Autumn 2021,Distributed Systems - BSc,English
669,Autumn 2022,Distributed Systems - BSc,English
670,Autumn 2023,Distributed Systems - BSc,English
671,Autumn 2024,Distributed Systems - BSc,English
672,Autumn 2025,Distributed Systems - BSc,English
673,Autumn 2016,Domain Specific Languages - MSc,English
674,Autumn 2017,Domain Specific Languages - MSc,English
675,Spring 2019,Domain Specific Languages - MSc (Spring 2019) - MERGED with KSMOSYL1KU,English
676,Autumn 2026,E25 testkursus,English
677,Autumn 2025,Enterprise Systems & Platform Ecosystems,English
678,Autumn 2019,Enterprise Systems and Information Management,English
679,Spring 2020,Entrepreneurship (Summer University),Danish
680,Autumn 2019,Entrepreneurship and Business Decisions,English
681,Autumn 2018,Entrepreneurship and Business Decisions,Danish
682,Autumn 2019,Entrepreneurship and Business Decisions,Danish
683,Autumn 2020,Entrepreneurship and Business Decisions,Danish
684,Spring 2020,Entrepreneurship and Business Decisions (Extraordinary exam),Danish
685,Spring 2020,Entrepreneurship and Business Decisions - Extraordinary exam (Spring 2021 - August),Danish
686,Spring 2021,Entrepreneurship and Business Decisions - Extraordinary exam,Danish
687,Spring 2020,Entrepreneurship and Business Decisions - extraordinary exam (autumn 2021),Danish
688,Autumn 2013,Environmental Networks,Danish
689,Autumn 2014,Environmental Networks,Danish
690,Spring 2020,Erstatningsprojekt BFOP E23,Danish
691,Spring 2021,Ethical Hacking,English
692,Spring 2021,Ethical Hacking,Danish
693,Spring 2022,Ethical Hacking,Danish
694,Spring 2023,Ethical Hacking,Danish
695,Spring 2024,Ethical Hacking,Danish
696,Spring 2025,Ethical Hacking,Danish
697,Spring 2026,Ethical Hacking,Danish
698,Autumn 2021,Evidence-based Management,English
699,Autumn 2021,Evidence-based Management,Danish
700,Autumn 2022,Evidence-based Management,Danish
701,Autumn 2023,Evidence-based Management,Danish
702,Autumn 2024,Evidensbaseret ledelse,Danish
703,Autumn 2025,Evidensbaseret ledelse,Danish
704,Spring 2020,Experimental Design in Practice (Summer University),
705,Spring 2024,Experimentelt design i praksis,
706,Autumn 2019,Forretningsprocesser og organisation,Danish
707,Autumn 2019,Foundations of Computing - Discrete Mathematics BSc,
708,Spring 2022,Foundations of Game AI,English
709,Spring 2023,Foundations of Game AI - BSc,English
710,Spring 2024,Foundations of Game AI - BSc,English
711,Spring 2025,Foundations of Game AI - BSc,English
712,Spring 2026,Foundations of Game AI - BSc,English
713,Autumn 2013,Foundations of Play and Games,English
714,Autumn 2014,Foundations of Play and Games,English
715,Autumn 2015,Foundations of Play and Games,English
716,Autumn 2016,Foundations of Play and Games,English
717,Autumn 2023,Foundations of Probability,English
718,Autumn 2024,Foundations of Probability,English
719,Autumn 2025,Foundations of Probability,English
720,Spring 2015,Frameworks and Architectures for the Web,English
721,Spring 2016,Frameworks and Architectures for the Web,English
722,Spring 2017,Frameworks and Architectures for the Web - BSc,English
723,Spring 2017,Frameworks and Architectures for the Web - MSc,English
724,Spring 2018,Frameworks and Architectures for the Web - MSc,English
725,Spring 2019,Frameworks and Architectures for the Web - MSc,English
726,Spring 2020,Frameworks and Architectures for the Web - MSc,English
727,Spring 2021,Frameworks and Architectures for the Web - MSc,English
728,Spring 2022,Frameworks and Architectures for the Web - MSc,English
729,Spring 2023,Frameworks and Architectures for the Web - MSc,English
730,Spring 2024,Frameworks and Architectures for the Web - MSc,English
731,Spring 2025,Frameworks and Architectures for the Web - MSc,English
732,Spring 2026,Frameworks and Architectures for the Web - MSc,English
733,Spring 2024,Framing Course,English
734,Spring 2024,Framing Course (TDP) A2019,English
735,Spring 2024,Framing Course (TDP) A2020,English
736,Spring 2024,Framing Course (TDP) A2021,English
737,Spring 2024,Framing Course (TDP) S2019,English
738,Spring 2024,Framing Course (TDP) S2020,English
739,Spring 2024,Framing Course (TDP) S2021,English
740,Spring 2023,Fremtidens bæredygtige virksomheder,Danish
741,Autumn 2013,From Concept Art to In-Game Graphics,Danish
742,Spring 2014,From Concept Art to In-Game Graphics,Danish
743,Spring 2015,From Concept Art to In-Game Graphics,Danish
744,Spring 2016,Functional Programming,Danish
745,Spring 2017,Functional Programming,Danish
746,Spring 2018,Functional Programming,Danish
747,Spring 2019,Functional Programming,Danish
748,Spring 2020,Functional Programming,Danish
749,Spring 2021,Functional Programming,Danish
750,Spring 2022,Functional Programming,Danish
751,Spring 2023,Functional Programming,Danish
752,Spring 2024,Functional Programming,Danish
753,Spring 2025,Functional Programming,Danish
754,Spring 2026,Functional Programming,Danish
755,Spring 2022,Functional Programming - SWU,
756,Spring 2022,Functional Programming - SWU,Danish
757,Spring 2023,Functional Programming - SWU,Danish
758,Spring 2024,Functional Programming - SWU,Danish
759,Spring 2025,Functional Programming - SWU,Danish
760,Spring 2026,Functional Programming - SWU,Danish
761,Spring 2018,Førsteårsprojekt: Danmarkskort. Visualisering - Navigation - Søgning og Ruteplanlægning,Danish
762,Spring 2019,Førsteårsprojekt: Danmarkskort. Visualisering - Navigation - Søgning og Ruteplanlægning,Danish
763,Spring 2020,Førsteårsprojekt: Danmarkskort. Visualisering - Navigation - Søgning og Ruteplanlægning,Danish
764,Autumn 2019,Game Programming,English
765,Autumn 2017,Game Programming,English
766,Autumn 2018,Game Programming,English
767,Autumn 2020,Game Programming,English
768,Autumn 2021,Game Programming,English
769,Autumn 2022,Game Programming,English
770,Autumn 2023,Game Programming,English
771,Autumn 2024,Game Programming,English
772,Autumn 2025,Game Programming,English
773,Spring 2018,Game Project,English
774,Autumn 2019,Games & Culture,English
775,Spring 2026,Games User Research,English
776,Spring 2022,Geospatial Data Science,English
777,Spring 2026,Geospatial Data Science,English
778,Spring 2023,Geospatial Data Science,English
779,Spring 2024,Geospatial Data Science,English
780,Spring 2025,Geospatial Data Science,English
781,Autumn 2013,Global IT,English
782,Autumn 2014,Global IT I,English
783,Autumn 2025,Global Project Management,English
784,Spring 2014,Global Project Management,English
785,Spring 2015,Global Project Management,English
786,Spring 2016,Global Project Management,English
787,Spring 2017,Global Project Management,English
788,Spring 2018,Global Project Management,English
789,Spring 2019,Global Project Management,English
790,Spring 2020,Global Project Management,English
791,Spring 2021,Global Project Management,English
792,Spring 2022,Global Project Management,English
793,Spring 2023,Global Project Management,English
794,Spring 2024,Global Project Management,English
795,Spring 2025,Global Project Management - extraordinary exam,English
796,Autumn 2013,Global Software Development,English
797,Autumn 2013,Global Software Development 2,English
798,Autumn 2019,Global it,Danish
799,Autumn 2015,Global it,English
800,Autumn 2016,Global it,English
801,Autumn 2017,Global it,English
802,Autumn 2018,Global it,English
803,Autumn 2019,Global it,English
804,Spring 2019,Global it,English
805,Autumn 2019,Graphics Programming,English
806,Autumn 2023,High-Performance Game Programming,English
807,Autumn 2025,How to Build Data Systems,English
808,Autumn 2024,How to LearnIT,English
809,Spring 2020,How to Make (Almost) Anything (Summer University),English
810,Spring 2021,How to Make (Almost) Anything (Summer University),English
811,Spring 2022,How to Make (Almost) Anything (Summer University),English
812,Spring 2023,How to Make (Almost) Anything (Summer University),English
813,Spring 2024,How to Make (Almost) Anything (Summer University),English
814,Spring 2025,How to Make (Almost) Anything (Summer University),English
815,Spring 2026,How to Make (Almost) Anything (Summer University),English
816,Autumn 2024,How to Study - BDDIT,English
817,Autumn 2024,How to Study - BDS,English
818,Autumn 2024,How to Study - GBI,English
819,Autumn 2024,How to Study - SWU,English
820,Autumn 2017,How to make (almost) anything,English
821,Autumn 2018,How to make (almost) anything,English
822,Autumn 2019,How to make (almost) anything,English
823,Autumn 2019,IT Project and Portfolio Management,English
824,Spring 2020,IT and Business Process Modelling,English
825,Spring 2014,IT and Business Process Modelling,English
826,Spring 2015,IT and Business Process Modelling,English
827,Spring 2019,IT and Business Process Modelling,English
828,Spring 2021,IT and Business Process Modelling,English
829,Spring 2022,IT and Business Process Modelling,English
830,Spring 2023,IT and Green Transitions - extraordinary exam,English
831,Autumn 2022,IT and Green Transitions - BSc,English
832,Autumn 2023,IT and Green Transitions - BSc,English
833,Autumn 2024,IT and Green Transitions - BSc,English
834,Autumn 2025,IT and Green Transitions - BSc,English
835,Spring 2025,IT and Green Transitions - BSc - Extraordinary exam,English
836,Autumn 2022,IT and Green Transitions - MSc,English
837,Autumn 2023,IT and Green Transitions - MSc,English
838,Autumn 2024,IT and Green Transitions - MSc,English
839,Autumn 2025,IT and Green Transitions - MSc,English
840,Spring 2025,IT and Green Transitions - MSc - Extraordinary exam,English
841,Spring 2014,IT in Organizations - a Practice Approach,English
842,Spring 2021,IT og bæredygtighed,Danish
843,Spring 2021,IT og bæredygtighed,English
844,Autumn 2019,IT - Globalisation and Culture,English
845,Autumn 2024,IT - Globalisation and Culture,English
846,Autumn 2013,IT - Globalisation and Culture,English
847,Autumn 2014,IT - Globalisation and Culture,English
848,Autumn 2015,IT - Globalisation and Culture,English
849,Autumn 2016,IT - Globalisation and Culture,English
850,Autumn 2017,IT - Globalisation and Culture,English
851,Autumn 2018,IT - Globalisation and Culture,English
852,Autumn 2020,IT - Globalisation and Culture,English
853,Autumn 2021,IT - Globalisation and Culture,English
854,Autumn 2022,IT - Globalisation and Culture,English
855,Autumn 2023,IT - Globalisation and Culture,English
856,Autumn 2025,IT - Globalisation and Culture,English
857,Autumn 2019,IT-Enabled Supply Chain Management,English
858,Autumn 2016,IT-Enabled Supply Chain Management,English
859,Autumn 2017,IT-Enabled Supply Chain Management,English
860,Autumn 2018,IT-Enabled Supply Chain Management,English
861,Autumn 2020,IT-Enabled Supply Chain Management,English
862,Autumn 2021,IT-Enabled Supply Chain Management,English
863,Autumn 2022,IT-Enabled Supply Chain Management,English
864,Autumn 2023,IT-Enabled Supply Chain Management,English
865,Autumn 2024,IT-Enabled Supply Chain Management,English
866,Autumn 2025,IT-Enabled Supply Chain Management,English
867,Autumn 2015,IT-Enabled Supply Change Management,English
868,Autumn 2014,IT-Mediated & Networked Practices,English
869,Autumn 2014,IT-Mediated & Networked Practices with Specialisation Project,English
870,Spring 2015,IT-enabled Process Improvement,English
871,Autumn 2019,IT-ledelse og IT-organisationens rolle,Danish
872,Autumn 2014,IT-ledelse og IT-organisationens rolle,English
873,Autumn 2015,IT-ledelse og IT-organisationens rolle,English
874,Autumn 2016,IT-ledelse og IT-organisationens rolle,English
875,Autumn 2017,IT-ledelse og IT-organisationens rolle,English
876,Autumn 2018,IT-ledelse og IT-organisationens rolle,English
877,Autumn 2019,IT-ledelse og IT-organisationens rolle,English
878,Autumn 2019,IT-ledelsesfagets metoder og kommunikation,Danish
879,Autumn 2015,IT-ledelsesfagets metoder og kommunikation,Danish
880,Autumn 2016,IT-ledelsesfagets metoder og kommunikation,Danish
881,Autumn 2017,IT-ledelsesfagets metoder og kommunikation,Danish
882,Autumn 2018,IT-ledelsesfagets metoder og kommunikation,Danish
883,Spring 2016,IT-ledelsesfagets metoder og kommunikation,Danish
884,Autumn 2020,ITU Course Template,Danish
885,Autumn 2020,ITU Final Master Project Template,Danish
886,Autumn 2020,ITU GDPR,Danish
887,Autumn 2020,ITU Project Template NY,Danish
888,Autumn 2020,ITU Thesis Template NY,Danish
889,Autumn 2020,Industrial Scrum Master Training (Spring 2019) - MERGED with BSANSSG1KU,Danish
890,Spring 2020,Industrial Scrum Master Training,Danish
891,Spring 2021,Industrial Scrum Master Training,Danish
892,Spring 2022,Industrial Scrum Master Training,Danish
893,Spring 2023,Industrial Scrum Master Training,Danish
894,Spring 2024,Industrial Scrum Master Training,Danish
895,Spring 2025,Industrial Scrum Master Training,Danish
896,Spring 2026,Industrial Scrum Master Training,Danish
897,Spring 2018,Industrial Software Engineering,Danish
898,Autumn 2019,Industry Projects,Danish
899,Autumn 2017,Innnovation & entrepreneurship - local basis - global business,Danish
900,Autumn 2018,Innnovation & entrepreneurship - local basis - global business,Danish
901,Autumn 2019,Innnovation & entrepreneurship - local basis - global business,Danish
902,Spring 2019,Innnovation & entrepreneurship - local basis - global business,Danish
903,Autumn 2016,Innovation & entrepreneurship - local basis - global business,Danish
904,Autumn 2013,Innovation and Concept Development,Danish
905,Spring 2014,Innovation and Concept Development,Danish
906,Spring 2014,Innovation and Entrepreneurship,Danish
907,Autumn 2013,Innovation and Technology in Society,Danish
908,Autumn 2014,Innovation and Technology in Society,Danish
909,Autumn 2015,Innovation and Technology in Society,Danish
910,Autumn 2016,Innovation and Technology in Society,Danish
911,Spring 2014,Innovation and Technology in Society,Danish
912,Autumn 2020,Interaction Design: Concepts and Perspectives,English
913,Autumn 2019,Interaktionsdesign: Kernebegreber og perspektiver,Danish
914,Autumn 2021,Interaktionsdesign: Kernebegreber og perspektiver,Danish
915,Autumn 2022,Interaktionsdesign: Kernebegreber og perspektiver,Danish
916,Autumn 2023,Interaktionsdesign: Kernebegreber og perspektiver,Danish
917,Autumn 2024,Interaktionsdesign: Kernebegreber og perspektiver,Danish
918,Autumn 2014,Interaktionsdesign: genrer og kontekster,Danish
919,Autumn 2015,Interaktionsdesign: genrer og kontekster,Danish
920,Autumn 2016,Interaktionsdesign: genrer og kontekster,Danish
921,Autumn 2017,Interaktionsdesign: genrer og kontekster,Danish
922,Spring 2017,Interfacedesign og æstetik,Danish
923,Spring 2019,Internet of Things,Danish
924,Spring 2020,Internet of Things,Danish
925,Spring 2021,Internet of Things,Danish
926,Spring 2022,Internet of Things,Danish
927,Spring 2023,Internet of Things,Danish
928,Spring 2024,Internet of Things,Danish
929,Spring 2025,Internet of Things,Danish
930,Spring 2026,Internet of Things,Danish
931,Autumn 2019,Introducerende akademisk projekt,Danish
932,Autumn 2016,Introducerende akademisk projekt - Kvalifikationsforløb til master,Danish
933,Autumn 2017,Introducerende akademisk projekt - Kvalifikationsforløb til master,Danish
934,Autumn 2018,Introducerende akademisk projekt - Kvalifikationsforløb til master,Danish
935,Spring 2016,Introducerende akademisk projekt - Kvalifikationsforløb til master,Danish
936,Spring 2020,Introduction to Artificial Intelligence - BSc,English
937,Spring 2020,Introduction to Artificial Intelligence - BSc,Danish
938,Spring 2021,Introduction to Artificial Intelligence - BSc,Danish
939,Spring 2022,Introduction to Artificial Intelligence - BSc,Danish
940,Spring 2020,Introduction to Artificial Intelligence - MSc,English
941,Spring 2021,Introduction to Artificial Intelligence - MSc,English
942,Spring 2022,Introduction to Artificial Intelligence - MSc,English
943,Spring 2023,Introduction to Artificial Intelligence - MSc,English
944,Spring 2024,Introduction to Artificial Intelligence - MSc,English
945,Spring 2025,Introduction to Artificial Intelligence - MSc,English
946,Spring 2026,Introduction to Artificial Intelligence - MSc,English
947,Spring 2023,Introduction to Constructive Alignment,English
948,Spring 2017,Introduction to Data Science,English
949,Autumn 2019,Introduction to Data Science and Programming,English
950,Autumn 2017,Introduction to Data Science and Programming,English
951,Autumn 2018,Introduction to Data Science and Programming,English
952,Autumn 2020,Introduction to Data Science and Programming,English
953,Autumn 2021,Introduction to Data Science and Programming,English
954,Autumn 2022,Introduction to Data Science and Programming,English
955,Autumn 2023,Introduction to Data Science and Programming,English
956,Autumn 2024,Introduction to Data Science and Programming,English
957,Autumn 2025,Introduction to Data Science and Programming,English
958,Autumn 2013,Introduction to Database Design,English
959,Autumn 2014,Introduction to Database Design,English
960,Autumn 2015,Introduction to Database Design,English
961,Spring 2014,Introduction to Database Design,English
962,Spring 2015,Introduction to Database Design,English
963,Spring 2016,Introduction to Database Design,English
964,Autumn 2018,Introduction to Database Design - BSc/MSc,English
965,Spring 2019,Introduction to Database Design - SWU - SD - SDT,English
966,Autumn 2020,Introduction to Database Systems - DS,English
967,Autumn 2020,Introduction to Database Systems - MSc SD,English
968,Spring 2023,Introduction to Database Systems - MSc SD,English
969,Autumn 2021,Introduction to Database Systems - MSc SD,English
970,Autumn 2022,Introduction to Database Systems - MSc SD,English
971,Autumn 2023,Introduction to Database Systems - MSc SD,English
972,Autumn 2025,Introduction to Database Systems - MSc SD,English
973,Spring 2021,Introduction to Database Systems - MSc SD,English
974,Spring 2022,Introduction to Database Systems - MSc SD,English
975,Spring 2024,Introduction to Database Systems - MSc SD,English
976,Spring 2025,Introduction to Database Systems - MSc SD,English
977,Spring 2026,Introduction to Database Systems - MSc SD,English
978,Autumn 2020,Introduction to Database Systems - SWU,English
979,Autumn 2021,Introduction to Database Systems - SWU,English
980,Autumn 2022,Introduction to Database Systems - SWU,English
981,Autumn 2023,Introduction to Database Systems - SWU,English
982,Autumn 2025,Introduction to Database Systems - SWU,English
983,Spring 2021,Introduction to Database Systems - SWU,English
984,Spring 2022,Introduction to Database Systems - SWU,English
985,Spring 2023,Introduction to Database Systems - SWU,English
986,Spring 2024,Introduction to Database Systems - SWU,English
987,Spring 2025,Introduction to Database Systems - SWU,English
988,Spring 2026,Introduction to Database Systems - SWU,English
989,Spring 2014,Introduction to Graphics and Image Analysis,English
990,Spring 2015,Introduction to Graphics and Image Analysis,English
991,Spring 2016,Introduction to Graphics and Image Analysis,English
992,Spring 2019,Introduction to Image Analysis and Machine Learning - BSc - MSc,English
993,Spring 2020,Introduction to Image Analysis and Machine Learning - BSc,English
994,Spring 2017,Introduction to Image Analysis and Machine Learning - BSc,English
995,Spring 2018,Introduction to Image Analysis and Machine Learning - BSc,English
996,Spring 2020,Introduction to Image Analysis and Machine Learning - BSc (Spring 2019) - MERGED with KSIIAML1KU,English
997,Spring 2021,Introduction to Image Analysis and Machine Learning - BSc,English
998,Spring 2022,Introduction to Image Analysis and Machine Learning - BSc,English
999,Spring 2017,Introduction to Image Analysis and Machine Learning - MSc,English
1000,Spring 2021,Introduction to LearnIt - test course,English
1001,Spring 2020,Introduction to Machine Learning,English
1002,Autumn 2022,Introduction to Machine Learning,English
1003,Autumn 2023,Introduction to Machine Learning,English
1004,Autumn 2024,Introduction to Machine Learning,English
1005,Autumn 2025,Introduction to Machine Learning,English
1006,Spring 2021,Introduction to Machine Learning,English
1007,Spring 2022,Introduction to Machine Learning,English
1008,Autumn 2019,Introduction to Programming,
1009,Autumn 2018,Introduction to Programming,English
1010,Spring 2020,Introduction to Programming (Autumn 2018) - MERGED with BBINPRO1KU-1,English
1011,Autumn 2019,Introduction to Programming,English
1012,Autumn 2020,Introduction to Programming,English
1013,Autumn 2021,Introduction to Programming,English
1014,Autumn 2020,Introduction to Programming - MSc,
1015,Autumn 2021,Introduction to Programming - MSc,
1016,Autumn 2022,Introduction to Programming - MSc,
1017,Autumn 2023,Introduction to Programming - MSc,
1018,Autumn 2024,Introduction to Programming - MSc,
1019,Autumn 2025,Introduction to Programming - MSc,
1020,Autumn 2025,Introduction to Security,English
1021,Autumn 2025,Introduction to Security,
1022,Autumn 2026,Introduction to Security - MSc,English
1023,Spring 2015,Introduction to Service Design (1. del af specialisering),
1024,Autumn 2013,Introduction to Service Design,
1025,Spring 2014,Introduction to Service Design,
1026,Spring 2016,Introduction to Service Design,
1027,Spring 2017,Introduction to Service Design,
1028,Spring 2018,Introduction to Service Design,
1029,Spring 2019,Introduction to Service Design,
1030,Spring 2020,Introduction to Service Design,
1031,Spring 2021,Introduction to Service Design,
1032,Spring 2022,Introduction to Service Design,
1033,Spring 2023,Introduction to Service Design,
1034,Spring 2024,Introduction to Service Design and Management,English
1035,Spring 2024,Introduction to Service Design and Management,
1036,Spring 2025,Introduction to Service Design and Management,
1037,Introduction to Teaching and Learning Semester,Introduction to Teaching at ITU,
1038,Introduction to Teaching and Learning Semester,Introduction to the new video platform,
1039,Autumn 2013,Introductory 3D,
1040,Autumn 2014,Introductory 3D,
1041,Spring 2014,Introductory 3D,
1042,Spring 2015,Introductory 3D,
1043,Autumn 2019,Introductory Programming,
1044,Autumn 2013,Introductory Programming,
1045,Autumn 2014,Introductory Programming,
1046,Autumn 2015,Introductory Programming,
1047,Autumn 2016,Introductory Programming,
1048,Autumn 2017,Introductory Programming,
1049,Autumn 2018,Introductory Programming,
1050,Autumn 2020,Introductory Programming,
1051,Autumn 2021,Introductory Programming,
1052,Autumn 2022,Introductory Programming,
1053,Autumn 2023,Introductory Programming,
1054,Autumn 2024,Introductory Programming,
1055,Autumn 2025,Introductory Programming,
1056,Spring 2014,Introductory Programming,
1057,Spring 2015,Introductory Programming,
1058,Autumn 2014,Introduktion til interaktionsdesign - teori og metode,
1059,Autumn 2023,It-projektledelse og porteføljestyring,Danish
1060,Autumn 2023,It-projektledelse og porteføljestyring,
1061,Autumn 2024,It-projektledelse og porteføljestyring,
1062,Autumn 2025,It-projektledelse og porteføljestyring,
1063,Autumn 2015,It-projektledelse og programstyring,
1064,Autumn 2020,Jorden rundt på 4 dage - digital transformation i et globalt perspektiv,Danish
1065,Autumn 2021,Jorden rundt på 4 dage - digital transformation i et globalt perspektiv,Danish
1066,Autumn 2022,Jorden rundt på 4 dage - digital transformation i et globalt perspektiv,Danish
1067,Autumn 2023,Jorden rundt på 4 dage - digital transformation i et globalt perspektiv,Danish
1068,Autumn 2024,Jorden rundt på 4 dage – kunstig intelligens og digital transformation i et globalt perspektiv,Danish
1069,Autumn 2020,KDDIT Thesis Prep Seminar,Danish
1070,Autumn 2021,KDDIT Thesis Prep Seminar,Danish
1071,Autumn 2022,KDDIT Thesis Prep Seminar,Danish
1072,Spring 2020,KDDIT Thesis Prep Seminar,Danish
1073,Spring 2021,KDDIT Thesis Prep Seminar,Danish
1074,Spring 2022,KDDIT Thesis Prep Seminar,Danish
1075,Autumn 2020,Konceptudvikling med virksomheder,Danish
1076,Autumn 2021,Konceptudvikling med virksomheder,Danish
1077,Autumn 2024,Kvalitative Studier: Hverdagsliv med teknologier,Danish
1078,Autumn 2025,Kvalitative Studier: Hverdagsliv med teknologier,Danish
1079,Autumn 2019,Kvalitative forskningsmetoder og akademisk formidling,Danish
1080,Autumn 2015,Kvalitative forskningsmetoder og akademisk formidling,Danish
1081,Autumn 2016,Kvalitative forskningsmetoder og akademisk formidling,Danish
1082,Autumn 2017,Kvalitative forskningsmetoder og akademisk formidling,Danish
1083,Autumn 2018,Kvalitative forskningsmetoder og akademisk formidling,Danish
1084,Autumn 2020,Kvalitative forskningsmetoder og akademisk formidling,Danish
1085,Autumn 2021,Kvalitative forskningsmetoder og akademisk formidling,Danish
1086,Autumn 2022,Kvalitative forskningsmetoder og akademisk formidling,Danish
1087,Autumn 2023,Kvalitative forskningsmetoder og akademisk formidling,Danish
1088,Autumn 2024,Kvalitative forskningsmetoder og akademisk formidling,Danish
1089,Autumn 2025,Kvalitative forskningsmetoder og akademisk formidling,Danish
1090,Autumn 2025,Kvantitative metoder og undersøgelser,Danish
1091,Autumn 2022,LS Diplomas,Danish
1092,Autumn 2022,LS teachIT template,Danish
1093,Autumn 2022,LTS - Learning Technology Seminar,Danish
1094,Spring 2019,Large Scale Data Analysis,Danish
1095,Spring 2020,Large Scale Data Analysis,Danish
1096,Autumn 2019,Leadership and Strategies for the Blockchain Economy,English
1097,Spring 2021,LeanIT for Online Teaching (TA webinar),English
1098,Spring 2021,Learn GenaAI (AAU material)_cazh testkursus,English
1099,Spring 2021,LearnIT Help for Teachers,English
1100,Spring 2021,Learning Technology Basics 2015 TDP module,English
1101,Spring 2021,Learning Technology Basics A2016,English
1102,Spring 2021,Learning Technology Course,English
1103,Spring 2021,Learning Technology Course Playground,English
1104,Spring 2021,Learning Technology Seminar (A2022),English
1105,Spring 2021,Learning Technology Seminar (TDP) A2019,English
1106,Spring 2021,Learning Technology Seminar A2017,English
1107,Spring 2021,Learning Technology Seminar A2018,English
1108,Spring 2021,Learning Technology Seminar A2020,English
1109,Spring 2021,Learning Technology Seminar S2019,English
1110,Spring 2021,Learning Technology Seminar S2020,English
1111,Autumn 2013,Learning and IT,English
1112,Spring 2014,Learning and IT,English
1113,Spring 2022,Ledelse af digital transformation,Danish
1114,Spring 2022,Ledelse af digital transformation,English
1115,Spring 2023,Ledelse af digital transformation,English
1116,Spring 2024,Ledelse af digital transformation,English
1117,Autumn 2019,Ledelse af kreative projekter,Danish
1118,Autumn 2019,Ledelse af kreative projekter,English
1119,Autumn 2020,Ledelse af kreative projekter,English
1120,Autumn 2021,Ledelse af kreative projekter,English
1121,Spring 2021,Ledelse af kreative projekter (Summer University),Danish
1122,Spring 2021,Ledelse af kreative projekter (Summer University),English
1123,Spring 2022,Ledelse af kreative projekter (Summer University),English
1124,Spring 2023,Ledelse af kreative projekter (Summer University),English
1125,Spring 2024,Ledelse af kreative projekter (Summer University),English
1126,Spring 2026,Legende design,Danish
1127,Autumn 2019,Linear Algebra and Optimisation,English
1128,Autumn 2018,Linear Algebra and Optimisation,Danish
1129,Autumn 2019,Linear Algebra and Optimisation,Danish
1130,Autumn 2020,Linear Algebra and Optimisation,Danish
1131,Autumn 2021,Linear Algebra and Optimisation,Danish
1132,Autumn 2022,Linear Algebra and Optimisation,Danish
1133,Autumn 2023,Linear Algebra and Optimisation,Danish
1134,Autumn 2024,Linear Algebra and Optimisation,Danish
1135,Autumn 2025,Linear Algebra and Optimisation,Danish
1136,Spring 2018,Linear Algebra and Optimisation,Danish
1137,Spring 2019,Linear Algebra and Probability,Danish
1138,Spring 2020,Linear Algebra and Probability,Danish
1139,Spring 2021,Linear Algebra and Probability,Danish
1140,Spring 2022,Linear Algebra and Probability,Danish
1141,Spring 2023,Linear Algebra and Probability,Danish
1142,Spring 2024,Linear Algebra and Probability,Danish
1143,Spring 2025,Linear Algebra and Probability,Danish
1144,Spring 2026,Linear Algebra and Probability,Danish
1145,Spring 2017,Locative Media,Danish
1146,Spring 2018,Locative Media,Danish
1147,Spring 2019,Locative Media,Danish
1148,Autumn 2023,Lorem - kopieret testkursus - joje,Danish
1149,Autumn 2024,Lorem - kopieret testkursus - joje,Danish
1150,Spring 2025,MSc Thesis Preparation (DIM 2017),Danish
1151,Autumn 2019,Machine Learning,English
1152,Autumn 2021,Machine Learning,English
1153,Autumn 2018,Machine Learning,English
1154,Autumn 2020,Machine Learning,English
1155,Autumn 2022,Machine Learning,English
1156,Autumn 2023,Machine Learning,English
1157,Autumn 2024,Machine Learning,English
1158,Autumn 2025,Machine Learning,English
1159,Autumn 2019,Making Games,English
1160,Autumn 2018,Making Games,English
1161,Autumn 2020,Making Games,English
1162,Autumn 2021,Making Games,English
1163,Autumn 2022,Making Games,English
1164,Autumn 2023,Making Games,English
1165,Autumn 2024,Making Games,English
1166,Autumn 2025,Making Games,English
1167,Spring 2026,Making Sense of Service Systems,English
1168,Spring 2025,Management of Digital Transformation,English
1169,Spring 2026,Management of Digital Transformation,English
1170,Autumn 2024,Managing Business Analytics and Data-Driven Decision-Making,English
1171,Autumn 2025,Managing Business Analytics and Data-Driven Decision-Making,English
1172,Spring 2023,Managing Digital Transformation,English
1173,Spring 2024,Managing Risk in IT and Cybersecurity - BSc (Summer University),English
1174,Spring 2024,Managing Risk in IT and Cybersecurity - MSc. (Summer University),English
1175,Autumn 2026,Managing Service Strategy and Innovation,English
1176,Autumn 2019,Managing Sustainability,English
1177,Autumn 2020,Methodology and Communication in IT Management,English
1178,Spring 2020,Mobile App Development - BSc,English
1179,Autumn 2019,Mobile and Distributed Systems - BSc,English
1180,Autumn 2019,Mobile and Distributed Systems - MSc,English
1181,Spring 2021,Modelling Systems and Languages,
1182,Spring 2019,Modelling Systems and Languages,
1183,Spring 2020,Modelling Systems and Languages,
1184,Spring 2022,Modelling Systems and Languages,
1185,Spring 2023,Modelling Systems and Languages,
1186,Spring 2024,Modelling Systems and Languages,
1187,Spring 2025,Modelling Systems and Languages,
1188,Spring 2026,Modelling Systems and Languages,
1189,Autumn 2013,Modern AI for Games,
1190,Autumn 2014,Modern AI for Games,
1191,Autumn 2015,Modern AI for Games,
1192,Autumn 2016,Modern AI for Games,
1193,Autumn 2017,Modern AI for Games,
1194,Autumn 2019,Modern Artificial Intelligence,English
1195,Autumn 2018,Modern Artificial Intelligence,
1196,Autumn 2019,Modern Artificial Intelligence,
1197,Autumn 2020,Modern Artificial Intelligence,
1198,Autumn 2021,Modern Artificial Intelligence,
1199,Spring 2021,My course,
1200,Autumn 2024,NOT IN USE - Distributed Systems MSc,
1201,Spring 2021,NOT IN USE - ITU Project Template,
1202,Spring 2021,NOT IN USE - ITU Thesis Template,
1203,Autumn 2024,NOT IN USE - Introduction to Database Systems - DS,
1204,Autumn 2024,NOT IN USE - Introduction to Database Systems - MSc SD,
1205,Autumn 2024,NOT IN USE - Operating Systems and C - MSc SD,
1206,Autumn 2025,Navigating Complexity: Mapping - Analyzing and Decision-Making,English
1207,Autumn 2025,Navigating Complexity: Mapping - Analyzing and Decision-Making,
1208,Autumn 2019,Navigating Complexity: Mapping - Visualisation and Decision-making,English
1209,Autumn 2018,Navigating Complexity: Mapping - Visualisation and Decision-making,
1210,Autumn 2019,Navigating Complexity: Mapping - Visualisation and Decision-making,
1211,Autumn 2020,Navigating Complexity: Mapping - Visualisation and Decision-making,
1212,Autumn 2021,Navigating Complexity: Mapping - Visualisation and Decision-making,
1213,Autumn 2022,Navigating Complexity: Mapping - Visualisation and Decision-making,
1214,Autumn 2023,Navigating Complexity: Mapping - Visualisation and Decision-making,
1215,Autumn 2024,Navigating Complexity: Mapping - Visualisation and Decision-making,
1216,Autumn 2019,Network Analysis,English
1217,Autumn 2018,Network Analysis,
1218,Autumn 2019,Network Analysis,
1219,Autumn 2020,Network Analysis,
1220,Autumn 2021,Network Analysis,
1221,Autumn 2022,Network Analysis,
1222,Autumn 2023,Network Analysis,
1223,Autumn 2024,Network Analysis,
1224,Autumn 2025,Network Analysis,
1225,Spring 2020,Network Society,English
1226,Autumn 2014,Network Society,
1227,Autumn 2019,Networked Media and Communication,English
1228,Autumn 2017,Networked Media and Communication,English
1229,Autumn 2018,Networked Media and Communication,English
1230,Autumn 2020,Networked Media and Communication,English
1231,Autumn 2021,Networked Media and Communication,English
1232,Autumn 2022,Networked Media and Communication,English
1233,Autumn 2023,Networked Media and Communication,English
1234,Autumn 2015,New LearnIT from 6 March 2021. Info for Course Managers and Teachers,English
1235,Autumn 2015,New LearnIT from 6 March 2021. Info for Students,English
1236,Autumn 2013,New Media and Communication,English
1237,Autumn 2014,New Media and Communication,English
1238,Autumn 2015,New Media and Communication,English
1239,Autumn 2016,New Media and Communication,English
1240,Autumn 2015,Not offered - Project: Service Design,English
1241,Autumn 2015,Not offered - Research Topics in Interaction Design,English
1242,Autumn 2015,Not offered - Social Media Usage,English
1243,Autumn 2015,Not offered - User Experience,English
1244,Autumn 2015,Not offered - User-centered Communication Design,English
1245,Autumn 2023,Nyt testkursus i E23,English
1246,Autumn 2013,Object Oriented Programming,English
1247,Autumn 2014,Object Oriented Programming,English
1248,Autumn 2015,Object Oriented Programming,English
1249,Autumn 2016,Object Oriented Programming,English
1250,Spring 2014,Object Oriented Programming,English
1251,Spring 2015,Object Oriented Programming,English
1252,Spring 2016,Object Oriented Programming,English
1253,Autumn 2015,Onboarding - Head Tutors,English
1254,Autumn 2015,Onboarding - Study & Career Guidance Team,English
1255,Autumn 2015,Onboarding - Tutors & Buddies_OLD,English
1256,Autumn 2019,Operating Systems and C,English
1257,Autumn 2013,Operating Systems and C,English
1258,Autumn 2018,Operating Systems and C,English
1259,Autumn 2020,Operating Systems and C,English
1260,Autumn 2021,Operating Systems and C,English
1261,Autumn 2022,Operating Systems and C,English
1262,Autumn 2023,Operating Systems and C,English
1263,Spring 2014,Operating Systems and C (Autumn 2024) MSc and BSc,English
1264,Autumn 2025,Operating Systems and C,English
1265,Autumn 2022,Operating Systems and C - MSc SD,English
1266,Autumn 2023,Operating Systems and C - MSc SD,English
1267,Autumn 2025,Operating Systems and C - MSc SD,English
1268,Autumn 2014,Operativsystemer og C,English
1269,Autumn 2015,Operativsystemer og C,English
1270,Autumn 2016,Operativsystemer og C,English
1271,Autumn 2017,Operativsystemer og C,English
1272,Autumn 2013,Organisation & Process Theory,English
1273,Autumn 2014,Organisation & Process Theory,English
1274,Autumn 2019,Organisation and Process Theory,English
1275,Autumn 2024,Organisation and Process Theory,English
1276,Autumn 2015,Organisation and Process Theory,English
1277,Autumn 2016,Organisation and Process Theory,English
1278,Autumn 2017,Organisation and Process Theory,English
1279,Autumn 2018,Organisation and Process Theory,English
1280,Autumn 2020,Organisation and Process Theory,English
1281,Autumn 2021,Organisation and Process Theory,English
1282,Autumn 2022,Organisation and Process Theory,English
1283,Autumn 2023,Organisation and Process Theory,English
1284,Spring 2022,Organisation og innovation,Danish
1285,Spring 2022,Organisation og innovation,English
1286,Spring 2023,Organisation og innovation,English
1287,Autumn 2025,Organisational Analysis,English
1288,Autumn 2019,Organisational Change,English
1289,Autumn 2020,Organisational Change,English
1290,Autumn 2021,Organisational Change,English
1291,Autumn 2022,Organisational Change,English
1292,Spring 2020,Organisational Change (Summer University),English
1293,Spring 2021,Organisational Change (Summer University),English
1294,Spring 2022,Organisational Change (Summer University),English
1295,Spring 2023,Organisational Change (Summer University),English
1296,Spring 2014,Organisations- og virksomhedsudvikling,English
1297,Spring 2024,Organisatorisk innovations- og forandringsledelse,Danish
1298,Spring 2024,Organisatorisk innovations- og forandringsledelse,English
1299,Spring 2025,Organisatorisk innovations- og forandringsledelse,English
1300,Spring 2026,Organisatorisk innovations- og forandringsledelse,English
1301,Autumn 2014,Organizing and Managing Process Innovation,English
1302,Autumn 2015,Organizing and Managing Process Innovation,English
1303,Autumn 2016,Organizing and Managing Process Innovation,English
1304,Autumn 2022,Perspectives on Games,English
1305,Autumn 2023,Perspectives on Games,English
1306,Spring 2015,Pervasive Computing,English
1307,Spring 2016,Pervasive Computing,English
1308,Spring 2014,Pervasive Computing (lectures),English
1309,Autumn 2013,Pervasive Computing (project),English
1310,Autumn 2014,Pervasive Computing (project),English
1311,Autumn 2015,Pervasive Computing Project,English
1312,Autumn 2016,Pervasive Computing Project,English
1313,Autumn 2017,Pervasive Computing Project,English
1314,Autumn 2018,Pervasive Computing Project,English
1315,Autumn 2019,Pervasive Computing Project,English
1316,Spring 2017,Pervasive Computing - MSc,English
1317,Spring 2018,Pervasive Computing - MSc,English
1318,Spring 2026,Philosophy of Design and Ethics,English
1319,Spring 2014,Philosophy of Science,English
1320,Spring 2015,Philosophy of Science and Technology (DMD),English
1321,Spring 2015,Philosophy of Science and Technology (GBI),English
1322,Spring 2014,Philosophy of Science and Technology,English
1323,Spring 2016,Philosophy of Science and Technology,English
1324,Spring 2017,Philosophy of Science and Technology,English
1325,Spring 2018,Philosophy of Science and Technology - DMD,English
1326,Spring 2019,Philosophy of Science and Technology - DMD,English
1327,Autumn 2019,Philosophy of Science and Technology - DMD/B-DDIT,English
1328,Autumn 2020,Philosophy of Science and Technology - DMD/B-DDIT,English
1329,Autumn 2021,Philosophy of Science and Technology - DMD/B-DDIT,English
1330,Autumn 2022,Philosophy of Science and Technology - DMD/B-DDIT,English
1331,Autumn 2023,Philosophy of Science and Technology - DMD/B-DDIT,English
1332,Spring 2025,Physical Computing – Theory and Practice,English
1333,Spring 2026,Physical Computing - teori og praksis,Danish
1334,Autumn 2019,Play Lab,English
1335,Autumn 2018,Play Lab,English
1336,Autumn 2020,Play Lab,English
1337,Autumn 2021,Play Lab,English
1338,Autumn 2022,Play Lab,English
1339,Autumn 2023,Play Lab,English
1340,Autumn 2024,Play Lab,English
1341,Autumn 2025,Play Lab,English
1342,Spring 2019,Playable Media,English
1343,Spring 2020,Playable Media,English
1344,Spring 2021,Playable Media,English
1345,Spring 2022,Playable Media,English
1346,Spring 2023,Playable Media,English
1347,Spring 2024,Playable Media,English
1348,Spring 2025,Playable Media,English
1349,Spring 2026,Playable Media,English
1350,Spring 2014,Playful Design,English
1351,Spring 2017,Politisk kommunikation,English
1352,Spring 2014,Practical & Strategic Communication,English
1353,Autumn 2014,Practical Concurrent and Parallel Programming,English
1354,Autumn 2015,Practical Concurrent and Parallel Programming,English
1355,Autumn 2016,Practical Concurrent and Parallel Programming,English
1356,Autumn 2017,Practical Concurrent and Parallel Programming,English
1357,Autumn 2018,Practical Concurrent and Parallel Programming - CS/SDT,English
1358,Autumn 2019,Practical Concurrent and Parallel Programming - MSc CS,
1359,Autumn 2025,Practical Concurrent and Parallel Programming - MSc CS,
1360,Autumn 2025,Practical Concurrent and Parallel Programming - MSc CS (Autumn 2018) - MERGED with KSPRCPP1KU,
1361,Autumn 2020,Practical Concurrent and Parallel Programming - MSc CS,
1362,Autumn 2021,Practical Concurrent and Parallel Programming - MSc CS,
1363,Autumn 2022,Practical Concurrent and Parallel Programming - MSc CS,
1364,Autumn 2023,Practical Concurrent and Parallel Programming - MSc CS,
1365,Autumn 2024,Practical Concurrent and Parallel Programming - MSc CS,
1366,Autumn 2025,Practical Software Analysis,English
1367,Autumn 2025,Practical Software Analysis,
1368,Autumn 2025,PractiseIT A2018,
1369,Autumn 2025,PractiseIT A23,
1370,Autumn 2013,Presentation and Investigation,
1371,Spring 2020,Probabilistic Programming,English
1372,Spring 2020,Probabilistic Programming,
1373,Spring 2021,Probabilistic Programming,
1374,Spring 2022,Probabilistic Programming,
1375,Spring 2024,Probabilistic Programming,
1376,Spring 2025,Probabilistic Programming,
1377,Spring 2026,Probabilistic Programming,
1378,Spring 2025,Probabilistic Programming - BDS,English
1379,Spring 2025,Probabilistic Programming - BDS,
1380,Spring 2026,Probabilistic Programming - BDS,
1381,Spring 2026,Procedural Content Generation for Games,English
1382,Spring 2026,Procedural Content Generation for Games,
1383,Autumn 2013,Procedural Content Generation in Games,
1384,Autumn 2014,Procedural Content Generation in Games,
1385,Autumn 2015,Procedural Content Generation in Games,
1386,Autumn 2016,Procedural Content Generation in Games,
1387,Spring 2026,Process Innovation,English
1388,Autumn 2017,Process Innovation,English
1389,Autumn 2018,Process Innovation,English
1390,Autumn 2019,Process Innovation,English
1391,Spring 2019,Process Innovation,English
1392,Spring 2020,Process Innovation,English
1393,Spring 2021,Process Innovation,English
1394,Spring 2022,Process Innovation,English
1395,Spring 2023,Process Innovation,English
1396,Spring 2024,Process Innovation,English
1397,Spring 2025,Process Innovation,English
1398,Spring 2026,Process Innovation - extraordinary exam (autumn 2021),English
1399,Spring 2022,Program Verification - BSc,English
1400,Spring 2023,Program Verification - BSc,English
1401,Spring 2024,Program Verification - BSc,English
1402,Spring 2025,Program Verification - BSc,English
1403,Spring 2026,Program Verification - BSc,English
1404,Spring 2022,Program Verification - MSc,English
1405,Spring 2023,Program Verification - MSc,English
1406,Spring 2024,Program Verification - MSc,English
1407,Spring 2025,Program Verification - MSc,English
1408,Spring 2026,Program Verification - MSc,English
1409,Autumn 2019,Programmer som data,Danish
1410,Autumn 2014,Programmer som data,English
1411,Autumn 2015,Programmer som data,English
1412,Autumn 2016,Programmer som data,English
1413,Autumn 2017,Programmer som data,English
1414,Autumn 2018,Programmer som data,English
1415,Autumn 2024,Programming Experimental Interactions,
1416,Autumn 2020,Programming Mobile Applications,English
1417,Spring 2021,Programming and Data Processing,
1418,Spring 2026,Programming and Data Processing,
1419,Spring 2022,Programming and Data Processing,
1420,Spring 2023,Programming and Data Processing,
1421,Spring 2024,Programming and Data Processing,
1422,Spring 2025,Programming and Data Processing,
1423,Autumn 2019,Programming for Designers,
1424,Autumn 2017,Programming for Designers,
1425,Autumn 2018,Programming for Designers,
1426,Autumn 2020,Programming for Designers,
1427,Autumn 2021,Programming for Designers,
1428,Autumn 2022,Programming for Designers,
1429,Autumn 2023,Programming for Designers,
1430,Autumn 2024,Programming for Designers,
1431,Autumn 2025,Programming for Designers,
1432,Spring 2014,Programming for Game Designers,
1433,Spring 2015,Programming for Game Designers,
1434,Spring 2016,Programming for Game Designers,
1435,Spring 2017,Programming for Game Designers,
1436,Autumn 2013,Programs as Data,
1437,Spring 2026,Project & Thesis Supervision (TDP) S2021,
1438,Spring 2026,Project & Thesis Supervision Course S2019,
1439,Spring 2014,Project Cluster. B.Sc. Project,
1440,Spring 2014,Project Cluster. B.Sc. Project - GBI,
1441,Spring 2014,Project Cluster: Bachelor's Project,
1442,Spring 2014,Project Cluster: Concept Development with Industry,
1443,Autumn 2013,Project Cluster: IT Leadership and Management,
1444,Spring 2014,Project Cluster: IT Leadership and Management,
1445,Autumn 2013,Project Cluster: Introductory Academic Project,
1446,Spring 2014,Project Cluster: Introductory Academic Project,
1447,Autumn 2013,Project Work and Communication I,
1448,Autumn 2013,Project Work and Communication II,
1449,Spring 2026,Project and Thesis Supervision Course,
1450,Spring 2026,Project and Thesis Supervision Course (TDP) A2022,
1451,Spring 2026,Project and Thesis Supervision Course S2023,
1452,Spring 2026,Project and thesis supervision A2019,
1453,Spring 2026,Project and thesis supervision A2020,
1454,Spring 2026,Project and thesis supervision S2020,
1455,Spring 2026,Project and thesis supervision course (TDP) A2021,
1456,Spring 2024,Projects in Data Science,English
1457,Spring 2025,Projects in Data Science,English
1458,Spring 2026,Projects in Data Science,English
1459,Autumn 2019,Projektarbejde og kommunikation,Danish
1460,Autumn 2015,Projektarbejde og kommunikation,English
1461,Autumn 2016,Projektarbejde og kommunikation,English
1462,Autumn 2017,Projektarbejde og kommunikation,English
1463,Programme Access course Project and thesis supervision course A2017 Semester,Projektarbejde og kommunikation (Autumn 2018) - MERGED with 1407003U-1,English
1464,Autumn 2019,Projektarbejde og kommunikation,English
1465,Autumn 2020,Projektarbejde og kommunikation,English
1466,Autumn 2021,Projektarbejde og kommunikation,English
1467,Autumn 2022,Projektarbejde og kommunikation,English
1468,Autumn 2023,Projektarbejde og kommunikation,English
1469,Autumn 2024,Projektarbejde og kommunikation,English
1470,Autumn 2025,Projektarbejde og kommunikation,English
1471,Autumn 2018,Projektarbejde og kommunikation 1+2,English
1472,Autumn 2014,Projektarbejde og kommunikation I,English
1473,Autumn 2014,Projektarbejde og kommunikation II,English
1474,Autumn 2014,Projektklynge om IT-ledelse,English
1475,Spring 2014,Projektklynge: Innovative Forretningsmodeller med Mobile Enheder - F2014,English
1476,Autumn 2014,Projektklynge: Introducerende akademisk projekt,English
1477,Spring 2015,Projektklynge: Introducerende akademisk projekt,English
1478,Autumn 2019,Prototyping af interaktive teknologier,Danish
1479,Autumn 2018,Prototyping af interaktive teknologier,English
1480,Autumn 2019,Prototyping af interaktive teknologier,English
1481,Spring 2020,Psychology of Play and Games,English
1482,Spring 2021,Psychology of Play and Games,English
1483,Spring 2022,Psychology of Play and Games,English
1484,Spring 2023,Psychology of Play and Games,English
1485,Spring 2024,Psychology of Play and Games,English
1486,Spring 2025,Psychology of Play and Games,English
1487,Spring 2026,Psychology of Play and Games,English
1488,Autumn 2018,Qualification Seminar Programming,English
1489,Spring 2020,Qualification Seminar Programming (Summer 2018),English
1490,Spring 2020,Qualification Seminar Programming (Summer 2019),English
1491,Autumn 2018,Qualification Seminar Qualitative Methods,English
1492,Spring 2020,Qualification Seminar Qualitative Methods (Summer 2018),English
1493,Spring 2020,Qualification Seminar Qualitative Methods (Summer 2019),English
1494,Spring 2014,Qualitative Methods,English
1495,Spring 2015,Qualitative Methods,English
1496,Spring 2016,Qualitative Methods,English
1497,Spring 2017,Qualitative Methods,English
1498,Spring 2025,Qualitative Methods and Reflections,English
1499,Spring 2026,Qualitative Methods and Reflections,English
1500,Spring 2026,Quantitative Methods & Business Analytics,English
1501,Autumn 2026,Randomised Algorithms,English
1502,Autumn 2025,Readings in Data Systems,English
1503,Autumn 2019,Reassembling Innovation,English
1504,Autumn 2017,Reassembling Innovation,English
1505,Spring 2020,Reassembling Innovation (Autumn 2018) - MERGED with KBREINN1KU-1,English
1506,Autumn 2020,Reassembling Innovation,English
1507,Autumn 2021,Reassembling Innovation,English
1508,Spring 2020,Reflections on Data Science,English
1509,Spring 2021,Reflections on Data Science,English
1510,Spring 2022,Reflections on Data Science,English
1511,Spring 2023,Reflections on Data Science,English
1512,Spring 2024,Reflections on Data Science,English
1513,Spring 2025,Reflections on Data Science,English
1514,Spring 2026,Reflections on Data Science,English
1515,Spring 2014,Reflections on IT,English
1516,Spring 2015,Reflections on IT,English
1517,Spring 2019,Reflections on IT,English
1518,Spring 2020,Reflections on IT,English
1519,Spring 2021,Reflections on IT,English
1520,Spring 2022,Reflections on IT,English
1521,Spring 2023,Reflections on IT,English
1522,Spring 2024,Reflections on IT,English
1523,Spring 2025,Reflections on IT,English
1524,Spring 2026,Reflections on IT,English
1525,Spring 2016,Refleksion over it,English
1526,Spring 2020,Second Year Project: Functional Programming,
1527,Autumn 2022,Security 1 - BSc,English
1528,Autumn 2023,Security 1 - BSc,English
1529,Autumn 2024,Security 1 - BSc,English
1530,Autumn 2018,Security 1/MSc,English
1531,Autumn 2018,Security 2,English
1532,Spring 2019,Security 2,English
1533,Spring 2020,Security 2,English
1534,Spring 2021,Security 2,English
1535,Spring 2022,Security 2,English
1536,Autumn 2019,Security and Compliance Brush-up,English
1537,Autumn 2019,Security and Compliance Brush-up (2025),English
1538,Autumn 2019,Security and Privacy,English
1539,Autumn 2020,Security and Privacy,English
1540,Autumn 2021,Security and Privacy,English
1541,Autumn 2022,Security and Privacy,English
1542,Autumn 2023,Security and Privacy,English
1543,Autumn 2024,Security and Privacy,English
1544,Autumn 2025,Security and Privacy,English
1545,Spring 2020,Security - BSc,English
1546,Spring 2017,Security - BSc,English
1547,Spring 2019,Security - BSc,English
1548,Spring 2021,Security - BSc,English
1549,Autumn 2019,Security - MSc (Autumn 2018) - MERGED with KSSECU11KU,English
1550,Spring 2017,Security - MSc,English
1551,Autumn 2021,Seminars in Data Science,English
1552,Autumn 2022,Seminars in Data Science,English
1553,Autumn 2023,Seminars in Data Science,English
1554,Autumn 2024,Seminars in Data Science,English
1555,Autumn 2025,Seminars in Data Science,English
1556,Autumn 2013,Service Design,English
1557,Autumn 2014,Service Design,English
1558,Autumn 2019,Service Design - Management and Implementation,English
1559,Autumn 2020,Service Design - Management and Implementation,English
1560,Autumn 2021,Service Design - Management and Implementation,English
1561,Autumn 2022,Service Design - Management and Implementation,English
1562,Autumn 2023,Service Design - Management and Implementation,English
1563,Autumn 2024,Service Design - Management and Implementation,English
1564,Autumn 2025,Service Design - Management and Implementation,English
1565,Spring 2014,Service Design: Theory and Practice,English
1566,Spring 2015,Service Design: Theory and Practice,English
1567,Spring 2016,Service Design: Theory and Practice,English
1568,Spring 2017,Service Design: Theory and Practice,English
1569,Spring 2018,Service Design: Theory and Practice,English
1570,Spring 2019,Service Economics,English
1571,Spring 2020,Service Economics,English
1572,Spring 2021,Service Economics,English
1573,Spring 2022,Service Economics,English
1574,Spring 2023,Service Economics,English
1575,Spring 2024,Service Economics,English
1576,Spring 2026,Service Economics,English
1577,Autumn 2016,Servicedesign og brugerinddragelse for it-ledere,English
1578,Autumn 2017,Servicedesign og digitalisering,English
1579,Autumn 2019,Situating Interactions,English
1580,Autumn 2020,Situating Interactions,English
1581,Autumn 2021,Situating Interactions,English
1582,Autumn 2022,Situating Interactions,English
1583,Autumn 2023,Situating Interactions,English
1584,Autumn 2024,Situating Interactions,English
1585,Autumn 2024,Situeret teknologi,Danish
1586,Autumn 2024,Situeret teknologi,English
1587,Autumn 2025,Situeret teknologi,English
1588,Autumn 2024,Sketching,English
1589,Autumn 2025,Sketching,English
1590,Autumn 2016,Social Media Management,English
1591,Autumn 2015,Social Media Usage,English
1592,Autumn 2016,Social Media Usage,English
1593,Autumn 2017,Social Media Usage,English
1594,Autumn 2018,Social Media Usage,English
1595,Spring 2015,Sociale medier: Kulturer og netværk (1. del af specialisering),English
1596,Spring 2016,Sociale medier: Kulturer og netværk,English
1597,Spring 2017,Sociale medier: Kulturer og netværk,English
1598,Spring 2018,Sociale medier: Kulturer og netværk,English
1599,Autumn 2024,Society & Technology,English
1600,Autumn 2025,Society & Technology,English
1601,Autumn 2019,Society and Technology,English
1602,Autumn 2019,Software Development and Software Engineering,English
1603,Autumn 2023,Software Development and Software Engineering,English
1604,Autumn 2020,Software Development and Software Engineering,English
1605,Autumn 2021,Software Development and Software Engineering,English
1606,Autumn 2022,Software Development and Software Engineering,English
1607,Autumn 2024,Software Development and Software Engineering,English
1608,Autumn 2022,Software Ecosystems - combining user centered design - organisational and technical dimensions,English
1609,Autumn 2023,Software Ecosystems - combining user centered design - organisational and technical dimensions,English
1610,Autumn 2025,Software Ecosystems - combining user centered design - organisational and technical dimensions,English
1611,Autumn 2019,Software Engineering,English
1612,Autumn 2020,Software Engineering,English
1613,Autumn 2021,Software Engineering,English
1614,Autumn 2022,Software Engineering,English
1615,Autumn 2023,Software Engineering,English
1616,Autumn 2024,Software Engineering,English
1617,Autumn 2025,Software Engineering,English
1618,Autumn 2013,Software Engineering and Software Qualities,English
1619,Autumn 2014,Software Engineering and Software Qualities,English
1620,Autumn 2015,Software Engineering and Software Qualities,English
1621,Autumn 2016,Software Engineering and Software Qualities,English
1622,Autumn 2017,Software Engineering and Software Qualities,English
1623,Autumn 2023,Software Engineering and Software Qualities (Autumn 2018) - MERGED with KSSOESQ1KU,English
1624,Autumn 2018,Software Engineering and Software Qualities - SD/SDT,English
1625,Autumn 2019,Software Engineering and Software Qualities - MSc SD,English
1626,Autumn 2025,Software and AI Studies,
1627,Autumn 2025,Software and AI Studies,English
1628,Spring 2019,Sourcing - Systemanskaffelse,English
1629,Autumn 2015,Sourcing og globalt samarbejde,English
1630,Autumn 2025,Special Topic in Interaction Design,English
1631,Autumn 2025,Special Topic in Service Design,English
1632,Autumn 2025,Special Topic in UX Design,English
1633,Autumn 2026,Styring af digitaliseringsprojekter i komplekse kontekster,Danish
1634,Autumn 2026,Sustainable IT,English
1635,Autumn 2016,Sustainable Innovation and Smart Cities,Danish
1636,Autumn 2013,System Architecture and Security,Danish
1637,Spring 2014,System Architecture and Security,Danish
1638,Spring 2015,System Architecture and Security,Danish
1639,Spring 2016,System Architecture and Security,Danish
1640,Spring 2014,System Development and Project Organisation,Danish
1641,Spring 2024,System Development and Project Organization,English
1642,Spring 2016,System Development and Project Organization,English
1643,Spring 2017,System Development and Project Organization,English
1644,Spring 2018,System Development and Project Organization,English
1645,Spring 2019,System Development and Project Organization,English
1646,Spring 2020,System Development and Project Organization,English
1647,Spring 2021,System Development and Project Organization,English
1648,Spring 2022,System Development and Project Organization,English
1649,Spring 2023,System Development and Project Organization,English
1650,Spring 2025,System Development and Project Organization,English
1651,Autumn 2013,Systematic Design of User Interfaces,English
1652,Spring 2015,Systematisk design af brugergrænseflader,English
1653,Spring 2016,Systematisk design af brugergrænseflader,English
1654,Spring 2017,Systematisk design af brugergrænseflader,English
1655,Spring 2018,Systematisk design af brugergrænseflader,English
1656,Spring 2019,Systematisk design af brugergrænseflader,English
1657,Spring 2020,Systematisk design af brugergrænseflader,English
1658,Spring 2021,Systematisk design af brugergrænseflader,English
1659,Spring 2015,Systemudvikling og projektorganisering,English
1660,Autumn 2013,T15 Design of Business IT,English
1661,Autumn 2013,T16 Smart Phone e-Business Application Development,English
1662,Spring 2014,T24 Service Design,English
1663,Autumn 2013,T6 IT-Security,English
1664,Spring 2014,T8 Enterprise Architecture,English
1665,Spring 2024,TA Demo Course,English
1666,Spring 2024,TA Workshop A2024,English
1667,Spring 2024,TA Workshop A2024 - Online,English
1668,Spring 2024,TA Workshop S24 (Online),English
1669,Spring 2024,TA Workshop S24 (Thursday - Onsite),English
1670,Spring 2024,TA webinar - How to do exercise sessions online and as hybrid,English
1671,Spring 2024,TA workshop,English
1672,Spring 2019,TA workshop,English
1673,Spring 2024,TA workshop - Qualification Seminar in Programming,English
1674,Spring 2024,TA workshop A2019,English
1675,Spring 2024,TA workshop A2020,English
1676,Spring 2024,TA workshop A2021,English
1677,Spring 2024,TA workshop A2022 (Campus),English
1678,Spring 2024,TA workshop A2022 (online),English
1679,Spring 2024,TA workshop A2023,English
1680,Spring 2024,TA workshop S2020,English
1681,Spring 2024,TA workshop S2021,English
1682,Spring 2024,TA workshop S2022,English
1683,Autumn 2019,Technical Communication,English
1684,Autumn 2020,Technical Communication,English
1685,Autumn 2021,Technical Communication,English
1686,Autumn 2022,Technical Communication,English
1687,Autumn 2023,Technical Communication,English
1688,Autumn 2024,Technical Communication,English
1689,Autumn 2025,Technical Communication,English
1690,Autumn 2019,Technical Interaction Design,English
1691,Autumn 2020,Technical Interaction Design,English
1692,Autumn 2021,Technical Interaction Design,English
1693,Autumn 2022,Technical Interaction Design,English
1694,Autumn 2023,Technical Interaction Design,English
1695,Autumn 2024,Technical Interaction Design,English
1696,Autumn 2025,Technical Interaction Design,English
1697,Spring 2023,Test - F23,English
1698,Spring 2024,Test - F23,English
1699,Autumn 2023,Test Moodle 4.5,English
1700,Autumn 2024,Test Moodle 4.5,English
1701,Spring 2024,Test Moodle 4.5,English
1702,Spring 2025,Test Moodle 4.5,English
1703,Spring 2024,Test course LearnIT-flyt,English
1704,Autumn 2019,Test! Good Practice Kursusbeskrivelse - B-DDIT,English
1705,Autumn 2019,Test! Good Practice Kursusbeskrivelse - Computer Science,English
1706,Spring 2023,The Digital State,English
1707,Spring 2018,The Digital State,English
1708,Spring 2019,The Digital State,English
1709,Spring 2020,The Digital State,English
1710,Spring 2021,The Digital State,English
1711,Spring 2022,The Digital State,English
1712,Spring 2024,The Digital State,English
1713,Spring 2025,The Digital State,English
1714,Spring 2026,The Digital State,English
1715,Spring 2023,The Digital State - Extraordinary exam (autumn 2024),English
1716,Autumn 2023,The Digital State - extraordinary exam,English
1717,Autumn 2021,The Digital State in Practice,English
1718,Autumn 2022,The Digital State in Practice,English
1719,Autumn 2023,The Digital State in Practice,English
1720,Autumn 2024,The Digital State in Practice,English
1721,Autumn 2025,The Digital State in Practice,English
1722,Autumn 2016,The IT Manager as a Business Leader,English
1723,Autumn 2019,Thesis Preparation - Games,English
1724,Autumn 2013,Thesis Preparation - Games,English
1725,Autumn 2014,Thesis Preparation - Games,English
1726,Autumn 2015,Thesis Preparation - Games,English
1727,Autumn 2016,Thesis Preparation - Games,English
1728,Autumn 2017,Thesis Preparation - Games,English
1729,Autumn 2018,Thesis Preparation - Games,English
1730,Autumn 2015,Thesis Preparation DDK,English
1731,Autumn 2016,Thesis Preparation DDK,English
1732,Autumn 2017,Thesis Preparation DDK,English
1733,Autumn 2018,Thesis Preparation DDK,English
1734,Autumn 2019,Thesis Preparation DDK,English
1735,Autumn 2020,Thesis Preparation DDK,English
1736,Spring 2016,Thesis Preparation DDK,English
1737,Spring 2017,Thesis Preparation DDK,English
1738,Spring 2018,Thesis Preparation DDK,English
1739,Autumn 2026,Threat-informed Security,English
1740,Spring 2020,UX Design I,English
1741,Autumn 2019,UX Design II,English
1742,Autumn 2019,UX and Interface Design,English
1743,Autumn 2020,User Interface Design,English
1744,Spring 2021,User Interface Design,English
1745,Spring 2022,User Interface Design,English
1746,Spring 2023,User Interface Design,English
1747,Spring 2024,User Interface Design,English
1748,Spring 2025,User Interface Design,English
1749,Spring 2014,User Studies and Quantitative Methods,English
1750,Spring 2022,User experience og webprogrammering,Danish
1751,Spring 2022,User experience og webprogrammering,English
1752,Spring 2023,User experience og webprogrammering,English
1753,Spring 2024,User experience og webprogrammering,English
1754,Spring 2025,User experience og webprogrammering,English
1755,Spring 2026,User experience og webprogrammering,English
1756,Autumn 2016,User-centered Communication Design,English
1757,Autumn 2017,User-centered Communication Design,English
1758,Autumn 2018,User-centered Communication Design,English
1759,Autumn 2020,Users in Context,English
1760,Autumn 2021,Users in Context,English
1761,Autumn 2022,Users in Context,English
1762,Autumn 2026,Values and Ethics in Design,English
1763,Autumn 2020,Vibekes Test Kursus,English
1764,Autumn 2014,Videnskabelige metoder og IT-forståelse,English
1765,Autumn 2015,Videnskabelige metoder og IT-forståelse samt tværfaglig semesterworkshop,English
1766,Autumn 2016,Videnskabelige metoder og IT-forståelse samt tværfaglig semesterworkshop,English
1767,Autumn 2017,Videnskabelige metoder og IT-forståelse samt tværfaglig semesterworkshop,English
1768,Spring 2015,Videnskabsteori,English
1769,Autumn 2016,Videregående akademisk projekt - Kvalifikationsforløb til master - IT-ledelse,English
1770,Spring 2017,Videregående akademisk projekt - Kvalifikationsforløb til master - IT-ledelse,English
1771,Spring 2018,Videregående akademisk projekt - Kvalifikationsforløb til master - IT-ledelse,English
1772,Spring 2019,Videregående akademisk projekt - Kvalifikationsforløb til master - IT-ledelse,English
1773,Autumn 2016,Videregående akademisk projekt - Kvalifikationsforløb til master - Interaktionsdesign,English
1774,Spring 2017,Videregående akademisk projekt - Kvalifikationsforløb til master - Interaktionsdesign,English
1775,Autumn 2016,Videregående akademisk projekt - Kvalifikationsforløb til master - Software engineering,English
1776,Spring 2017,Videregående akademisk projekt - Kvalifikationsforløb til master - Software engineering,English
1777,Autumn 2017,Virtual Reality,English
1778,Spring 2017,Visionær ledelse i den datadrevne organisation,English
1779,Spring 2018,Visionær ledelse i den datadrevne organisation,English
1780,Spring 2019,Visionær ledelse i den datadrevne organisation,English
1781,Autumn 2021,Værdier og etik i design,Danish
1782,Autumn 2021,Værdier og etik i design,English
1783,Autumn 2022,Værdier og etik i design,English
1784,Autumn 2023,Værdier og etik i design,English
1785,Autumn 2024,Værdier og etik i design,English
1786,Autumn 2025,Værdier og etik i design,English
1787,Autumn 2013,Webdesign and Portfolio,English
1788,Autumn 2014,Webdesign and Portfolio,English
1789,Autumn 2015,Webdesign og portfolio,English
1790,Autumn 2016,Webdesign og portfolio,English
1791,Autumn 2017,Webdesign og portfolio,English
1792,Autumn 2013,Website Optimisation through Statistical Analysis (using Google Analytics Experiments),English
1793,Autumn 2020,Workshop on Stress Recillience,English
1794,Spring 2026,Writing for Games (Summer University),English
1795,Spring 2025,XXX placeholder,English
1796,Spring 2024,joje-ihan-testkursus,English
1797,Spring 2024,kopieret testkursus - joje,English
1798,Spring 2025,kopieret testkursus - joje,English
1799,Spring 2026,kopieret testkursus - joje,English
1800,Spring 2016,learnIT - IT University of Copenhagen,English
1801,Spring 2016,learnIT - getting beyond repository,English
1802,Spring 2016,learnIT 101 demo course,English
1803,Spring 2016,learnIT Online Teaching,English
1804,Spring 2016,learnIT Online Teaching Sandbox,English
1805,Spring 2016,learnIT collaboration,English
1806,Spring 2016,learnIT for Teachers (DEV),English
1807,Spring 2016,not in use,English
1808,Spring 2016,teachIT - Materials from podcast workshop,English
1809,Spring 2016,teachIT - Activate your students with surveys and polls,English
1810,Spring 2016,teachIT - Basic Lecturing,English
1811,Spring 2016,teachIT - Blended Learning at ITU S2020,English
1812,Spring 2016,teachIT - CodeJudge - Experiences with a system for coding assignments,English
1813,Spring 2016,teachIT - Codejudge,English
1814,Spring 2016,teachIT - Collaborate with your teaching assistant,English
1815,Spring 2016,teachIT - Conversational UI for teaching - ITUs new chat,English
1816,Spring 2016,teachIT - Course Evaluation: Design and Q&A,English
1817,Spring 2016,teachIT - Creating dialogic teaching & learning activities for an online setting,English
1818,Spring 2016,teachIT - Criticism and feedback in design education,English
1819,Spring 2016,teachIT - Feedback & Evaluation,English
1820,Spring 2016,teachIT - Feedback A2017,English
1821,Spring 2016,teachIT - Feedback on written material,English
1822,Spring 2016,teachIT - Feedback practices,English
1823,Spring 2016,teachIT - Flipped Learning,English
1824,Spring 2016,teachIT - Forming student groups,English
1825,Spring 2016,teachIT - Framing feedback : Preparing the students,English
1826,Spring 2016,teachIT - Gathering and providing feedback – lessons from online teaching,English
1827,Spring 2016,teachIT - Get to use ITUs new video studios,English
1828,Spring 2016,teachIT - ITUs New Course Evaluations A2019,English
1829,Spring 2016,teachIT - Incorporating Your Research into Lectures,English
1830,Spring 2016,teachIT - LEGO for teaching software design,English
