projectUUID;personName;personLastName;role;externalContributor;personUUID
6a4bfd9a-0ada-42ee-a458-1dcb9158027c;Maria Jung;Barrett;PI;FALSE;ffc6db77-95ed-452f-92ac-ca143a9db73c
c52de284-a5d5-4e86-b024-ee1508c043e5;Joachim Winther;Pedersen;CoI;FALSE;ff6f398b-4bde-46da-a460-9815134b42eb
47e06774-9088-4465-8ab8-f8c27cd731d6;Joachim Winther;Pedersen;CoI;FALSE;ff6f398b-4bde-46da-a460-9815134b42eb
c8211d83-460f-41fa-b8cf-b8c031b8b18b;Joachim Winther;Pedersen;CoI;FALSE;ff6f398b-4bde-46da-a460-9815134b42eb
39d18547-01f7-4fbc-9794-cb87a4530afb;Joachim Winther;Pedersen;CoI;FALSE;ff6f398b-4bde-46da-a460-9815134b42eb
4c04ec87-4051-4ede-a971-ff8badc270f6;Mahya Mohammadi;Kashani;CoI;FALSE;fea53dc2-758b-4dc3-962c-68e0b52d2925
9f77d6e9-c0a5-4560-94ba-9451dc779f58;Christoph;Seidl;PI;FALSE;fda8c630-1b0a-4910-ae2a-602850616275
4c04ec87-4051-4ede-a971-ff8badc270f6;Sergio Daniel;Quijano;CoI;FALSE;fc57a764-276e-463a-aa68-fa54ffaf31d6
4bb672ed-bd49-4087-9326-eaa97f21976d;Camille ;Rønn;CoI;FALSE;fc4a63b2-8edf-4d1c-94a4-2cbfe61adf48
0e937186-7936-4856-849b-95334a99a6af;Mahsa ;Varshosaz;CoI;FALSE;fb4b9d17-f1ec-466b-b222-caba06823edc
4c04ec87-4051-4ede-a971-ff8badc270f6;Mahsa ;Varshosaz;CoI;FALSE;fb4b9d17-f1ec-466b-b222-caba06823edc
cd1658f4-8302-49a8-9a71-d42f7168fc36;Mahsa ;Varshosaz;CoI;FALSE;fb4b9d17-f1ec-466b-b222-caba06823edc
1395e452-c10b-4f53-ad5e-0dbb33a231ce;Mahsa ;Varshosaz;CoI;FALSE;fb4b9d17-f1ec-466b-b222-caba06823edc
c0f83230-1cd4-4d68-bd34-43f6f0fc71fb;Mahsa ;Varshosaz;CoI;FALSE;fb4b9d17-f1ec-466b-b222-caba06823edc
2c5def6b-8c33-4364-bc74-aa8f73ecfcca;Mahsa ;Varshosaz;PI;FALSE;fb4b9d17-f1ec-466b-b222-caba06823edc
c8211d83-460f-41fa-b8cf-b8c031b8b18b;Noah Brunken;Syrkis;CoI;FALSE;faf0279a-dd8c-47b7-9570-3570c0ac803c
abcfded3-fae9-4da5-97e5-658a188a0190;Jaike van;Twiller;CoI;FALSE;fa03d816-cd99-4fea-b45b-efe7ecd3cb0a
85b6aad6-1170-4acc-9a63-f74283faf636;Jaike van;Twiller;Collaborator;FALSE;fa03d816-cd99-4fea-b45b-efe7ecd3cb0a
8d741a26-ea5c-4c69-9dab-6341052e48e3;Clément ;Sebastiao;CoI;FALSE;f72688e0-ad8f-4dc2-bb6b-c22fa14164c3
eca259ab-ea40-4758-bbb5-6533b2c39916;Signe Louise;Yndigegn;CoI;FALSE;f6921641-1f0a-4e24-a3a9-546e3927ab72
190c1b56-5561-4a2a-88e1-d4aab076ddff;Signe Louise;Yndigegn;CoI;FALSE;f6921641-1f0a-4e24-a3a9-546e3927ab72
3fdee8d2-5455-4d30-87d7-3e036f3484c3;Signe Louise;Yndigegn;CoI;FALSE;f6921641-1f0a-4e24-a3a9-546e3927ab72
c7ff4234-d9d4-4a7d-92c0-23b4c971bfe9;Signe Louise;Yndigegn;CoI;FALSE;f6921641-1f0a-4e24-a3a9-546e3927ab72
3f6a03a7-6217-4d70-9bf5-0c229cf768f3;Signe Louise;Yndigegn;CoI;FALSE;f6921641-1f0a-4e24-a3a9-546e3927ab72
dded96d9-89f4-4348-ab14-034dcd34c54f;Signe Louise;Yndigegn;PI;FALSE;f6921641-1f0a-4e24-a3a9-546e3927ab72
4e71f778-5873-4ed5-9b4e-8001c56dc41c;Signe Louise;Yndigegn;PI;FALSE;f6921641-1f0a-4e24-a3a9-546e3927ab72
5c14f2cf-9f83-4b48-b608-8f504edc970c;Peter;Kun;CoI;FALSE;f30d35c6-4320-476f-8506-481764e6009e
b8e7e99f-03aa-4db2-86bc-472ae6f42745;Claire;Glanois;CoI;FALSE;f2b81a70-1d6c-42d1-a3b5-1d4338be4b8c
47e06774-9088-4465-8ab8-f8c27cd731d6;Claire;Glanois;CoI;FALSE;f2b81a70-1d6c-42d1-a3b5-1d4338be4b8c
28c482c8-3f29-4c4d-abae-c3ea636d65c1;Anders Weile;Larsen;CoI;FALSE;f2a38db0-49a6-4252-af15-8586639f1b6e
2ca6fcc0-4e7d-4fb9-b4cb-12e19d6338cd;Anders Weile;Larsen;CoI;FALSE;f2a38db0-49a6-4252-af15-8586639f1b6e
3b8ce2ea-b68a-4ae4-bf69-6ed08940fa57;Anders Weile;Larsen;PI;FALSE;f2a38db0-49a6-4252-af15-8586639f1b6e
54be9d4e-0d3a-4b8a-b908-4989018a10e5;Alena;Thiel;PI;FALSE;f240d002-893f-45bd-b9ad-6a6ddc015e40
ed296174-b109-491c-a0c5-1acf38e8c907;Alena;Thiel;PI;FALSE;f240d002-893f-45bd-b9ad-6a6ddc015e40
52636f43-4fb0-43ed-8c56-b644ddd62be9;Yvonne ;Dittrich;CoI;FALSE;f2136570-f73c-446f-9fb0-6d9e461e2124
dc13ab93-8585-4c80-99ee-2daa95ba51eb;Yvonne ;Dittrich;PI;FALSE;f2136570-f73c-446f-9fb0-6d9e461e2124
a2f4b3e2-31c0-4a77-a4cc-05980e763c2d;Yvonne ;Dittrich;PI;FALSE;f2136570-f73c-446f-9fb0-6d9e461e2124
4cac7654-2655-4c1b-b201-1ef33d01b353;Yvonne ;Dittrich;CoI;FALSE;f2136570-f73c-446f-9fb0-6d9e461e2124
516eb84c-8047-484a-8d11-dcb7976fc2bf;Yvonne ;Dittrich;PI;FALSE;f2136570-f73c-446f-9fb0-6d9e461e2124
46950efa-4ab3-4646-9458-a5a6c128d967;Yvonne ;Dittrich;CoI;FALSE;f2136570-f73c-446f-9fb0-6d9e461e2124
249c41f8-3d16-4033-bfc1-695487446106;Yvonne ;Dittrich;CoI;FALSE;f2136570-f73c-446f-9fb0-6d9e461e2124
90ea8ed3-a495-4998-b22b-0dc362de76f7;Yvonne ;Dittrich;PI;FALSE;f2136570-f73c-446f-9fb0-6d9e461e2124
61a964d6-a6c1-4364-a2b9-0c1504474ad6;Yvonne ;Dittrich;CoI;FALSE;f2136570-f73c-446f-9fb0-6d9e461e2124
7a35b865-2730-45a6-8fdc-b508699fa03a;Yvonne ;Dittrich;PI;FALSE;f2136570-f73c-446f-9fb0-6d9e461e2124
4c2b07e4-55c6-44be-947a-9f764eeaf31e;Yvonne ;Dittrich;PI;FALSE;f2136570-f73c-446f-9fb0-6d9e461e2124
119e304c-6427-40e5-95fd-e802aabd518e;Yvonne ;Dittrich;PI;FALSE;f2136570-f73c-446f-9fb0-6d9e461e2124
0ae11a14-eed2-4bb8-a3e2-657776e7772c;Yvonne ;Dittrich;PI;FALSE;f2136570-f73c-446f-9fb0-6d9e461e2124
8f5fad3c-1aee-432c-8ad4-77c851de79a5;Yvonne ;Dittrich;CoI;FALSE;f2136570-f73c-446f-9fb0-6d9e461e2124
445b877c-2def-4421-9ffd-1d072bdb81d2;Yvonne ;Dittrich;CoI;FALSE;f2136570-f73c-446f-9fb0-6d9e461e2124
e4d8b5ee-d587-4cb3-9bb7-048fa82923f3;Yvonne ;Dittrich;CoI;FALSE;f2136570-f73c-446f-9fb0-6d9e461e2124
d19f470d-b304-44f2-b5f0-e08d54bbabbc;Yvonne ;Dittrich;PI;FALSE;f2136570-f73c-446f-9fb0-6d9e461e2124
d6e92b00-b7c2-44f7-b96f-da3e9d8c7681;Yvonne ;Dittrich;CoI;FALSE;f2136570-f73c-446f-9fb0-6d9e461e2124
19e2ba95-373f-4091-9ca6-3cef5331bacb;Yvonne ;Dittrich;CoI;FALSE;f2136570-f73c-446f-9fb0-6d9e461e2124
1b488dd3-466a-4eef-a9ce-74ccca2cb4d9;Yvonne ;Dittrich;CoI;FALSE;f2136570-f73c-446f-9fb0-6d9e461e2124
2b7b3917-2b7f-4064-aa9c-6536d1384b1f;Oliver;Krancher;PI;FALSE;f14f4742-c9d8-4a34-b8e2-d713c3a1f437
a3b32cef-4240-4466-b3d1-3da4b4b67746;Oliver;Krancher;PI;FALSE;f14f4742-c9d8-4a34-b8e2-d713c3a1f437
17f194cc-53d3-4cd7-95ef-13587882768e;Oliver;Krancher;PI;FALSE;f14f4742-c9d8-4a34-b8e2-d713c3a1f437
f7764606-bd49-458c-b2f1-c4ba99bdf3e2;Oliver;Krancher;PI;FALSE;f14f4742-c9d8-4a34-b8e2-d713c3a1f437
e5c8d972-7458-4f2b-aa1e-c7439bfd3aa0;Oliver;Krancher;PI;FALSE;f14f4742-c9d8-4a34-b8e2-d713c3a1f437
f425df35-7a88-41a1-9d8d-ced2bd55e700;Ask Greve;Johansen;CoI;FALSE;f14a5893-8cba-4ed5-b066-55c2ea626d24
c006a8cf-ebb2-4bd4-94ae-01b5ea5f2ee2;Rachel ;Douglas-Jones;CoI;FALSE;f11b0cc1-ad9f-4b12-b805-65b70e5bcd65
47ecae24-c424-4de9-9a67-c937eb1fa065;Rachel ;Douglas-Jones;CoI;FALSE;f11b0cc1-ad9f-4b12-b805-65b70e5bcd65
88d75831-25f7-4350-844d-9205d4c998d5;Rachel ;Douglas-Jones;PI;FALSE;f11b0cc1-ad9f-4b12-b805-65b70e5bcd65
4bc1a5b1-e2c9-4c56-8f85-8e2e5474b0a4;Rachel ;Douglas-Jones;PI;FALSE;f11b0cc1-ad9f-4b12-b805-65b70e5bcd65
7eaf2a59-b683-461c-92f0-1b09a68bf7bd;Rachel ;Douglas-Jones;PI;FALSE;f11b0cc1-ad9f-4b12-b805-65b70e5bcd65
0e648138-2db2-4f9e-b8fd-95d39b5741d5;Rachel ;Douglas-Jones;PI;FALSE;f11b0cc1-ad9f-4b12-b805-65b70e5bcd65
b47abab8-758b-4317-be3b-a2b8fb15d820;Rachel ;Douglas-Jones;PI;FALSE;f11b0cc1-ad9f-4b12-b805-65b70e5bcd65
8e3474bc-dd89-4c0c-a84c-4c8ad3e95467;Rachel ;Douglas-Jones;CoI;FALSE;f11b0cc1-ad9f-4b12-b805-65b70e5bcd65
28505b1e-2be0-4e3e-a956-174e88f7b6cb;Rachel ;Douglas-Jones;PI;FALSE;f11b0cc1-ad9f-4b12-b805-65b70e5bcd65
59335505-5854-4e08-a0d0-37101343be37;Rachel ;Douglas-Jones;PI;FALSE;f11b0cc1-ad9f-4b12-b805-65b70e5bcd65
882f49ce-4251-4c2d-bafc-870dd56b752b;Rachel ;Douglas-Jones;PI;FALSE;f11b0cc1-ad9f-4b12-b805-65b70e5bcd65
ea1075d9-a0d8-49d8-9ef5-e8c50b337476;Rachel ;Douglas-Jones;CoI;FALSE;f11b0cc1-ad9f-4b12-b805-65b70e5bcd65
19d06348-ad95-4065-ad4b-8e6094c74491;Rachel ;Douglas-Jones;Collaborator;FALSE;f11b0cc1-ad9f-4b12-b805-65b70e5bcd65
1afe974b-d602-4c5c-ab84-24ba24b7ce81;Arianna ;Pera;CoI;FALSE;f09e1c90-dbb8-4379-9905-0086e71503d4
28c482c8-3f29-4c4d-abae-c3ea636d65c1;Barbara ;Plank;CoI;FALSE;f073ebac-704d-4236-9206-d1d2ef2be9c3
6bdbc155-83c0-4139-ab79-ec3933ba3a05;Barbara ;Plank;PI;FALSE;f073ebac-704d-4236-9206-d1d2ef2be9c3
cdf9f5a6-86d4-4aa9-b627-f07790f935c1;Barbara;Plank;PI;FALSE;f073ebac-704d-4236-9206-d1d2ef2be9c3
04f24f1f-66c8-464d-af91-7ad58b59d45e;Barbara;Plank;PI;FALSE;f073ebac-704d-4236-9206-d1d2ef2be9c3
9f83ca3e-d774-470b-9ef6-e1e0098b860f;Barbara;Plank;PI;FALSE;f073ebac-704d-4236-9206-d1d2ef2be9c3
6a4bfd9a-0ada-42ee-a458-1dcb9158027c;Barbara;Plank;CoI;FALSE;f073ebac-704d-4236-9206-d1d2ef2be9c3
610fe295-e17f-415b-b874-267047f0d4ca;Jørn ;Lambertsen;CoI;FALSE;f06ed23d-b6d0-4af9-bb74-ecbcd6ca0c47
10bcb6a5-6e2f-441b-9180-65cce065a126;Jørn;Lambertsen;CoI;FALSE;f06ed23d-b6d0-4af9-bb74-ecbcd6ca0c47
33b3fc7e-5aad-48c0-877c-ada1be556f22;Holger ;Dell;CoI;FALSE;ef9b447a-d6c4-4250-a506-093730db84d6
939931f6-183c-46e0-a8da-1464aa7bc66c;Jan Benjamin;Vornhagen;CoI;FALSE;ecc36d3e-77ac-4333-9918-2431807cd4e0
ca858287-aec2-476c-b096-b8c18e3e7196;Søren ;Lauesen;PI;FALSE;ea6d10cf-6bb5-4414-8966-f1ed2591f794
1b24e063-c479-47e0-a8c1-47c039848a85;Søren ;Lauesen;PI;FALSE;ea6d10cf-6bb5-4414-8966-f1ed2591f794
e41b44cc-46ce-4de8-962f-abad41d761d3;Søren ;Lauesen;CoI;FALSE;ea6d10cf-6bb5-4414-8966-f1ed2591f794
860bf1d7-99d6-4a74-87e2-7f1b7ef053b5;Søren ;Lauesen;PI;FALSE;ea6d10cf-6bb5-4414-8966-f1ed2591f794
82a555b1-9926-4e23-928d-ebf205ba4685;Théo ;Sourget;CoI;FALSE;ea2d2480-46fb-493d-8dd4-6f054f58098a
eab28385-3ed9-4610-a9ef-63985ee7a645;Théo ;Sourget;CoI;FALSE;ea2d2480-46fb-493d-8dd4-6f054f58098a
6bdbc155-83c0-4139-ab79-ec3933ba3a05;Sif Dam;Sonniks;CoI;FALSE;e9d5602d-a3ba-4ac4-9c9c-7a51100e41d3
9f83ca3e-d774-470b-9ef6-e1e0098b860f;Sif Dam;Sonniks;CoI;FALSE;e9d5602d-a3ba-4ac4-9c9c-7a51100e41d3
c006a8cf-ebb2-4bd4-94ae-01b5ea5f2ee2;Marisa ;Cohn;CoI;FALSE;e9d14210-bc71-4824-b7cf-fd1448d022ab
f9613974-23dd-4af9-b328-b9472531403e;Marisa ;Cohn;CoI;FALSE;e9d14210-bc71-4824-b7cf-fd1448d022ab
92a3a94c-c825-4662-97bc-2b9d802618ea;Marisa ;Cohn;CoI;FALSE;e9d14210-bc71-4824-b7cf-fd1448d022ab
e9c91f24-e3ab-41a7-bdce-ac3685bd3f46;Marisa ;Cohn;PI;FALSE;e9d14210-bc71-4824-b7cf-fd1448d022ab
5140d65f-c9c2-4102-ade1-a656cce36387;Sami ;Brandt;PI;FALSE;e8e88610-5144-41da-95bf-597abf1d7869
11cd4029-d277-44f5-916f-71384fd8e8d6;Sami ;Brandt;PI;FALSE;e8e88610-5144-41da-95bf-597abf1d7869
6ac1ce36-677b-4986-90ef-05eb24746af1;Toine ;Bogers;PI;FALSE;e726f512-d3fd-4d89-962a-3aa9f532a52f
28c482c8-3f29-4c4d-abae-c3ea636d65c1;Toine ;Bogers;CoI;FALSE;e726f512-d3fd-4d89-962a-3aa9f532a52f
4a5fe21c-a2d9-426a-bdb0-524a2754e75d;Riko ;Jacob;CoI;FALSE;e6f70fb0-caf1-4736-b583-b0777bc1390f
8146f4ce-2057-47de-80a7-f7707e6506e0;Riko ;Jacob;PI;FALSE;e6f70fb0-caf1-4736-b583-b0777bc1390f
f2db8d63-45ff-4810-a889-b272fd938d3a;Riko ;Jacob;PI;FALSE;e6f70fb0-caf1-4736-b583-b0777bc1390f
af6ccd35-879e-49c5-a7d1-b2c5b6aeb32d;Riko ;Jacob;PI;FALSE;e6f70fb0-caf1-4736-b583-b0777bc1390f
2d0e4509-f039-49bc-b670-0d5d3e31284b;Jichen ;Zhu;PI;FALSE;e383647f-00d3-41b1-ad95-ff69bdfffb42
4987b885-b7be-40e1-bdee-3a740cab8d39;Jichen ;Zhu;PI;FALSE;e383647f-00d3-41b1-ad95-ff69bdfffb42
35203d5b-8d9b-4719-aeb2-6f5074ac1686;Nanna ;Inie;PI;FALSE;e23e8096-59cb-4ef6-af48-ce9d806fd1eb
1550b177-ea65-4622-a400-60ce9cc9053d;Nanna ;Inie;CoI;FALSE;e23e8096-59cb-4ef6-af48-ce9d806fd1eb
061dd7d9-61b9-4f58-a036-47cb615f81bc;Nanna ;Inie;CoI;FALSE;e23e8096-59cb-4ef6-af48-ce9d806fd1eb
28c482c8-3f29-4c4d-abae-c3ea636d65c1;Laurits ;Dixen;CoI;FALSE;e20164d2-7e0c-4f05-88be-ca477dfc5f8c
5b389df6-a3bf-424f-9f9c-b024d7b2f243;Sebastian Mateos;Nicolajsen;PI;FALSE;e175684d-abc3-4ee4-9a12-af6c611e47c0
efa59359-9c40-4650-8102-90a1abaf9744;Sebastian Mateos;Nicolajsen;CoI;FALSE;e175684d-abc3-4ee4-9a12-af6c611e47c0
860bf1d7-99d6-4a74-87e2-7f1b7ef053b5;Jens ;Schmidt;PI;FALSE;e0edf6ca-5a14-41d8-81cc-77fd67f03ee5
38cecda7-bb24-4d49-8f67-cada7a740062;Jens ;Schmidt;PI;FALSE;e0edf6ca-5a14-41d8-81cc-77fd67f03ee5
08e92d2d-7d30-4c53-b5d2-6aba12ded6fb;Jens ;Schmidt;PI;FALSE;e0edf6ca-5a14-41d8-81cc-77fd67f03ee5
7492316d-f1c5-4c5a-88a7-480e15dec0a2;Jens ;Schmidt;PI;FALSE;e0edf6ca-5a14-41d8-81cc-77fd67f03ee5
90de203d-fe8a-4ee8-9e89-57562ef752e1;Katja Sara Pape;de Neergaard;CoI;FALSE;df52a23b-7109-4616-a59a-d6d90f777595
44d7b341-2fb8-462f-aeea-8dc7f9b1cb93;Martin;Pichlmair;CoI;FALSE;ddcdfda8-c5ea-4e67-b0ea-21ba86966197
92dd15f8-1163-4e47-a198-2af8537b5575;Martin;Pichlmair;CoI;FALSE;ddcdfda8-c5ea-4e67-b0ea-21ba86966197
d6b098cb-fc16-42da-8c7b-90e51971343e;Anna-Mamusu ;Wehlitz;PI;FALSE;dda395cd-41ec-469e-a3e9-b1c024bbb1a7
8097c0e5-c30a-430a-9106-e48815dc802e;Gabriela;Marcu;CoI;FALSE;dbf46bed-0956-47c4-95e9-d850c6f897d5
8146f4ce-2057-47de-80a7-f7707e6506e0;Vedran ;Sekara;PI;FALSE;db64c222-0674-4eab-9f09-7f9ea1c483e3
e479a7db-8568-4a13-94d9-2f35abbdf2cb;Vedran ;Sekara;PI;FALSE;db64c222-0674-4eab-9f09-7f9ea1c483e3
55fa7fcb-d0d1-4b95-96e2-0d2909e0d468;Vedran ;Sekara;PI;FALSE;db64c222-0674-4eab-9f09-7f9ea1c483e3
e090436a-d438-495a-ab4c-517eb0519431;Vedran ;Sekara;PI;FALSE;db64c222-0674-4eab-9f09-7f9ea1c483e3
939931f6-183c-46e0-a8da-1464aa7bc66c;Feng ;Feng;CoI;FALSE;dac0e506-da5d-4ee6-8783-5abd2a2096f3
3f6a03a7-6217-4d70-9bf5-0c229cf768f3;Pelin ;Karaturhan;Collaborator;FALSE;d9376c00-8047-4c1b-b86a-e2f5e00018b3
3fe79ef9-5777-4dee-8747-33d8e36ad194;Sandro;Sousa;CoI;FALSE;d7412bcc-4b0f-4ccf-97e2-11b985e93fd9
f828d2cf-26df-46d7-a309-2dba5e76af24;Louise Meier;Carlsen;PI;FALSE;d6d93566-d546-42a8-8864-766098389589
416dd5ce-dd32-4fde-bd1a-0a91a14ecca8;Zoi ;Kaoudi;PI;FALSE;d5c3a434-36d5-4861-862d-3c5b3e332121
fb5462ca-cc1b-4534-b83a-fea1c580873d;Christopher ;Gad;PI;FALSE;d55dab65-fffe-4da4-a383-cfcf5ee3a8cd
35af1726-589d-4cd1-bbea-3fa051ef76ce;Christopher ;Gad;CoI;FALSE;d55dab65-fffe-4da4-a383-cfcf5ee3a8cd
c006a8cf-ebb2-4bd4-94ae-01b5ea5f2ee2;Christopher ;Gad;PI;FALSE;d55dab65-fffe-4da4-a383-cfcf5ee3a8cd
92a3a94c-c825-4662-97bc-2b9d802618ea;Christopher ;Gad;CoI;FALSE;d55dab65-fffe-4da4-a383-cfcf5ee3a8cd
a3b32cef-4240-4466-b3d1-3da4b4b67746;Cecilie Caroline;Falch;PI;FALSE;d4dc2c50-a749-4f5b-a3f1-763c1dc405fb
46950efa-4ab3-4646-9458-a5a6c128d967;Søren;Debois;CoI;FALSE;d3b41838-e2bf-4735-b1cd-03f60b49c7e5
f9613974-23dd-4af9-b328-b9472531403e;Søren;Debois;CoI;FALSE;d3b41838-e2bf-4735-b1cd-03f60b49c7e5
fd1bc026-6e92-4652-bb7e-7f9f8c47b4c7;Søren;Debois;CoI;FALSE;d3b41838-e2bf-4735-b1cd-03f60b49c7e5
e9497ea8-5e79-42ab-9c89-36b254fa121d;Søren;Debois;PI;FALSE;d3b41838-e2bf-4735-b1cd-03f60b49c7e5
a28175d7-f410-4592-b1ab-4435b67d289b;Søren;Debois;CoI;FALSE;d3b41838-e2bf-4735-b1cd-03f60b49c7e5
f2db8d63-45ff-4810-a889-b272fd938d3a;Søren ;Debois;PI;FALSE;d3b41838-e2bf-4735-b1cd-03f60b49c7e5
990ab63e-f16a-48d4-ae87-fc253d954f1e;Søren;Debois;PI;FALSE;d3b41838-e2bf-4735-b1cd-03f60b49c7e5
890d38c5-60d4-4c00-80f7-2ed30f36b8b6;Søren;Debois;CoI;FALSE;d3b41838-e2bf-4735-b1cd-03f60b49c7e5
45f263dd-1188-41c4-bb96-9e8a27753837;Søren;Debois;CoI;FALSE;d3b41838-e2bf-4735-b1cd-03f60b49c7e5
08e92d2d-7d30-4c53-b5d2-6aba12ded6fb;Søren;Debois;CoI;FALSE;d3b41838-e2bf-4735-b1cd-03f60b49c7e5
1f92ae6e-8c75-4dba-8c4a-2ce17bceebda;Søren;Debois;CoI;FALSE;d3b41838-e2bf-4735-b1cd-03f60b49c7e5
f14d5eba-b806-451e-abc2-73ad6e7f0496;Jonas ;Fritsch;PI;FALSE;d37cba38-dff2-4c27-a515-226cfadfd849
865b751d-b4ff-4938-b032-5d278a702de8;Jonas ;Fritsch;PI;FALSE;d37cba38-dff2-4c27-a515-226cfadfd849
8bcd1359-3f40-4d7e-a3bc-fc05f427fac0;Jonas ;Fritsch;PI;FALSE;d37cba38-dff2-4c27-a515-226cfadfd849
b8e7e99f-03aa-4db2-86bc-472ae6f42745;Jonas ;Fritsch;PI;FALSE;d37cba38-dff2-4c27-a515-226cfadfd849
3f6a03a7-6217-4d70-9bf5-0c229cf768f3;Jonas ;Fritsch;PI;FALSE;d37cba38-dff2-4c27-a515-226cfadfd849
e9c91f24-e3ab-41a7-bdce-ac3685bd3f46;Jonas ;Fritsch;CoI;FALSE;d37cba38-dff2-4c27-a515-226cfadfd849
55453a09-dd3c-4254-b50c-1d6e0d281dff;Thomas;Hildebrandt;PI;FALSE;d30b96a8-4f1e-44fa-9bf5-0209bedf0268
627db78d-dc0c-4fa3-879d-b5b4aef2867f;Thomas;Hildebrandt;PI;FALSE;d30b96a8-4f1e-44fa-9bf5-0209bedf0268
51ac42a5-e884-400e-92a7-6f200f189499;Thomas;Hildebrandt;CoI;FALSE;d30b96a8-4f1e-44fa-9bf5-0209bedf0268
c27aeaee-ce0c-41cd-887b-627225b6b0b6;Thomas;Hildebrandt;PI;FALSE;d30b96a8-4f1e-44fa-9bf5-0209bedf0268
48d847bc-226c-4bf5-9da5-1597d52fe4e0;Thomas;Hildebrandt;PI;FALSE;d30b96a8-4f1e-44fa-9bf5-0209bedf0268
85a633e3-4ceb-452b-9870-52e2f69289d5;Thomas;Hildebrandt;PI;FALSE;d30b96a8-4f1e-44fa-9bf5-0209bedf0268
20e31a7d-3ebe-4f01-8190-cf57832c1279;Thomas;Hildebrandt;CoI;FALSE;d30b96a8-4f1e-44fa-9bf5-0209bedf0268
6ef75dd3-ea0c-4db9-af19-bdd91397d783;Thomas;Hildebrandt;PI;FALSE;d30b96a8-4f1e-44fa-9bf5-0209bedf0268
e41b44cc-46ce-4de8-962f-abad41d761d3;Thomas ;Hildebrandt;PI;FALSE;d30b96a8-4f1e-44fa-9bf5-0209bedf0268
de42ab38-51c3-4753-b13a-098710026e30;Thomas;Hildebrandt;PI;FALSE;d30b96a8-4f1e-44fa-9bf5-0209bedf0268
249c41f8-3d16-4033-bfc1-695487446106;Thomas ;Hildebrandt;CoI;FALSE;d30b96a8-4f1e-44fa-9bf5-0209bedf0268
f9613974-23dd-4af9-b328-b9472531403e;Thomas ;Hildebrandt;PI;FALSE;d30b96a8-4f1e-44fa-9bf5-0209bedf0268
fd1bc026-6e92-4652-bb7e-7f9f8c47b4c7;Thomas;Hildebrandt;PI;FALSE;d30b96a8-4f1e-44fa-9bf5-0209bedf0268
a28175d7-f410-4592-b1ab-4435b67d289b;Thomas;Hildebrandt;PI;FALSE;d30b96a8-4f1e-44fa-9bf5-0209bedf0268
50b46853-136e-44e5-91c9-289569813347;Thomas;Hildebrandt;PI;FALSE;d30b96a8-4f1e-44fa-9bf5-0209bedf0268
2c80cfbc-f40d-4d5c-be52-2d62a6eebcd4;Thomas;Hildebrandt;PI;FALSE;d30b96a8-4f1e-44fa-9bf5-0209bedf0268
378dcd42-6b4a-4aea-a5e1-6976fe72f5d7;Thomas;Hildebrandt;PI;FALSE;d30b96a8-4f1e-44fa-9bf5-0209bedf0268
f106c784-f371-4ef8-8299-babd4c010f18;Thomas;Hildebrandt;PI;FALSE;d30b96a8-4f1e-44fa-9bf5-0209bedf0268
20a8720a-ab29-4536-a64b-2d33d851280d;Thomas ;Hildebrandt;Collaborator;FALSE;d30b96a8-4f1e-44fa-9bf5-0209bedf0268
3e7a5097-15b1-4f1e-b343-b06f74cc224b;Sergei ;Stepanenko;Collaborator;FALSE;d1f72ad7-d2ad-40cc-aeb1-b6f9b3d5779f
6e3780d5-8dbd-4884-9222-02187fffbe81;Amir ;Nikabadi;CoI;FALSE;d1be56b5-3ded-4aeb-9339-3af4d4c35035
3d246d02-274d-4bba-8760-0ee09fa39b32;Raúl ;Pardo Jimenez;CoI;FALSE;d05daa00-c3d6-4a89-ba14-cfd1847fb0cc
c0f83230-1cd4-4d68-bd34-43f6f0fc71fb;Raúl ;Pardo Jimenez;CoI;FALSE;d05daa00-c3d6-4a89-ba14-cfd1847fb0cc
416dd5ce-dd32-4fde-bd1a-0a91a14ecca8;Xiao ;Li;Collaborator;FALSE;cfd2eb14-8c3d-4c92-b6f4-acf076e82110
5734b571-8aa7-42d7-9060-92a007e42fa6;Luigi ;Arminio;CoI;FALSE;cfb0029a-04d0-4606-810f-bf6d6777171b
19e3b064-21f8-47c1-8b9d-f531323964d4;Kasper ;Østerbye;CoI;FALSE;cfa94f02-ca6c-47ed-b962-64f5f61e50d2
8f5fad3c-1aee-432c-8ad4-77c851de79a5;Kasper ;Østerbye;PI;FALSE;cfa94f02-ca6c-47ed-b962-64f5f61e50d2
445b877c-2def-4421-9ffd-1d072bdb81d2;Kasper ;Østerbye;PI;FALSE;cfa94f02-ca6c-47ed-b962-64f5f61e50d2
46b9b101-1336-414d-b1d8-995d9f2e7869;Elisa;Mekler;PI;FALSE;cf6cfa0b-e3ac-4164-8de2-b956d8e23825
939931f6-183c-46e0-a8da-1464aa7bc66c;Elisa;Mekler;PI;FALSE;cf6cfa0b-e3ac-4164-8de2-b956d8e23825
0fa9a31a-1db3-4a53-aabc-60e09ba950e8;Paolo;Burelli;PI;FALSE;cf5e1d64-5489-4534-ba34-8dba5fd354a6
0d2deaff-cf2d-441f-95eb-9b13d6d3d0c5;Paolo;Burelli;CoI;FALSE;cf5e1d64-5489-4534-ba34-8dba5fd354a6
9738405b-be37-404d-8f09-43865a211ec3;Paolo ;Burelli;PI;FALSE;cf5e1d64-5489-4534-ba34-8dba5fd354a6
28c482c8-3f29-4c4d-abae-c3ea636d65c1;Paolo ;Burelli;CoI;FALSE;cf5e1d64-5489-4534-ba34-8dba5fd354a6
d0360b60-3c3a-47d2-acf0-223ec3248818;Paolo;Burelli;PI;FALSE;cf5e1d64-5489-4534-ba34-8dba5fd354a6
314d4a39-5657-4cbf-8e60-58e8acce5419;Paolo;Burelli;PI;FALSE;cf5e1d64-5489-4534-ba34-8dba5fd354a6
530dde04-84c4-4863-85be-7acb6e95b13d;Paolo;Burelli;PI;FALSE;cf5e1d64-5489-4534-ba34-8dba5fd354a6
c21ca81d-1a5a-464b-b8be-f17c595fc87d;Anne Sofie Gammelgaard;Gregersen;Collaborator;FALSE;cf08dfab-d4e2-4073-b88e-2d305a0e47f3
4bb672ed-bd49-4087-9326-eaa97f21976d;Daniel ;Fürstenau;PI;FALSE;ceef6d97-26fe-4163-9538-6685e98bce2e
1afe974b-d602-4c5c-ab84-24ba24b7ce81;Alessia ;Galdeman;Collaborator;FALSE;cea9fe0e-2aa6-4a19-8a04-13cffe563626
bf1ab9c0-12cb-402a-ac01-3179dddf2e61;Elda ;Paja;PI;FALSE;ce1a5350-f645-4a53-a745-fca8d4f1f030
b0543225-f5d9-47e8-98e0-bd5da3e0fa4a;Elda ;Paja;CoI;FALSE;ce1a5350-f645-4a53-a745-fca8d4f1f030
46b9b101-1336-414d-b1d8-995d9f2e7869;Raquel ;Robinson;CoI;FALSE;cb1b6c5f-6206-4a35-b8aa-6a750f9c89a1
939931f6-183c-46e0-a8da-1464aa7bc66c;Raquel ;Robinson;CoI;FALSE;cb1b6c5f-6206-4a35-b8aa-6a750f9c89a1
f425df35-7a88-41a1-9d8d-ced2bd55e700;Tobias ;Pedersen;CoI;FALSE;cac3823d-3dc6-4513-8448-be21a2d49344
939931f6-183c-46e0-a8da-1464aa7bc66c;Daniel ;Bennett;CoI;FALSE;ca2a035e-64a1-4a75-9269-d6ee91496191
e9c91f24-e3ab-41a7-bdce-ac3685bd3f46;Thomas ;Binder;CoI;FALSE;c90e23c6-5bf4-4d6f-97d8-b162b8a5b03e
8ee266d1-6b87-44b9-bc4a-7a594ee2a69f;Elisa ;Bassignana;PI;FALSE;c6b67626-5ff8-4730-93a6-70ee08f6013e
6bdbc155-83c0-4139-ab79-ec3933ba3a05;Elisa ;Bassignana;CoI;FALSE;c6b67626-5ff8-4730-93a6-70ee08f6013e
b2bbb8b5-6c00-49ea-9b02-ac18f631ac96;Sebastian ;Büttrich;PI;FALSE;c649bf10-5588-4d10-8c7c-471874cf98f9
fbedcc2a-4be9-4d0c-835e-b2ce1ab7a194;Sebastian ;Büttrich;PI;FALSE;c649bf10-5588-4d10-8c7c-471874cf98f9
b0e79cb1-7d28-4efa-a4b5-9afb39ec7d33;Djordje ;Grbic;CoI;FALSE;c596539b-3ceb-497c-9a43-e71d6b0f65a6
3f6a03a7-6217-4d70-9bf5-0c229cf768f3;Mai ;Hartmann;CoI;FALSE;c4e4fa45-a84f-4422-a4f5-7cc5706782a2
5237bf48-25e5-4a73-81f1-0e374b70a423;Anna ;Rogers;PI;FALSE;c40e1e8a-50ee-4a7c-b7f0-2fc0fdd62adc
b501546f-657e-4455-8006-d0a5cd897749;Anna ;Rogers;PI;FALSE;c40e1e8a-50ee-4a7c-b7f0-2fc0fdd62adc
28c482c8-3f29-4c4d-abae-c3ea636d65c1;Anna ;Rogers;CoI;FALSE;c40e1e8a-50ee-4a7c-b7f0-2fc0fdd62adc
ac16388c-b812-4435-9f7d-8e07f2179828;Anna ;Rogers;PI;FALSE;c40e1e8a-50ee-4a7c-b7f0-2fc0fdd62adc
10a17a19-1599-42ef-bf4a-3c4712ea29c6;Anna ;Rogers;PI;FALSE;c40e1e8a-50ee-4a7c-b7f0-2fc0fdd62adc
a1c0356b-18a3-408b-b847-4819a3633756;Anna ;Rogers;PI;FALSE;c40e1e8a-50ee-4a7c-b7f0-2fc0fdd62adc
ab057d1f-e994-44ff-9f43-8bf2e07d66b2;Anna ;Rogers;PI;FALSE;c40e1e8a-50ee-4a7c-b7f0-2fc0fdd62adc
f352be40-0948-4ba3-8ee0-d41a89295965;Anna ;Rogers;PI;FALSE;c40e1e8a-50ee-4a7c-b7f0-2fc0fdd62adc
3d443f2e-0a0d-4bc8-ac4c-b86e60c95ad9;Anna ;Rogers;Collaborator;FALSE;c40e1e8a-50ee-4a7c-b7f0-2fc0fdd62adc
0ceff908-b0cc-4033-bc28-ea4afe61db99;Felipe Silva;Figueiredo;CoI;FALSE;c3ca425d-f0d9-493b-9012-7dee3b9e2dfb
16e7a68a-1a39-4e97-82bd-cdad60df959b;Ida Kathrine Hammeleff;Jørgensen;CoI;FALSE;c27ebbb6-7aae-41d4-b6fe-eb4a09024eca
16e7a68a-1a39-4e97-82bd-cdad60df959b;Ida Kathrine Hammeleff;Jørgensen;CoI;FALSE;c27ebbb6-7aae-41d4-b6fe-eb4a09024eca
3f6a03a7-6217-4d70-9bf5-0c229cf768f3;Kamila Anna;Dzierzak;CoI;FALSE;c22491da-c338-47a0-ae95-5a51b85e576b
8146f4ce-2057-47de-80a7-f7707e6506e0;Mohsen ;Ghaffari;CoI;FALSE;c12518ce-b3ab-469c-81fb-e2178e6b87e3
cd1658f4-8302-49a8-9a71-d42f7168fc36;Mohsen ;Ghaffari;CoI;FALSE;c12518ce-b3ab-469c-81fb-e2178e6b87e3
f1c9fd7f-ab86-4d8a-a2ab-772f1e114023;Piyakorn ;Koowattanataworn;PI;FALSE;c072fa93-9dbb-4815-b72a-e24dcdd453f8
c8211d83-460f-41fa-b8cf-b8c031b8b18b;Timothée François Nathan;Anne;CoI;FALSE;bf8d35b0-2ec1-4cd7-a341-51627a0acbb9
a791bd61-293d-4ebe-9d23-03a2e51ac31e;Nikolaos ;Salamanos;Collaborator;FALSE;bf75a5d2-ae40-48c8-9f44-0f3de5f93bd9
701a299d-cdcb-46b9-95c2-b8e57bf927c4;Claudia ;Acciai;Collaborator;FALSE;be459204-f0ed-46cf-a79b-66031919e944
b0651758-d511-4677-8e44-c3df2ed4d22f;Bernardo Machado;David;CoI;FALSE;bdc2cd4a-df05-46ca-b027-b038039a58ec
8146f4ce-2057-47de-80a7-f7707e6506e0;Bernardo Machado;David;PI;FALSE;bdc2cd4a-df05-46ca-b027-b038039a58ec
db615d54-7abd-43ec-9e7d-a54cc816dd47;Bernardo Machado;David;PI;FALSE;bdc2cd4a-df05-46ca-b027-b038039a58ec
006aab10-ce8e-4a74-aadc-202659c2e2b1;Bernardo Machado;David;PI;FALSE;bdc2cd4a-df05-46ca-b027-b038039a58ec
6f20f57b-6622-494e-81fc-bfb1340d32e5;Bernardo Machado;David;PI;FALSE;bdc2cd4a-df05-46ca-b027-b038039a58ec
3ccfe0ca-0a5c-41d4-91b3-6b86eb5bc477;Bernardo Machado;David;PI;FALSE;bdc2cd4a-df05-46ca-b027-b038039a58ec
2e7aeab2-a66b-469a-8bf6-5a746933e3b6;Bernardo Machado;David;PI;FALSE;bdc2cd4a-df05-46ca-b027-b038039a58ec
11acd45e-396b-4a0c-b2b6-7be5a7c36ef7;Bernardo Machado;David;PI;FALSE;bdc2cd4a-df05-46ca-b027-b038039a58ec
f15d06d9-2436-4799-a1ef-c90b629b763e;Bernardo Machado;David;PI;FALSE;bdc2cd4a-df05-46ca-b027-b038039a58ec
3bfb340e-d0be-4d2c-9a7b-62326e135ed0;Bernardo Machado;David;PI;FALSE;bdc2cd4a-df05-46ca-b027-b038039a58ec
7e748c78-05b0-401e-ab55-72f2670a4b45;Bernardo Machado;David;PI;FALSE;bdc2cd4a-df05-46ca-b027-b038039a58ec
08adc0f6-bd4d-4ed3-9908-6dc6b47e18e4;Björn Thór;Jónsson;CoI;FALSE;bd52cb95-025e-4106-9c13-1345c76dcbfe
0ceff908-b0cc-4033-bc28-ea4afe61db99;Vivian;Guo;CoI;FALSE;bc8bcc0c-c956-451c-8f18-6caed523f6d6
389f89c7-3f1f-4f75-bac1-44c9e7703c42;Steffen ;Dalsgaard;PI;FALSE;bc7a60f7-45a0-401f-813f-6b4aa700c849
057f2fe2-c640-4acd-a518-a08ba773a1f0;Steffen ;Dalsgaard;CoI;FALSE;bc7a60f7-45a0-401f-813f-6b4aa700c849
0ceff908-b0cc-4033-bc28-ea4afe61db99;Steffen ;Dalsgaard;PI;FALSE;bc7a60f7-45a0-401f-813f-6b4aa700c849
ea1190eb-c06d-4c91-8b84-c881781af351;Steffen ;Dalsgaard;PI;FALSE;bc7a60f7-45a0-401f-813f-6b4aa700c849
3ae3c857-e3f4-449d-a16f-ca2ef5b1b7a2;Steffen ;Dalsgaard;PI;FALSE;bc7a60f7-45a0-401f-813f-6b4aa700c849
3c096907-2670-45af-9e43-4d828d45b072;Steffen ;Dalsgaard;PI;FALSE;bc7a60f7-45a0-401f-813f-6b4aa700c849
115736de-5b8c-4d29-ad2e-8898f9a19e77;Steffen ;Dalsgaard;PI;FALSE;bc7a60f7-45a0-401f-813f-6b4aa700c849
6ee138d1-5e46-4b40-9023-4cf3481ef1b1;Steffen ;Dalsgaard;PI;FALSE;bc7a60f7-45a0-401f-813f-6b4aa700c849
9ed2246a-5bd3-4fcd-95fd-2d69d4f4729f;Steffen ;Dalsgaard;PI;FALSE;bc7a60f7-45a0-401f-813f-6b4aa700c849
9dbabc2a-7042-4d3a-8f8b-33910a8adc04;Tim Frederik;Seppelt;Collaborator;FALSE;bb404350-dc8d-4345-965f-a3602b726014
51ac42a5-e884-400e-92a7-6f200f189499;Gitte Bang;Stald;CoI;FALSE;b752c464-c7fb-4a52-a0c3-3b2d3db5d62f
d45740c6-4ec2-4792-9c02-18663999b0b6;Gitte Bang;Stald;PI;FALSE;b752c464-c7fb-4a52-a0c3-3b2d3db5d62f
88d25392-3fb5-45c6-bfa9-377d573df7bf;Gitte Bang;Stald;PI;FALSE;b752c464-c7fb-4a52-a0c3-3b2d3db5d62f
45e498cd-e0ff-4f9d-81be-de8c646469ef;Gitte Bang;Stald;PI;FALSE;b752c464-c7fb-4a52-a0c3-3b2d3db5d62f
747ffa41-bbdd-492b-9e0d-20f9b49278d3;Gitte Bang;Stald;PI;FALSE;b752c464-c7fb-4a52-a0c3-3b2d3db5d62f
4b5236c0-5bd1-4b99-b81a-23ae945ec5ce;Gitte Bang;Stald;PI;FALSE;b752c464-c7fb-4a52-a0c3-3b2d3db5d62f
54be9d4e-0d3a-4b8a-b908-4989018a10e5;Baki ;Cakici;PI;FALSE;b614ac6f-eefa-44a3-8b9a-092b88d86d37
8ad1cfa5-08f9-41fc-8558-94209afce88a;Anna ;Brynskov;PI;FALSE;b611f406-3531-4b9a-a511-831d28cf62ef
2d0e4509-f039-49bc-b670-0d5d3e31284b;Louie Søs;Meyer;CoI;FALSE;b55a7155-5e64-4230-b7da-94f7872e9742
5c14f2cf-9f83-4b48-b608-8f504edc970c;Louie Søs;Meyer;CoI;FALSE;b55a7155-5e64-4230-b7da-94f7872e9742
651c41e7-057d-4e62-8d5d-d106e588e355;Shyam;Sudhakaran;CoI;FALSE;b4a6e67f-0caa-4faf-a136-bf77496f3659
b89d0b30-96a0-4ea3-89d3-22cb75fd5622;Shyam;Sudhakaran;CoI;FALSE;b4a6e67f-0caa-4faf-a136-bf77496f3659
91b0563a-0942-47e8-9257-d6325edc5cea;Shyam;Sudhakaran;CoI;FALSE;b4a6e67f-0caa-4faf-a136-bf77496f3659
939931f6-183c-46e0-a8da-1464aa7bc66c;Dooley Joel;Murphy;Collaborator;FALSE;b49cff0e-6cf0-43ac-8e3e-65845cdfff93
5140d65f-c9c2-4102-ade1-a656cce36387;Harshit ;Harshit;CoI;FALSE;b2d076fd-b924-4251-abbe-d86ecbed2004
820953a2-9085-49f5-84eb-2b7b90f26f74;Jesper ;Bengtson;CoI;FALSE;b2b68ce2-6257-45bf-ab48-dc17d05c885e
b10dc8f6-0aec-47e7-91a2-60d11b9deadf;Jesper ;Bengtson;PI;FALSE;b2b68ce2-6257-45bf-ab48-dc17d05c885e
4d0d5ca1-0e3e-4709-9b43-3fb58b57869c;Jesper ;Bengtson;CoPI;FALSE;b2b68ce2-6257-45bf-ab48-dc17d05c885e
db4436b5-631c-4a43-acd4-404a58e2866f;Bailey ;Dacre;CoI;FALSE;ae381d9e-1028-4309-b7a2-8cf83a65c0b8
074b9716-bceb-4e07-90dd-a3c3eaf359ba;Bailey ;Dacre;Collaborator;FALSE;ae381d9e-1028-4309-b7a2-8cf83a65c0b8
22ea45b9-d963-4887-95d1-13cd2586ef3a;Stella ;Grasshof;PI;FALSE;ad50bed7-77fd-4c7f-819c-54455506e3f0
28c482c8-3f29-4c4d-abae-c3ea636d65c1;Stella ;Grasshof;CoI;FALSE;ad50bed7-77fd-4c7f-819c-54455506e3f0
4c04ec87-4051-4ede-a971-ff8badc270f6;Stella ;Grasshof;Collaborator;FALSE;ad50bed7-77fd-4c7f-819c-54455506e3f0
e7f0f9c0-f733-47d2-aa61-09c7d53ae85a;Stella ;Grasshof;CoI;FALSE;ad50bed7-77fd-4c7f-819c-54455506e3f0
1dc28a98-76d2-49ed-955e-11f59c130716;Stella ;Grasshof;PI;FALSE;ad50bed7-77fd-4c7f-819c-54455506e3f0
4987b885-b7be-40e1-bdee-3a740cab8d39;Stella ;Grasshof;CoI;FALSE;ad50bed7-77fd-4c7f-819c-54455506e3f0
28c482c8-3f29-4c4d-abae-c3ea636d65c1;Arzu Burcu;Güven;Collaborator;FALSE;ad34a0be-1ed8-477e-a356-cbe1195ea315
524b4d8b-c35d-4c77-89d4-8d13cbdb2fab;Ehsan ;Yousefzadeh-Asl-Miandoab;CoI;FALSE;ac400e55-5188-4efd-872a-12df089e7068
32e83e51-c4c7-4917-8d65-0d00c6972e53;Ehsan ;Yousefzadeh-Asl-Miandoab;Collaborator;FALSE;ac400e55-5188-4efd-872a-12df089e7068
9e98baef-2889-400b-b93c-6ca1b9303acb;Ehsan ;Yousefzadeh-Asl-Miandoab;Collaborator;FALSE;ac400e55-5188-4efd-872a-12df089e7068
daf3efec-d318-4066-9e9f-6c4599fcd560;Eva ;Rotenberg;PI;FALSE;ab7600cd-0bd2-4d86-9def-2c6fd1ade1c5
bd6a8c04-9308-487b-8323-4b72896ec674;Eva ;Rotenberg;PI;FALSE;ab7600cd-0bd2-4d86-9def-2c6fd1ade1c5
3c43d443-57c9-4d0a-bcd0-3d0c856ce010;Eva ;Rotenberg;PI;FALSE;ab7600cd-0bd2-4d86-9def-2c6fd1ade1c5
b9094b7e-3942-470e-b7c5-618fca805337;Eva ;Rotenberg;PI;FALSE;ab7600cd-0bd2-4d86-9def-2c6fd1ade1c5
1b24e063-c479-47e0-a8c1-47c039848a85;Mads Bjerregaard ;Andersen;CoI;FALSE;a788557f-cc3f-41f7-8004-5d1bf002e0c9
413ee3d4-cb73-462c-9d0b-49eda39d9919;Matas ;Sabalas;PI;FALSE;a63425bf-3843-42e2-9039-582dddf58821
396e5fcc-e388-49a1-9f82-f625c28248b1;Christina Frederikke;Nissen;CoI;FALSE;a4d5d125-061e-4594-b4e4-1389a19ff99f
3fdee8d2-5455-4d30-87d7-3e036f3484c3;Jörn ;Christiansson;CoI;FALSE;a4c1604d-b01f-46ef-baf3-74d2a8046d6b
b2007c46-b905-447f-9a57-e2699c43aa3c;Jörn ;Christiansson;PI;FALSE;a4c1604d-b01f-46ef-baf3-74d2a8046d6b
c7ff4234-d9d4-4a7d-92c0-23b4c971bfe9;Jörn ;Christiansson;CoI;FALSE;a4c1604d-b01f-46ef-baf3-74d2a8046d6b
4d82f1f3-3bfd-4b4f-b906-501050b7b42c;Jörn ;Christiansson;PI;FALSE;a4c1604d-b01f-46ef-baf3-74d2a8046d6b
6a47283a-c073-4d31-be9b-92c1d3b59e6f;Sebastian ;Risi;PI;FALSE;a420ffb3-2ca6-4925-a25f-baaa5228fc15
17e1e227-7f62-424a-abd5-4d6b119572fc;Sebastian;Risi;CoI;FALSE;a420ffb3-2ca6-4925-a25f-baaa5228fc15
6e76e8f9-3d76-46a0-9ca7-ad943a39e26e;Sebastian;Risi;PI;FALSE;a420ffb3-2ca6-4925-a25f-baaa5228fc15
b0e79cb1-7d28-4efa-a4b5-9afb39ec7d33;Sebastian ;Risi;PI;FALSE;a420ffb3-2ca6-4925-a25f-baaa5228fc15
6f7979df-0206-4ab9-904b-2a7cd6630cdb;Sebastian;Risi;PI;FALSE;a420ffb3-2ca6-4925-a25f-baaa5228fc15
8146f4ce-2057-47de-80a7-f7707e6506e0;Sebastian ;Risi;PI;FALSE;a420ffb3-2ca6-4925-a25f-baaa5228fc15
2c6b03f5-0bad-4430-becb-8d36b5fb4caa;Sebastian;Risi;PI;FALSE;a420ffb3-2ca6-4925-a25f-baaa5228fc15
c52de284-a5d5-4e86-b024-ee1508c043e5;Sebastian ;Risi;PI;FALSE;a420ffb3-2ca6-4925-a25f-baaa5228fc15
f28d26d8-45fd-46c7-aa96-a43db51fba90;Sebastian;Risi;PI;FALSE;a420ffb3-2ca6-4925-a25f-baaa5228fc15
28c482c8-3f29-4c4d-abae-c3ea636d65c1;Sebastian ;Risi;CoI;FALSE;a420ffb3-2ca6-4925-a25f-baaa5228fc15
651c41e7-057d-4e62-8d5d-d106e588e355;Sebastian;Risi;PI;FALSE;a420ffb3-2ca6-4925-a25f-baaa5228fc15
5c14f2cf-9f83-4b48-b608-8f504edc970c;Sebastian;Risi;PI;FALSE;a420ffb3-2ca6-4925-a25f-baaa5228fc15
b89d0b30-96a0-4ea3-89d3-22cb75fd5622;Sebastian ;Risi;PI;FALSE;a420ffb3-2ca6-4925-a25f-baaa5228fc15
47e06774-9088-4465-8ab8-f8c27cd731d6;Sebastian ;Risi;PI;FALSE;a420ffb3-2ca6-4925-a25f-baaa5228fc15
c8211d83-460f-41fa-b8cf-b8c031b8b18b;Sebastian ;Risi;PI;FALSE;a420ffb3-2ca6-4925-a25f-baaa5228fc15
39d18547-01f7-4fbc-9794-cb87a4530afb;Sebastian ;Risi;PI;FALSE;a420ffb3-2ca6-4925-a25f-baaa5228fc15
f41e5c15-7b52-4fd2-a007-6b36c382c090;Sebastian ;Risi;PI;FALSE;a420ffb3-2ca6-4925-a25f-baaa5228fc15
91b0563a-0942-47e8-9257-d6325edc5cea;Sebastian ;Risi;PI;FALSE;a420ffb3-2ca6-4925-a25f-baaa5228fc15
329b2f51-1933-4974-88a3-ba9671a2961f;Sebastian;Risi;PI;FALSE;a420ffb3-2ca6-4925-a25f-baaa5228fc15
7bc64ab7-833b-4039-8629-2be2032f98de;Sebastian;Risi;PI;FALSE;a420ffb3-2ca6-4925-a25f-baaa5228fc15
eac60df9-3b9b-4910-9700-2d23d577e728;Andrzej ;Wasowski;CoI;FALSE;a39b94ff-e1b6-4b96-8404-486167a9123d
19e3b064-21f8-47c1-8b9d-f531323964d4;Andrzej ;Wasowski;PI;FALSE;a39b94ff-e1b6-4b96-8404-486167a9123d
baaacdcd-40b8-4d34-9f9f-a885bcd6ebb0;Andrzej ;Wasowski;PI;FALSE;a39b94ff-e1b6-4b96-8404-486167a9123d
4cac7654-2655-4c1b-b201-1ef33d01b353;Andrzej ;Wasowski;PI;FALSE;a39b94ff-e1b6-4b96-8404-486167a9123d
8146f4ce-2057-47de-80a7-f7707e6506e0;Andrzej ;Wasowski;PI;FALSE;a39b94ff-e1b6-4b96-8404-486167a9123d
7a35b865-2730-45a6-8fdc-b508699fa03a;Andrzej ;Wasowski;CoI;FALSE;a39b94ff-e1b6-4b96-8404-486167a9123d
0e937186-7936-4856-849b-95334a99a6af;Andrzej ;Wasowski;PI;FALSE;a39b94ff-e1b6-4b96-8404-486167a9123d
4c04ec87-4051-4ede-a971-ff8badc270f6;Andrzej ;Wasowski;PI;FALSE;a39b94ff-e1b6-4b96-8404-486167a9123d
3d246d02-274d-4bba-8760-0ee09fa39b32;Andrzej ;Wasowski;PI;FALSE;a39b94ff-e1b6-4b96-8404-486167a9123d
0f5d7921-6113-492b-a852-12964960abc7;Andrzej ;Wasowski;CoI;FALSE;a39b94ff-e1b6-4b96-8404-486167a9123d
faea8981-d71e-45e2-8ed6-052110ceb865;Andrzej ;Wasowski;PI;FALSE;a39b94ff-e1b6-4b96-8404-486167a9123d
cd1658f4-8302-49a8-9a71-d42f7168fc36;Andrzej ;Wasowski;PI;FALSE;a39b94ff-e1b6-4b96-8404-486167a9123d
46656e52-d2b4-4f57-b0b9-d9b3201e1c31;Andrzej ;Wasowski;PI;FALSE;a39b94ff-e1b6-4b96-8404-486167a9123d
bb67840b-2925-4c4f-8dc7-70461c518b22;Andrzej ;Wasowski;PI;FALSE;a39b94ff-e1b6-4b96-8404-486167a9123d
20a8720a-ab29-4536-a64b-2d33d851280d;Andrzej ;Wasowski;Collaborator;FALSE;a39b94ff-e1b6-4b96-8404-486167a9123d
1395e452-c10b-4f53-ad5e-0dbb33a231ce;Andrzej ;Wasowski;PI;FALSE;a39b94ff-e1b6-4b96-8404-486167a9123d
c0f83230-1cd4-4d68-bd34-43f6f0fc71fb;Andrzej ;Wasowski;PI;FALSE;a39b94ff-e1b6-4b96-8404-486167a9123d
2c5def6b-8c33-4364-bc74-aa8f73ecfcca;Andrzej ;Wasowski;CoI;FALSE;a39b94ff-e1b6-4b96-8404-486167a9123d
fe5d08b6-87b8-4b95-8be8-7878d1f282af;Andrzej ;Wasowski;PI;FALSE;a39b94ff-e1b6-4b96-8404-486167a9123d
8146f4ce-2057-47de-80a7-f7707e6506e0;Melanie Duckert;Schmidt;CoI;FALSE;a0f5a47c-1073-4c01-b62d-51b767f01d69
33b3fc7e-5aad-48c0-877c-ada1be556f22;Christian Janos;Lebeda;CoI;FALSE;a0e31b8c-3d9c-4b68-834d-d4c06914b69f
9a7a0308-9c35-463c-9d04-cd3f31ae718e;Christian Janos;Lebeda;CoI;FALSE;a0e31b8c-3d9c-4b68-834d-d4c06914b69f
cf05e3ab-dd1b-4b2e-8649-490e0824d02e;Gry Krogager;Lund;PI;FALSE;a01fb25e-ca57-4ab4-b781-7303196f16ce
e7d8b595-d142-4a34-bfb1-0a9f04cb1cdf;Mikala;Hansbøl;CoI;FALSE;a0141d84-9000-4cb4-9fbf-8d8377d7b66d
d9ae1f9c-c9ff-4c8f-a3c3-5b8c05b9b6d8;Willard ;Rafnsson;CoI;FALSE;9cf737ee-bd9a-4f7e-b865-b6ff6ed01fde
a99d5960-9803-4df2-aa16-981af4a8a414;Willard ;Rafnsson;PI;FALSE;9cf737ee-bd9a-4f7e-b865-b6ff6ed01fde
4c2b07e4-55c6-44be-947a-9f764eeaf31e;Willard ;Rafnsson;CoI;FALSE;9cf737ee-bd9a-4f7e-b865-b6ff6ed01fde
32cd90e9-731c-457e-a7b8-25fd6760928b;Willard ;Rafnsson;PI;FALSE;9cf737ee-bd9a-4f7e-b865-b6ff6ed01fde
45f263dd-1188-41c4-bb96-9e8a27753837;Willard ;Rafnsson;CoI;FALSE;9cf737ee-bd9a-4f7e-b865-b6ff6ed01fde
08bc731f-9eaa-4b49-be28-d23ca221ba6d;Willard ;Rafnsson;PI;FALSE;9cf737ee-bd9a-4f7e-b865-b6ff6ed01fde
c0f83230-1cd4-4d68-bd34-43f6f0fc71fb;Willard ;Rafnsson;CoI;FALSE;9cf737ee-bd9a-4f7e-b865-b6ff6ed01fde
3626f7c0-d0fa-4cb7-bd88-24e3ee844029;Emily Louisa Laue;Christensen;Collaborator;FALSE;9ccc3d10-9e1d-4947-bd62-5d789604477e
7ee17c5d-2d57-4179-b42a-6213d5278303;Hanna Elina;Wirman;PI;FALSE;9ba013db-4c4d-41dd-be12-dbe188f67f29
1f37cc01-5816-4c09-bc9a-7c4a9718244c;Hanna Elina;Wirman;CoI;FALSE;9ba013db-4c4d-41dd-be12-dbe188f67f29
dec18386-7572-4600-aebd-ab3a3fa32b4f;Hanna Elina;Wirman;PI;FALSE;9ba013db-4c4d-41dd-be12-dbe188f67f29
5237bf48-25e5-4a73-81f1-0e374b70a423;Mattes ;Ruckdeschel;Collaborator;FALSE;996a21e3-30b2-4b17-8031-85d66aa00ffa
2c6b03f5-0bad-4430-becb-8d36b5fb4caa;Elias ;Najarro;Collaborator;FALSE;98a59a44-499e-4a6e-a8e8-24211f117b23
b89d0b30-96a0-4ea3-89d3-22cb75fd5622;Elias ;Najarro;CoI;FALSE;98a59a44-499e-4a6e-a8e8-24211f117b23
47e06774-9088-4465-8ab8-f8c27cd731d6;Elias ;Najarro;CoI;FALSE;98a59a44-499e-4a6e-a8e8-24211f117b23
f41e5c15-7b52-4fd2-a007-6b36c382c090;Elias ;Najarro;CoI;FALSE;98a59a44-499e-4a6e-a8e8-24211f117b23
115736de-5b8c-4d29-ad2e-8898f9a19e77;Luis Alfredo Landa;Mariaca;CoI;FALSE;986bf923-1db1-4387-85ed-db9c03a27ab5
28c482c8-3f29-4c4d-abae-c3ea636d65c1;Olga ;Iarygina;CoI;FALSE;977ec015-b047-44f1-8aa9-bda7d606c977
2ca6fcc0-4e7d-4fb9-b4cb-12e19d6338cd;Olga ;Iarygina;CoI;FALSE;977ec015-b047-44f1-8aa9-bda7d606c977
0ceff908-b0cc-4033-bc28-ea4afe61db99;Priscila Santos da;Costa;CoI;FALSE;9734ef6f-09d1-4ca1-b968-6ad34872d504
3c096907-2670-45af-9e43-4d828d45b072;Priscila Santos da;Costa;CoI;FALSE;9734ef6f-09d1-4ca1-b968-6ad34872d504
115736de-5b8c-4d29-ad2e-8898f9a19e77;Priscila Santos da;Costa;CoI;FALSE;9734ef6f-09d1-4ca1-b968-6ad34872d504
97a02d87-e5f3-4336-a161-ed76fd0342c4;Christian ;Hardmeier;CoI;FALSE;9504265d-0046-4e58-b529-256a656c012d
28c482c8-3f29-4c4d-abae-c3ea636d65c1;Christian ;Hardmeier;CoI;FALSE;9504265d-0046-4e58-b529-256a656c012d
4bfcdb8a-694f-4e96-8646-abe00eee5819;Christian ;Hardmeier;CoI;FALSE;9504265d-0046-4e58-b529-256a656c012d
d6a7f667-d9cc-4184-a5b9-9a412c7ef8d0;Christian ;Hardmeier;PI;FALSE;9504265d-0046-4e58-b529-256a656c012d
df3b966a-5097-48e1-81f4-7b93f29c28a0;Christian ;Hardmeier;PI;FALSE;9504265d-0046-4e58-b529-256a656c012d
8aa9cd8c-7911-45bb-94dc-9823abd43124;Christian ;Hardmeier;PI;FALSE;9504265d-0046-4e58-b529-256a656c012d
54d5aeb6-716e-46dd-b34a-cb8057be82a4;Lars Rune;Christensen;PI;FALSE;92f6c3f3-0ad2-40fc-b278-69170f87567d
5dfefa18-89b7-41ca-b016-05f24da59579;Lars Rune;Christensen;CoI;FALSE;92f6c3f3-0ad2-40fc-b278-69170f87567d
f9613974-23dd-4af9-b328-b9472531403e;Lars Rune;Christensen;CoI;FALSE;92f6c3f3-0ad2-40fc-b278-69170f87567d
04ca7eda-07a3-4ceb-be18-8921e37c7d74;Lars Rune;Christensen;PI;FALSE;92f6c3f3-0ad2-40fc-b278-69170f87567d
692ba9a6-defc-4d0f-a278-423a6f0cfeda;Lars Rune;Christensen;PI;FALSE;92f6c3f3-0ad2-40fc-b278-69170f87567d
0e80f60f-45a9-4c29-a4b0-6743f238591d;Lars Rune;Christensen;PI;FALSE;92f6c3f3-0ad2-40fc-b278-69170f87567d
c70d384c-1d6c-43ea-aa04-de9e4e6ef791;Steen;Brahe;PI;FALSE;9114ff72-bd52-4bd3-b5a1-bbe1412e98f3
a791bd61-293d-4ebe-9d23-03a2e51ac31e;Michele;Coscia;PI;FALSE;90b501a9-4d44-460b-b193-4d7d524bb21b
28c482c8-3f29-4c4d-abae-c3ea636d65c1;Michele ;Coscia;CoI;FALSE;90b501a9-4d44-460b-b193-4d7d524bb21b
7c8c52ab-580b-470e-b0b6-99524904f146;Michele;Coscia;PI;FALSE;90b501a9-4d44-460b-b193-4d7d524bb21b
2166f99a-dd86-417c-9900-d7d8ec9a5fce;Michele;Coscia;PI;FALSE;90b501a9-4d44-460b-b193-4d7d524bb21b
8c230088-e35e-4a7b-b380-1ce096fd0ede;Michele;Coscia;PI;FALSE;90b501a9-4d44-460b-b193-4d7d524bb21b
08508b88-3d4e-490b-8832-9a4fd56f189c;Michele ;Coscia;PI;FALSE;90b501a9-4d44-460b-b193-4d7d524bb21b
a507601c-13b2-43e4-9c7f-177b3dd104f0;Prateek ;Dwivedi;CoI;FALSE;9034a399-92b2-4ad0-bdfe-d65c494dea58
ee36c318-11de-4301-8b75-6d6ebe121e01;Marco;Carbone;PI;FALSE;9027b41a-4159-4db7-9ddd-8fc8f41f1fb3
85a633e3-4ceb-452b-9870-52e2f69289d5;Marco;Carbone;CoI;FALSE;9027b41a-4159-4db7-9ddd-8fc8f41f1fb3
d9ae1f9c-c9ff-4c8f-a3c3-5b8c05b9b6d8;Marco ;Carbone;PI;FALSE;9027b41a-4159-4db7-9ddd-8fc8f41f1fb3
b6ca6347-45a3-4d1d-85ef-4d8a04292324;Marco;Carbone;PI;FALSE;9027b41a-4159-4db7-9ddd-8fc8f41f1fb3
d8b7c6ae-e4be-4631-8e5e-34d5dcaf620a;Marco;Carbone;PI;FALSE;9027b41a-4159-4db7-9ddd-8fc8f41f1fb3
4d0d5ca1-0e3e-4709-9b43-3fb58b57869c;Marco ;Carbone;PI;FALSE;9027b41a-4159-4db7-9ddd-8fc8f41f1fb3
f106c784-f371-4ef8-8299-babd4c010f18;Marco;Carbone;CoI;FALSE;9027b41a-4159-4db7-9ddd-8fc8f41f1fb3
b6c2beaf-7b50-4046-8ce8-fb83130ec7fe;Marco;Carbone;PI;FALSE;9027b41a-4159-4db7-9ddd-8fc8f41f1fb3
bf1ab9c0-12cb-402a-ac01-3179dddf2e61;Raha ;Asadi;CoI;FALSE;8ee88b26-8053-4761-8c8d-91a2941a9df9
28c482c8-3f29-4c4d-abae-c3ea636d65c1;Rob van der;Goot;CoI;FALSE;8e5f2a6c-c817-4a90-b48b-d9171743ad0f
e17718bb-2366-45bd-9490-b513db3e77d7;Rob van der;Goot;PI;FALSE;8e5f2a6c-c817-4a90-b48b-d9171743ad0f
cdf9f5a6-86d4-4aa9-b627-f07790f935c1;Rob;van der Goot;CoI;FALSE;8e5f2a6c-c817-4a90-b48b-d9171743ad0f
b6756336-3fb7-43db-bf24-2f44fd14c5c3;Maria Sinziiana;Astefanoaei;PI;FALSE;8bd9b364-d90f-486f-9965-84cd3dc63ca3
91b0563a-0942-47e8-9257-d6325edc5cea;Maria Sinziiana;Astefanoaei;CoI;FALSE;8bd9b364-d90f-486f-9965-84cd3dc63ca3
292137c0-8a9c-4635-9e86-22bef58b6fcb;Maria Sinziiana;Astefanoaei;PI;FALSE;8bd9b364-d90f-486f-9965-84cd3dc63ca3
115736de-5b8c-4d29-ad2e-8898f9a19e77;Katinka Amalie;Schyberg;CoI;FALSE;8aaf5ea6-92c2-4780-bba3-cdc171315e0b
89f14e97-e7b4-488c-a667-40d29d7efe26;Olivia Thomassen;Harre;PI;FALSE;8949ca8c-746d-4a53-b816-ec9ebf06764c
c0c821bf-a85a-404b-86a3-12b0f62c20bb;Olivia Thomassen;Harre;Collaborator;FALSE;8949ca8c-746d-4a53-b816-ec9ebf06764c
a075adc0-abb3-430c-8035-95fc7a8b8250;Gopalan;Nadathur;CoI;FALSE;88507577-fe21-433b-8253-c6115383730b
feac0ff3-6475-4125-b2b9-98479b3cfc3a;Natalie ;Schluter;PI;FALSE;879e7ac4-e64c-4c5f-9591-421e56cd0678
76f53d5f-ede1-4cff-9247-d7f635bd113b;Natalie ;Schluter;PI;FALSE;879e7ac4-e64c-4c5f-9591-421e56cd0678
4bfcdb8a-694f-4e96-8646-abe00eee5819;Natalie ;Schluter;PI;FALSE;879e7ac4-e64c-4c5f-9591-421e56cd0678
516759c6-100c-49bd-9893-30e1e0bb8687;Natalie ;Schluter;PI;FALSE;879e7ac4-e64c-4c5f-9591-421e56cd0678
fc494832-7cdb-4ddd-b576-f464434f2ed0;Natalie ;Schluter;PI;FALSE;879e7ac4-e64c-4c5f-9591-421e56cd0678
6a47283a-c073-4d31-be9b-92c1d3b59e6f;Payam ;Zahadat;CoI;FALSE;8785f18a-1bf3-4c63-8d8b-d3e5d516ca40
db4436b5-631c-4a43-acd4-404a58e2866f;Payam ;Zahadat;CoI;FALSE;8785f18a-1bf3-4c63-8d8b-d3e5d516ca40
a01e82a8-1c5d-49ad-aae9-45dce9e0a1ce;Payam ;Zahadat;CoI;FALSE;8785f18a-1bf3-4c63-8d8b-d3e5d516ca40
074b9716-bceb-4e07-90dd-a3c3eaf359ba;Payam ;Zahadat;CoI;FALSE;8785f18a-1bf3-4c63-8d8b-d3e5d516ca40
7bf9578f-29aa-4a51-82f7-7e3f6b66a6d6;Yucheng;Lu;CoI;FALSE;864e737f-8deb-4b43-8403-8edb558e8567
820953a2-9085-49f5-84eb-2b7b90f26f74;Mads;Hartmann Jensen;CoI;FALSE;8627449e-0403-47b5-bb0c-6ae099fd94e2
939931f6-183c-46e0-a8da-1464aa7bc66c;Markus Løfgren;Elvig;Collaborator;FALSE;85625f7d-709f-492e-b8af-06e6be54ff67
4bfcdb8a-694f-4e96-8646-abe00eee5819;David ;Sasu;CoI;FALSE;845595fe-6614-4cf2-968c-3e815db79b4d
5237bf48-25e5-4a73-81f1-0e374b70a423;Amelie ;Wührl;Collaborator;FALSE;839b9aee-0580-49ac-90c5-8e9d98880d56
c5b5343d-48e1-49ea-a7b4-07bdfc23ca72;Louise;Barkhuus;PI;FALSE;831421c0-027f-4a25-b795-ee2fce0c8d2a
8146f4ce-2057-47de-80a7-f7707e6506e0;Louise ;Barkhuus;PI;FALSE;831421c0-027f-4a25-b795-ee2fce0c8d2a
396e5fcc-e388-49a1-9f82-f625c28248b1;Louise;Barkhuus;CoI;FALSE;831421c0-027f-4a25-b795-ee2fce0c8d2a
35203d5b-8d9b-4719-aeb2-6f5074ac1686;Louise ;Barkhuus;CoI;FALSE;831421c0-027f-4a25-b795-ee2fce0c8d2a
8c634482-49e2-4d00-82e9-788283bfe90d;Louise;Barkhuus;PI;FALSE;831421c0-027f-4a25-b795-ee2fce0c8d2a
1550b177-ea65-4622-a400-60ce9cc9053d;Louise ;Barkhuus;PI;FALSE;831421c0-027f-4a25-b795-ee2fce0c8d2a
520a1d77-0114-475f-8622-c46c122a0a82;Louise;Barkhuus;CoI;FALSE;831421c0-027f-4a25-b795-ee2fce0c8d2a
b2ecef34-ff7e-4233-b352-7bd3db84991b;Louise;Barkhuus;PI;FALSE;831421c0-027f-4a25-b795-ee2fce0c8d2a
7bc64ab7-833b-4039-8629-2be2032f98de;Louise;Barkhuus;CoI;FALSE;831421c0-027f-4a25-b795-ee2fce0c8d2a
e479a7db-8568-4a13-94d9-2f35abbdf2cb;Louise;Barkhuus;CoI;FALSE;831421c0-027f-4a25-b795-ee2fce0c8d2a
41af0c4e-b311-4027-a76a-00f3ac2556f7;Louise;Barkhuus;PI;FALSE;831421c0-027f-4a25-b795-ee2fce0c8d2a
faea8981-d71e-45e2-8ed6-052110ceb865;Louise ;Barkhuus;PI;FALSE;831421c0-027f-4a25-b795-ee2fce0c8d2a
7e748c78-05b0-401e-ab55-72f2670a4b45;Louise;Barkhuus;CoI;FALSE;831421c0-027f-4a25-b795-ee2fce0c8d2a
76cb5d46-afe1-495d-af7a-8ab6befa08eb;Louise;Barkhuus;PI;FALSE;831421c0-027f-4a25-b795-ee2fce0c8d2a
a4eefe5d-08f9-41dd-9a3d-f5f76bafc694;Louise;Barkhuus;CoI;FALSE;831421c0-027f-4a25-b795-ee2fce0c8d2a
52a01177-cd06-419b-bd2e-ea8d358a7f44;Louise;Barkhuus;PI;FALSE;831421c0-027f-4a25-b795-ee2fce0c8d2a
061dd7d9-61b9-4f58-a036-47cb615f81bc;Louise ;Barkhuus;CoI;FALSE;831421c0-027f-4a25-b795-ee2fce0c8d2a
b0543225-f5d9-47e8-98e0-bd5da3e0fa4a;Louise;Barkhuus;PI;FALSE;831421c0-027f-4a25-b795-ee2fce0c8d2a
b7b111ff-8b8b-433a-b476-c8ddc9ef874a;Megan Lynn;Maurer;CoI;FALSE;82f8ffa4-b7d6-490d-b3b4-2c68b79cd77a
3bb84384-51de-4ad8-969e-8e4ed58c7fd8;Megan Lynn;Maurer;CoI;FALSE;82f8ffa4-b7d6-490d-b3b4-2c68b79cd77a
61c7d172-89a8-4925-9dad-3fa983375a00;Megan Lynn;Maurer;CoI;FALSE;82f8ffa4-b7d6-490d-b3b4-2c68b79cd77a
3da6905f-6735-4fa3-8923-5e0d4352cc46;Megan Lynn;Maurer;PI;FALSE;82f8ffa4-b7d6-490d-b3b4-2c68b79cd77a
d0796f54-9b0c-4dfe-980d-a4bc1a5a4e76;Kai ;Budrikas;CoI;FALSE;81de28ef-db46-405c-a49b-79af67660d89
db4436b5-631c-4a43-acd4-404a58e2866f;Pratik Suresh;Ingle;CoI;FALSE;8141993a-b522-4f30-8e3c-626566a037b4
074b9716-bceb-4e07-90dd-a3c3eaf359ba;Pratik Suresh;Ingle;Collaborator;FALSE;8141993a-b522-4f30-8e3c-626566a037b4
78e0e2e2-82fd-412e-b4ff-aa7f46dca3d4;Rune Kristian Lundedal;Nielsen;CoI;FALSE;80784458-06f6-4eff-b0c8-df982ffa9835
16e7a68a-1a39-4e97-82bd-cdad60df959b;Rune Kristian Lundedal;Nielsen;CoI;FALSE;80784458-06f6-4eff-b0c8-df982ffa9835
922f45db-36f2-4c36-bbd9-35d6bdc83cae;Rune Kristian Lundedal;Nielsen;CoI;FALSE;80784458-06f6-4eff-b0c8-df982ffa9835
c5d1965f-621e-4f0f-9071-1823ccc20fc9;Rune Kristian Lundedal;Nielsen;PI;FALSE;80784458-06f6-4eff-b0c8-df982ffa9835
90a18c30-a468-4c17-b58f-24273afb4e48;Rune Kristian Lundedal;Nielsen;PI;FALSE;80784458-06f6-4eff-b0c8-df982ffa9835
bdde8479-094e-45e7-a41d-f6e88594dd4a;Vasiliki ;Tsaknaki;PI;FALSE;805cae2a-3462-4130-88de-cc7d94aec0a5
d0360b60-3c3a-47d2-acf0-223ec3248818;Thomas Vase Schultz;Volden;PI;FALSE;7e884581-3d40-42e6-af12-453e052c9c87
33b3fc7e-5aad-48c0-877c-ada1be556f22;Andreas;Björklund;CoI;FALSE;7e6e312c-7d1b-4d6a-ac22-385bab06ee41
9a7a0308-9c35-463c-9d04-cd3f31ae718e;Andreas;Björklund;CoI;FALSE;7e6e312c-7d1b-4d6a-ac22-385bab06ee41
b9a16db3-8a13-4c52-bc2f-a0eb42bfae3d;Alejandro Lorite;Mora;Collaborator;FALSE;7df5fb79-5850-4de3-8594-323f1915ff1e
610fe295-e17f-415b-b874-267047f0d4ca;Andres ;Faina;CoI;FALSE;7dd48cfe-3069-4563-bef4-ef661c18387a
db4436b5-631c-4a43-acd4-404a58e2866f;Andres ;Faina;CoI;FALSE;7dd48cfe-3069-4563-bef4-ef661c18387a
5c0cc9c6-9752-4e9c-9ec7-219daef07620;Andres ;Faina;CoI;FALSE;7dd48cfe-3069-4563-bef4-ef661c18387a
074b9716-bceb-4e07-90dd-a3c3eaf359ba;Andres ;Faina;CoI;FALSE;7dd48cfe-3069-4563-bef4-ef661c18387a
b9a16db3-8a13-4c52-bc2f-a0eb42bfae3d;Andres ;Faina;PI;FALSE;7dd48cfe-3069-4563-bef4-ef661c18387a
771225ad-7309-4703-9dab-80cb43e466d7;Andres ;Faina;Collaborator;FALSE;7dd48cfe-3069-4563-bef4-ef661c18387a
787ce79c-5324-4044-8e7d-b6bca414864b;Eduard ;Kamburjan;PI;FALSE;7dd2f4fa-dd14-4676-8f1a-f719f213f64f
8bcd1359-3f40-4d7e-a3bc-fc05f427fac0;Lena ;Kühn;CoI;FALSE;7d7aa141-f716-4165-a057-f49e3f5d5b1e
e49f3265-032f-43bd-b627-83a5ffc0544a;Frauke Tom H;Mennes;PI;FALSE;7d122c0d-2d26-473c-a009-6eb58b898928
e1f135eb-7e63-4733-8167-57273dd80d8e;Jan ;Pries-Heje;PI;FALSE;79ebe3ed-0527-4160-9af6-be0b0853b00e
3b67b1fc-9782-406f-996d-551dedfd2f6d;Jan ;Pries-Heje;PI;FALSE;79ebe3ed-0527-4160-9af6-be0b0853b00e
b3ff97c9-e965-4228-82d6-11d02c1beb1d;Jan ;Pries-Heje;PI;FALSE;79ebe3ed-0527-4160-9af6-be0b0853b00e
9f83ca3e-d774-470b-9ef6-e1e0098b860f;Mike;Zhang;CoI;FALSE;78a992d3-b8eb-4fd6-8a5e-18c464d0b254
87b9d762-9ea2-4c1d-a75f-33ab63f0dfc2;Carolina;Velasco;PI;FALSE;789b6eac-8500-4bf3-bd31-bc9db5e771fa
76f53d5f-ede1-4cff-9247-d7f635bd113b;Leon ;Derczynski;CoI;FALSE;785a7089-e58e-4aaa-986d-ae0e615ba508
97a02d87-e5f3-4336-a161-ed76fd0342c4;Leon ;Derczynski;PI;FALSE;785a7089-e58e-4aaa-986d-ae0e615ba508
3d294447-f189-4c6d-b97c-5bc708fcc648;Leon ;Derczynski;PI;FALSE;785a7089-e58e-4aaa-986d-ae0e615ba508
97f76b43-8d08-42d6-bb32-9752c1c38ef2;Leon ;Derczynski;PI;FALSE;785a7089-e58e-4aaa-986d-ae0e615ba508
57db6982-838f-4e23-91d0-baf208bc96fe;Leon ;Derczynski;PI;FALSE;785a7089-e58e-4aaa-986d-ae0e615ba508
f02c91da-a5ce-4aa9-99e8-140136d14aa9;Leon ;Derczynski;PI;FALSE;785a7089-e58e-4aaa-986d-ae0e615ba508
cea6bbe1-ef98-434d-ab7f-122ac69eacc1;Leon ;Derczynski;PI;FALSE;785a7089-e58e-4aaa-986d-ae0e615ba508
1cbc6b08-1a6a-438e-aefd-3811a68c4a61;Leon ;Derczynski;PI;FALSE;785a7089-e58e-4aaa-986d-ae0e615ba508
6f20f57b-6622-494e-81fc-bfb1340d32e5;Rahul Bangalore;Satish;CoI;FALSE;77359666-99eb-4d00-90af-6cbec6c4562b
c52de284-a5d5-4e86-b024-ee1508c043e5;Milton Llera;Montero;CoI;FALSE;7714a7e2-c618-414c-b295-067c651b524b
eab28385-3ed9-4610-a9ef-63985ee7a645;Niclas ;Classen;CoI;FALSE;757f57fc-f02b-41ac-8b45-d6b0b1392982
7492316d-f1c5-4c5a-88a7-480e15dec0a2;Christian Østergaard;Madsen;CoI;FALSE;74a08deb-18e1-48d0-a86e-ed6675da92ab
3e165725-56f9-4ad8-b2de-0d98d6dc25e8;Christian;Østergaard Madsen;CoI;FALSE;74a08deb-18e1-48d0-a86e-ed6675da92ab
9497b076-f227-4260-9243-fe1191cc3b5e;Christian;Østergaard Madsen;PI;FALSE;74a08deb-18e1-48d0-a86e-ed6675da92ab
34bde59f-bc47-44fb-81e8-1d675ca36df6;Christian;Østergaard Madsen;PI;FALSE;74a08deb-18e1-48d0-a86e-ed6675da92ab
ce8e2ce8-0470-4a8b-9c20-f54ca0265cf6;Christian;Østergaard Madsen;PI;FALSE;74a08deb-18e1-48d0-a86e-ed6675da92ab
38cecda7-bb24-4d49-8f67-cada7a740062;Christian;Østergaard Madsen;CoI;FALSE;74a08deb-18e1-48d0-a86e-ed6675da92ab
c82f5a3b-b237-48b8-8b59-b5ef25702f02;Luna ;Rasmussen;CoI;FALSE;74556ce3-9926-47a4-95b6-061d7bf041f5
4bc1a5b1-e2c9-4c56-8f85-8e2e5474b0a4;Yueran ;Tian;Collaborator;FALSE;737f8d04-2c81-4e24-a77e-55ffea40c345
3f6a03a7-6217-4d70-9bf5-0c229cf768f3;Safra Aurora Noelle;Martinussen;CoI;FALSE;7208d996-d004-402b-b6f9-36294ff67fcc
9f485f10-7bd6-485b-a9f2-967689449145;Robert ;Bayer;CoI;FALSE;71115e9d-836f-409e-8c75-27d2de3e9caa
32e83e51-c4c7-4917-8d65-0d00c6972e53;Robert ;Bayer;CoI;FALSE;71115e9d-836f-409e-8c75-27d2de3e9caa
5dfefa18-89b7-41ca-b016-05f24da59579;Sisse ;Finken;CoI;FALSE;70f3c85a-9cd2-40b4-bed9-5e2a75609421
92a3a94c-c825-4662-97bc-2b9d802618ea;Sisse ;Finken;CoI;FALSE;70f3c85a-9cd2-40b4-bed9-5e2a75609421
7492316d-f1c5-4c5a-88a7-480e15dec0a2;Fioralba ;Ajazi;CoI;FALSE;70ec5312-dd31-4816-a9f0-d91883214b0a
42c20f00-9bab-43b6-8234-0c6455d0c5cd;Morten Roed;Frederiksen;PI;FALSE;7016a7a0-c187-4a62-baef-0780150912d1
4e7a60ad-83de-493c-b0bf-3beb5c244963;Morten Roed;Frederiksen;PI;FALSE;7016a7a0-c187-4a62-baef-0780150912d1
9da07efd-9f25-4227-8994-e385cfc0861e;Morten Roed;Frederiksen;PI;FALSE;7016a7a0-c187-4a62-baef-0780150912d1
c006a8cf-ebb2-4bd4-94ae-01b5ea5f2ee2;Irina ;Papazu;CoI;FALSE;6ec63914-1f4e-4708-8830-1b054c2ee03a
f425df35-7a88-41a1-9d8d-ced2bd55e700;Irina ;Papazu;PI;FALSE;6ec63914-1f4e-4708-8830-1b054c2ee03a
815ff3aa-8225-4ed2-81c7-368c5a326843;Irina;Papazu;PI;FALSE;6ec63914-1f4e-4708-8830-1b054c2ee03a
51455974-553e-4f70-b330-1901d9efc34c;Irina;Papazu;CoI;FALSE;6ec63914-1f4e-4708-8830-1b054c2ee03a
22cbd24b-36a5-4187-8879-ab183e8b67c3;Irina;Papazu;PI;FALSE;6ec63914-1f4e-4708-8830-1b054c2ee03a
aba699a7-4f2f-4114-9f09-2036a5bb05b7;Irina;Papazu;PI;FALSE;6ec63914-1f4e-4708-8830-1b054c2ee03a
c21ca81d-1a5a-464b-b8be-f17c595fc87d;Irina;Papazu;PI;FALSE;6ec63914-1f4e-4708-8830-1b054c2ee03a
c2fb3aec-c5ad-496d-8f84-800848b7dc4d;Irina ;Papazu;Collaborator;FALSE;6ec63914-1f4e-4708-8830-1b054c2ee03a
c006a8cf-ebb2-4bd4-94ae-01b5ea5f2ee2;Simy Kaur;Gahoonia;CoI;FALSE;6c543b1d-8137-489d-b444-d17921fc9de9
92a3a94c-c825-4662-97bc-2b9d802618ea;Simy Kaur;Gahoonia;CoI;FALSE;6c543b1d-8137-489d-b444-d17921fc9de9
aba699a7-4f2f-4114-9f09-2036a5bb05b7;Simy Kaur;Gahoonia;Collaborator;FALSE;6c543b1d-8137-489d-b444-d17921fc9de9
7492316d-f1c5-4c5a-88a7-480e15dec0a2;Jon;Aaen;CoI;FALSE;6b81fcf4-173e-4e8b-86d6-2c9e7b4320c6
1afe974b-d602-4c5c-ab84-24ba24b7ce81;Luca Maria;Aiello;PI;FALSE;6aed9698-9a0c-4956-be0d-ec658bbfe09a
442bc168-730b-4bfc-beda-6d58da68b389;Luca Maria;Aiello;PI;FALSE;6aed9698-9a0c-4956-be0d-ec658bbfe09a
d23173e1-923f-410d-b125-bca38d06a63e;Luca Maria;Aiello;PI;FALSE;6aed9698-9a0c-4956-be0d-ec658bbfe09a
80123c3b-3ad3-4dc4-afa4-bba9b2a00fb0;Luca Maria;Aiello;PI;FALSE;6aed9698-9a0c-4956-be0d-ec658bbfe09a
18c62370-152c-4fae-8f67-6df3543a8491;Luca Maria;Aiello;PI;FALSE;6aed9698-9a0c-4956-be0d-ec658bbfe09a
55f36ece-4ed4-4df3-bc1b-9e31be37bb2c;Luca Maria;Aiello;PI;FALSE;6aed9698-9a0c-4956-be0d-ec658bbfe09a
9f77d6e9-c0a5-4560-94ba-9451dc779f58;Adrian;Hoff;CoI;FALSE;6a57a243-af32-4e1d-849c-75146da60102
78e0e2e2-82fd-412e-b4ff-aa7f46dca3d4;Miguel Angel;Sicart;PI;FALSE;689427b5-8d2a-44f3-b291-6db6ba598305
44d7b341-2fb8-462f-aeea-8dc7f9b1cb93;Miguel Angel;Sicart;CoI;FALSE;689427b5-8d2a-44f3-b291-6db6ba598305
e68f7013-bd81-41e1-a8dd-ad044ddf597a;Miguel Angel;Sicart;PI;FALSE;689427b5-8d2a-44f3-b291-6db6ba598305
92dd15f8-1163-4e47-a198-2af8537b5575;Miguel Angel;Sicart;PI;FALSE;689427b5-8d2a-44f3-b291-6db6ba598305
14217a1f-bb16-4e4b-a4b5-5231c9ee9861;Miguel Angel;Sicart;PI;FALSE;689427b5-8d2a-44f3-b291-6db6ba598305
64545b54-0218-4ab4-9ea0-2a5787306f42;Mark Staun;Poulsen;PI;FALSE;6826c79c-8024-4f3c-bebf-f07d51e8988b
7bf9578f-29aa-4a51-82f7-7e3f6b66a6d6;Dovile;Juodelyte;CoI;FALSE;6800c64b-0e54-49cb-a703-384b4987b70c
f2db8d63-45ff-4810-a889-b272fd938d3a;Frederik ;Haagensen;CoI;FALSE;672280b6-17c9-4191-9b00-8f1322fc1d90
057f2fe2-c640-4acd-a518-a08ba773a1f0;Mylène ;Tanferri;PI;FALSE;661b700e-7c1d-4e6d-b90b-4dbbfaab2adf
4bfcdb8a-694f-4e96-8646-abe00eee5819;Dennis Thomas;Ulmer;CoI;FALSE;6596de1d-ea29-4252-a22e-f98cf28090c6
e60e33c0-f4d1-4243-a02d-bacc40c257f8;Amelia Jiménez;Sánchez;PI;FALSE;64730011-f493-4dbb-abf6-b48924ddc794
82a555b1-9926-4e23-928d-ebf205ba4685;Amelia Jiménez;Sánchez;CoI;FALSE;64730011-f493-4dbb-abf6-b48924ddc794
9f485f10-7bd6-485b-a9f2-967689449145;Pinar ;Tözün;PI;FALSE;63342b24-28ec-40c5-a7d9-ec49867dc75d
5658611e-8732-47e8-b193-538392ec9395;Pinar ;Tözün;PI;FALSE;63342b24-28ec-40c5-a7d9-ec49867dc75d
524b4d8b-c35d-4c77-89d4-8d13cbdb2fab;Pinar ;Tözün;PI;FALSE;63342b24-28ec-40c5-a7d9-ec49867dc75d
58dbcc53-f489-48fe-879a-d9c70d9c5f55;Pinar ;Tözün;CoI;FALSE;63342b24-28ec-40c5-a7d9-ec49867dc75d
32e83e51-c4c7-4917-8d65-0d00c6972e53;Pinar ;Tözün;PI;FALSE;63342b24-28ec-40c5-a7d9-ec49867dc75d
9e98baef-2889-400b-b93c-6ca1b9303acb;Pinar ;Tözün;PI;FALSE;63342b24-28ec-40c5-a7d9-ec49867dc75d
f5e89f2d-9afd-4ce5-af82-7fb0a58b6e07;Pinar ;Tözün;PI;FALSE;63342b24-28ec-40c5-a7d9-ec49867dc75d
3f31352b-c92a-4136-b962-82943e206a9c;Rosario ;Giustolisi;PI;FALSE;62db65c9-470c-472f-b039-6c4a704ef170
5140d65f-c9c2-4102-ade1-a656cce36387;Christian ;Sivertsen;CoI;FALSE;610312cd-b173-4efa-bbb5-0a22e9b9ce02
3f6e4891-97df-4f1b-afd5-238e63e4c6d3;Christian ;Sivertsen;PI;FALSE;610312cd-b173-4efa-bbb5-0a22e9b9ce02
61a964d6-a6c1-4364-a2b9-0c1504474ad6;Cancan ;Wang;PI;FALSE;605b59ab-91b4-4f8e-bb12-df68ce0491c5
0ceff908-b0cc-4033-bc28-ea4afe61db99;Cancan ;Wang;CoI;FALSE;605b59ab-91b4-4f8e-bb12-df68ce0491c5
d6e92b00-b7c2-44f7-b96f-da3e9d8c7681;Cancan ;Wang;PI;FALSE;605b59ab-91b4-4f8e-bb12-df68ce0491c5
19e2ba95-373f-4091-9ca6-3cef5331bacb;Cancan ;Wang;PI;FALSE;605b59ab-91b4-4f8e-bb12-df68ce0491c5
1b488dd3-466a-4eef-a9ce-74ccca2cb4d9;Cancan ;Wang;PI;FALSE;605b59ab-91b4-4f8e-bb12-df68ce0491c5
416dd5ce-dd32-4fde-bd1a-0a91a14ecca8;Juri ;Petersen;Collaborator;FALSE;5fe674d5-8b11-4c75-8fe0-c7730db40441
4a5fe21c-a2d9-426a-bdb0-524a2754e75d;Martin ;Aumüller;CoI;FALSE;5f52759c-418a-41b7-bbdb-050492677284
33b3fc7e-5aad-48c0-877c-ada1be556f22;Martin ;Aumüller;CoI;FALSE;5f52759c-418a-41b7-bbdb-050492677284
8146f4ce-2057-47de-80a7-f7707e6506e0;Martin ;Aumüller;PI;FALSE;5f52759c-418a-41b7-bbdb-050492677284
a4eefe5d-08f9-41dd-9a3d-f5f76bafc694;Martin ;Aumüller;PI;FALSE;5f52759c-418a-41b7-bbdb-050492677284
0e18ed4e-6696-4060-b108-3f00b8431b89;Patrick ;Bahr;CoI;FALSE;5e271e6a-7a91-47bd-9f12-3b73f4e0d7ac
e643ab11-4b5d-4690-bdf2-a6c75d273fec;Ingrid Jakobi Wolff;Madsen;CoI;FALSE;5e0b9262-e80c-4eb3-9d39-47d0121454ca
28c482c8-3f29-4c4d-abae-c3ea636d65c1;Ingrid Jakobi Wolff;Madsen;CoI;FALSE;5e0b9262-e80c-4eb3-9d39-47d0121454ca
db4436b5-631c-4a43-acd4-404a58e2866f;Rodrigo Moreno;Garcia;CoI;FALSE;5c54c44a-9eaa-4a97-a78a-e853dc73e9d9
5c0cc9c6-9752-4e9c-9ec7-219daef07620;Rodrigo Moreno;Garcia;CoI;FALSE;5c54c44a-9eaa-4a97-a78a-e853dc73e9d9
074b9716-bceb-4e07-90dd-a3c3eaf359ba;Rodrigo Moreno;Garcia;Collaborator;FALSE;5c54c44a-9eaa-4a97-a78a-e853dc73e9d9
07548a95-a062-420a-9a8c-0073892e3826;Alessandro;Bruni;CoI;FALSE;5c50bbc9-ed3d-417f-ba4d-e484eaf536b3
63337a07-1825-4c55-85e3-cf49cbacab88;Alessandro;Bruni;CoI;FALSE;5c50bbc9-ed3d-417f-ba4d-e484eaf536b3
b6ca6347-45a3-4d1d-85ef-4d8a04292324;Alessandro;Bruni;CoI;FALSE;5c50bbc9-ed3d-417f-ba4d-e484eaf536b3
a99d5960-9803-4df2-aa16-981af4a8a414;Alessandro ;Bruni;PI;FALSE;5c50bbc9-ed3d-417f-ba4d-e484eaf536b3
520a1d77-0114-475f-8622-c46c122a0a82;Alessandro;Bruni;PI;FALSE;5c50bbc9-ed3d-417f-ba4d-e484eaf536b3
f14dc4aa-4c94-4a5f-9bc2-d4622e043e88;Alessandro;Bruni;PI;FALSE;5c50bbc9-ed3d-417f-ba4d-e484eaf536b3
f12b4043-511a-49bd-877c-5015fdf7ad38;Alessandro;Bruni;PI;FALSE;5c50bbc9-ed3d-417f-ba4d-e484eaf536b3
2fac8237-561a-4362-a9f5-9b5c67eba00a;Alessandro;Bruni;PI;FALSE;5c50bbc9-ed3d-417f-ba4d-e484eaf536b3
1537cd78-7325-4654-b0c2-5d0969a1d5a2;Alessandro;Bruni;PI;FALSE;5c50bbc9-ed3d-417f-ba4d-e484eaf536b3
ad7197b5-c8d8-48a1-abbc-457f167eab24;Alessandro;Bruni;PI;FALSE;5c50bbc9-ed3d-417f-ba4d-e484eaf536b3
fa242ab9-c4c2-4ed6-9e8b-af2b8be6bef1;Alessandro;Bruni;PI;FALSE;5c50bbc9-ed3d-417f-ba4d-e484eaf536b3
61c6628b-50f5-466b-9545-56d46bff3037;Alessandro ;Bruni;PI;FALSE;5c50bbc9-ed3d-417f-ba4d-e484eaf536b3
22225314-e30a-47e7-b5c5-3e9e1ecdc8d3;Dan Witzner;Hansen;PI;FALSE;5ad9c220-e37f-443a-8a31-fc4abf365db5
1360e564-b050-41ec-b091-f87c6fdfa3ce;Dan Witzner;Hansen;PI;FALSE;5ad9c220-e37f-443a-8a31-fc4abf365db5
34b17ab6-61ea-4bfd-b2a7-5bef2b26a858;Dan Witzner;Hansen;PI;FALSE;5ad9c220-e37f-443a-8a31-fc4abf365db5
9aadc91b-d99a-402c-8c3c-dd2ac88f938f;Dan Witzner;Hansen;CoI;FALSE;5ad9c220-e37f-443a-8a31-fc4abf365db5
2451b04c-4ced-413d-a1e1-be4d639abfc4;Dan Witzner;Hansen;PI;FALSE;5ad9c220-e37f-443a-8a31-fc4abf365db5
2f022072-863c-4cc7-a87f-331731632f7c;Dan Witzner;Hansen;PI;FALSE;5ad9c220-e37f-443a-8a31-fc4abf365db5
e643ab11-4b5d-4690-bdf2-a6c75d273fec;Dan Witzner;Hansen;PI;FALSE;5ad9c220-e37f-443a-8a31-fc4abf365db5
28c482c8-3f29-4c4d-abae-c3ea636d65c1;Dan Witzner;Hansen;CoI;FALSE;5ad9c220-e37f-443a-8a31-fc4abf365db5
e7f0f9c0-f733-47d2-aa61-09c7d53ae85a;Dan Witzner;Hansen;PI;FALSE;5ad9c220-e37f-443a-8a31-fc4abf365db5
80d639a7-da33-4a47-9688-f720c1cbd4e1;Dan Witzner;Hansen;CoI;FALSE;5ad9c220-e37f-443a-8a31-fc4abf365db5
1c4ff755-a82b-4cc6-b672-6b852fe2bc8c;Dan Witzner;Hansen;CoI;FALSE;5ad9c220-e37f-443a-8a31-fc4abf365db5
82e93f7b-a1dd-4319-8f99-02f2f96dc327;Dan Witzner;Hansen;PI;FALSE;5ad9c220-e37f-443a-8a31-fc4abf365db5
8523d2b6-9ed3-452f-ac63-c53040a8206c;Dan Witzner;Hansen;CoI;FALSE;5ad9c220-e37f-443a-8a31-fc4abf365db5
3fe79ef9-5777-4dee-8747-33d8e36ad194;Lasse Buschmann;Alsbirk;CoI;FALSE;59a5c8b4-0a40-4e0b-8160-690a2b7cf1ca
7492316d-f1c5-4c5a-88a7-480e15dec0a2;Bent ;Flyvbjerg;PI;FALSE;598de448-af84-43c8-9147-6134a63c9b3c
7492316d-f1c5-4c5a-88a7-480e15dec0a2;Johanna Christine Larby;Lithén;Admin;FALSE;5890872a-fc4b-4720-93f6-0c473404ca15
dc733cc9-d349-4d71-a766-e33e27e63bbc;Alexander Theodor Bilde;Pedersen;Collaborator;FALSE;585fb82c-8795-458d-bfd7-35e8a9be6125
8097c0e5-c30a-430a-9106-e48815dc802e;Károly;Szánto;CoI;FALSE;55750491-d4d3-47d4-a473-7a2252edb685
65ec71df-6be0-473d-85c7-98375b4c309a;Ola ;Rønning;PI;FALSE;551ffa9b-93c0-41e7-999a-a507a1c0a57e
dc733cc9-d349-4d71-a766-e33e27e63bbc;Martin ;Hentschel;PI;FALSE;54e42219-4e3f-42cd-a19d-66c82ee60654
f38668d7-1ed2-4dbf-b41a-0583a99f52a5;Hanne ;Westh;CoI;FALSE;54728da8-274d-40e6-b119-23318d995721
5dfefa18-89b7-41ca-b016-05f24da59579;Hanne ;Westh;PI;FALSE;54728da8-274d-40e6-b119-23318d995721
8ea1d816-cfb3-4b02-a1cd-5c34a3d0fd61;Hanne ;Westh;CoI;FALSE;54728da8-274d-40e6-b119-23318d995721
e6a60a90-94ef-48c7-9e42-9d768b477430;Hanne ;Westh;PI;FALSE;54728da8-274d-40e6-b119-23318d995721
0ceff908-b0cc-4033-bc28-ea4afe61db99;Christine Borgvold Naaby;Hansen;CoI;FALSE;54383d75-e8f9-42fc-bf92-593e0133f0eb
33b3fc7e-5aad-48c0-877c-ada1be556f22;Radu-Cristian ;Curticapean;CoI;FALSE;53c45a58-4c3c-424c-80a2-c39e733fd7c3
8146f4ce-2057-47de-80a7-f7707e6506e0;Radu-Cristian ;Curticapean;PI;FALSE;53c45a58-4c3c-424c-80a2-c39e733fd7c3
379f431a-ce47-4ea1-835d-8855a3e0f7b1;Radu-Cristian ;Curticapean;PI;FALSE;53c45a58-4c3c-424c-80a2-c39e733fd7c3
9dbabc2a-7042-4d3a-8f8b-33910a8adc04;Radu-Cristian ;Curticapean;PI;FALSE;53c45a58-4c3c-424c-80a2-c39e733fd7c3
b4fec4cc-f92f-422a-b236-e6dab6e72eaf;Radu-Cristian ;Curticapean;CoI;FALSE;53c45a58-4c3c-424c-80a2-c39e733fd7c3
b501546f-657e-4455-8006-d0a5cd897749;Maximilian ;Müller-Eberstein;Collaborator;FALSE;523ffd96-f3b2-49cc-8f24-dc9215b84bed
6bdbc155-83c0-4139-ab79-ec3933ba3a05;Maximilian ;Müller-Eberstein;CoI;FALSE;523ffd96-f3b2-49cc-8f24-dc9215b84bed
8c606f0d-64c7-4fde-9a63-e6c9efbcd13c;Maximilian ;Müller-Eberstein;PI;FALSE;523ffd96-f3b2-49cc-8f24-dc9215b84bed
38cecda7-bb24-4d49-8f67-cada7a740062;Helge ;Pfeiffer;CoI;FALSE;51cfa226-5179-4a05-aa13-4a53f8de6404
7492316d-f1c5-4c5a-88a7-480e15dec0a2;Helge ;Pfeiffer;CoI;FALSE;51cfa226-5179-4a05-aa13-4a53f8de6404
0af0ce4f-b2e6-4dd0-ad87-0a6d6b067572;Helge ;Pfeiffer;PI;FALSE;51cfa226-5179-4a05-aa13-4a53f8de6404
bd6a8c04-9308-487b-8323-4b72896ec674;Ivor van der;Hoog;Collaborator;FALSE;50d4bf89-8621-4bc3-bdce-6916656c12fa
c006a8cf-ebb2-4bd4-94ae-01b5ea5f2ee2;Michael ;Hockenhull;CoI;FALSE;5041f387-908f-4845-9f79-3a6dbd527f4b
ea1190eb-c06d-4c91-8b84-c881781af351;Michael ;Hockenhull;CoI;FALSE;5041f387-908f-4845-9f79-3a6dbd527f4b
e9c91f24-e3ab-41a7-bdce-ac3685bd3f46;Michael ;Hockenhull;CoI;FALSE;5041f387-908f-4845-9f79-3a6dbd527f4b
8ea1d816-cfb3-4b02-a1cd-5c34a3d0fd61;Vasiliki ;Baka;CoI;FALSE;4e33d926-364b-47b8-97d7-409c16b62db9
e6a60a90-94ef-48c7-9e42-9d768b477430;Vasiliki ;Baka;CoI;FALSE;4e33d926-364b-47b8-97d7-409c16b62db9
13537467-eee8-4756-af4a-0c04d42666fb;Rune Møller;Jensen;PI;FALSE;4d7fda5a-3cf4-4d39-9daf-1ae192b0e0e7
9bf034c6-728d-4527-89dc-c8ba689c0cee;Rune Møller;Jensen;PI;FALSE;4d7fda5a-3cf4-4d39-9daf-1ae192b0e0e7
8296a97c-b8a8-497a-b23e-6d60f337d391;Rune Møller;Jensen;PI;FALSE;4d7fda5a-3cf4-4d39-9daf-1ae192b0e0e7
afff83df-27b7-4e93-86a3-38574ae3b9c4;Rune Møller;Jensen;PI;FALSE;4d7fda5a-3cf4-4d39-9daf-1ae192b0e0e7
4693ba77-d11e-4f95-9493-84f516080715;Rune Møller;Jensen;PI;FALSE;4d7fda5a-3cf4-4d39-9daf-1ae192b0e0e7
ef0ae6c0-62d2-4fe9-9cf2-81354c4569c7;Rune Møller;Jensen;PI;FALSE;4d7fda5a-3cf4-4d39-9daf-1ae192b0e0e7
0d2deaff-cf2d-441f-95eb-9b13d6d3d0c5;Rune Møller;Jensen;CoI;FALSE;4d7fda5a-3cf4-4d39-9daf-1ae192b0e0e7
d5da34ed-babb-463b-9c3d-f72e8e891b51;Rune Møller;Jensen;PI;FALSE;4d7fda5a-3cf4-4d39-9daf-1ae192b0e0e7
abcfded3-fae9-4da5-97e5-658a188a0190;Rune Møller;Jensen;PI;FALSE;4d7fda5a-3cf4-4d39-9daf-1ae192b0e0e7
11832926-e61e-47f3-8fd8-5813ec4a6360;Rune Møller;Jensen;PI;FALSE;4d7fda5a-3cf4-4d39-9daf-1ae192b0e0e7
a1c0356b-18a3-408b-b847-4819a3633756;Rune Møller;Jensen;CoI;FALSE;4d7fda5a-3cf4-4d39-9daf-1ae192b0e0e7
85b6aad6-1170-4acc-9a63-f74283faf636;Rune Møller;Jensen;PI;FALSE;4d7fda5a-3cf4-4d39-9daf-1ae192b0e0e7
a507601c-13b2-43e4-9c7f-177b3dd104f0;Manon Brigitte;Blanc;Collaborator;FALSE;4d425855-1065-40b5-9b65-e04126df5838
f425df35-7a88-41a1-9d8d-ced2bd55e700;Jessamy ;Perriam;CoI;FALSE;4ca57c3b-1d1f-4ecf-87b0-fe690510c887
4cac7654-2655-4c1b-b201-1ef33d01b353;Claus ;Brabrand;CoI;FALSE;47a94200-3abe-4354-b5e3-c8ef6f1ba1f2
8146f4ce-2057-47de-80a7-f7707e6506e0;Claus ;Brabrand;PI;FALSE;47a94200-3abe-4354-b5e3-c8ef6f1ba1f2
35203d5b-8d9b-4719-aeb2-6f5074ac1686;Claus ;Brabrand;CoI;FALSE;47a94200-3abe-4354-b5e3-c8ef6f1ba1f2
e7d8b595-d142-4a34-bfb1-0a9f04cb1cdf;Claus ;Brabrand;CoI;FALSE;47a94200-3abe-4354-b5e3-c8ef6f1ba1f2
a47bca2c-ed3b-4a03-9e96-b962a0ede92f;Claus;Brabrand;PI;FALSE;47a94200-3abe-4354-b5e3-c8ef6f1ba1f2
27fa767d-574d-442f-8940-cf35f8a8d1e9;Claus;Brabrand;PI;FALSE;47a94200-3abe-4354-b5e3-c8ef6f1ba1f2
76cb5d46-afe1-495d-af7a-8ab6befa08eb;Claus;Brabrand;PI;FALSE;47a94200-3abe-4354-b5e3-c8ef6f1ba1f2
a907479e-4af4-4eff-b304-6af4afbc9294;Claus;Brabrand;PI;FALSE;47a94200-3abe-4354-b5e3-c8ef6f1ba1f2
061dd7d9-61b9-4f58-a036-47cb615f81bc;Claus ;Brabrand;PI;FALSE;47a94200-3abe-4354-b5e3-c8ef6f1ba1f2
efa59359-9c40-4650-8102-90a1abaf9744;Claus;Brabrand;PI;FALSE;47a94200-3abe-4354-b5e3-c8ef6f1ba1f2
33b3fc7e-5aad-48c0-877c-ada1be556f22;Thore ;Husfeldt;CoI;FALSE;472021c7-73cc-44ba-a4ef-70cd2bed8601
9ad37013-9e66-4805-a8f4-0c98f7820ff8;Thore ;Husfeldt;PI;FALSE;472021c7-73cc-44ba-a4ef-70cd2bed8601
9a7a0308-9c35-463c-9d04-cd3f31ae718e;Thore ;Husfeldt;PI;FALSE;472021c7-73cc-44ba-a4ef-70cd2bed8601
8146f4ce-2057-47de-80a7-f7707e6506e0;Thore ;Husfeldt;PI;FALSE;472021c7-73cc-44ba-a4ef-70cd2bed8601
6e3780d5-8dbd-4884-9222-02187fffbe81;Thore ;Husfeldt;CoI;FALSE;472021c7-73cc-44ba-a4ef-70cd2bed8601
87b09ec4-7edb-49b6-ac7b-f3b9cf9e1fba;Thore ;Husfeldt;PI;FALSE;472021c7-73cc-44ba-a4ef-70cd2bed8601
4fd8ced5-f8bd-4a2a-8d7f-f566a10fc1ad;Thore ;Husfeldt;PI;FALSE;472021c7-73cc-44ba-a4ef-70cd2bed8601
b4fec4cc-f92f-422a-b236-e6dab6e72eaf;Thore ;Husfeldt;PI;FALSE;472021c7-73cc-44ba-a4ef-70cd2bed8601
b2c524ac-7511-4809-99bc-be9ddc9444d9;Thore ;Husfeldt;PI;FALSE;472021c7-73cc-44ba-a4ef-70cd2bed8601
a3b4f642-b6d4-4cb6-9ea9-25e28fff5c46;Thore ;Husfeldt;PI;FALSE;472021c7-73cc-44ba-a4ef-70cd2bed8601
3e7a5097-15b1-4f1e-b343-b06f74cc224b;Maaike Annebet;Zwart;CoI;FALSE;4634ce05-3fcb-49ca-89c7-080955f450e8
70aa6be9-7b1a-4d02-8516-2f226c6446a7;Ane Rahbek;Vierø;CoI;FALSE;45b600aa-d6c7-4c4b-91b3-1d934aec4402
bc25c1fb-6f03-44c3-9f92-5cd7e68c76b0;Vasilis ;Galis;PI;FALSE;443362d7-b255-460d-a559-0fa80a8d9fbc
2654b6d6-568c-45ce-a65c-8841b523517a;Vasilis ;Galis;PI;FALSE;443362d7-b255-460d-a559-0fa80a8d9fbc
c82f5a3b-b237-48b8-8b59-b5ef25702f02;Vasilis ;Galis;PI;FALSE;443362d7-b255-460d-a559-0fa80a8d9fbc
92a3a94c-c825-4662-97bc-2b9d802618ea;Vasilis ;Galis;PI;FALSE;443362d7-b255-460d-a559-0fa80a8d9fbc
aecbaf94-4098-45e4-a536-bbf29ab9de55;Vasilis ;Galis;PI;FALSE;443362d7-b255-460d-a559-0fa80a8d9fbc
cd952189-982a-4f7f-8e1e-ccd3fde697a9;Vasilis ;Galis;PI;FALSE;443362d7-b255-460d-a559-0fa80a8d9fbc
808b4113-1e7f-4fef-b1dd-fb6290801fa8;Vasilis ;Galis;PI;FALSE;443362d7-b255-460d-a559-0fa80a8d9fbc
9aadc91b-d99a-402c-8c3c-dd2ac88f938f;Elizabete ;Munzlinger;PI;FALSE;4398dfd4-2627-4dbb-9ef1-de133b87f57f
4d82f1f3-3bfd-4b4f-b906-501050b7b42c;Camilla Vesterberg;Christensen;CoI;FALSE;42d8cef2-2fa9-4545-b4f4-a44dadf4934f
9f485f10-7bd6-485b-a9f2-967689449145;Titus Theodorus (Ties);Robroek;Collaborator;FALSE;42c316a3-1a31-469b-b436-635edc389e02
524b4d8b-c35d-4c77-89d4-8d13cbdb2fab;Titus Theodorus (Ties);Robroek;CoI;FALSE;42c316a3-1a31-469b-b436-635edc389e02
bd6a8c04-9308-487b-8323-4b72896ec674;Sarita de;Berg;Collaborator;FALSE;4277f6ec-bfbb-4bef-bed8-2a3420be1d6e
16e7a68a-1a39-4e97-82bd-cdad60df959b;Pawel ;Grabarczyk;CoI;FALSE;42147e05-f94c-471d-a889-c57a01e4bdd0
16e7a68a-1a39-4e97-82bd-cdad60df959b;Pawel ;Grabarczyk;CoI;FALSE;42147e05-f94c-471d-a889-c57a01e4bdd0
7ee17c5d-2d57-4179-b42a-6213d5278303;Pawel ;Grabarczyk;CoI;FALSE;42147e05-f94c-471d-a889-c57a01e4bdd0
1f37cc01-5816-4c09-bc9a-7c4a9718244c;Pawel ;Grabarczyk;PI;FALSE;42147e05-f94c-471d-a889-c57a01e4bdd0
dec18386-7572-4600-aebd-ab3a3fa32b4f;Pawel ;Grabarczyk;CoI;FALSE;42147e05-f94c-471d-a889-c57a01e4bdd0
5140d65f-c9c2-4102-ade1-a656cce36387;Justyna ;Starostka;CoI;FALSE;41da2096-dc8b-44c2-93ad-6473e220f85e
701a299d-cdcb-46b9-95c2-b8e57bf927c4;Roberta ;Sinatra;PI;FALSE;418f030f-2b26-4c74-a77b-c0c87d13f56d
3fe79ef9-5777-4dee-8747-33d8e36ad194;Roberta ;Sinatra;PI;FALSE;418f030f-2b26-4c74-a77b-c0c87d13f56d
1baff225-8457-4d6e-90a7-149c465f4cd0;Roberta ;Sinatra;PI;FALSE;418f030f-2b26-4c74-a77b-c0c87d13f56d
5e18225a-fb16-48e3-8372-7967aad1e215;Aske ;Mottelson;PI;FALSE;410df04c-bc1d-4cd3-9726-c35469ddab8c
7715d28a-f1b5-4a1b-b8b4-9de63c8005e1;Aske ;Mottelson;PI;FALSE;410df04c-bc1d-4cd3-9726-c35469ddab8c
28c482c8-3f29-4c4d-abae-c3ea636d65c1;Aske ;Mottelson;CoI;FALSE;410df04c-bc1d-4cd3-9726-c35469ddab8c
10e9f2c0-6975-4f59-850c-d3ea25ac210e;Aske ;Mottelson;PI;FALSE;410df04c-bc1d-4cd3-9726-c35469ddab8c
b774d6b9-79b1-40f6-9121-74cc50c59810;Ratish Surendran;Puduppully;PI;FALSE;410b0cad-d9fe-48d8-9edc-56ad6eb9c43b
04901e3f-f20c-4593-9cf2-a6aed2006f50;Ratish Surendran;Puduppully;PI;FALSE;410b0cad-d9fe-48d8-9edc-56ad6eb9c43b
33b3fc7e-5aad-48c0-877c-ada1be556f22;Nutan ;Limaye;CoI;FALSE;3f05e4ce-6433-4c5a-b72c-aa89422cf431
c9aefc8b-9ef0-43ac-9c98-cffaa5182819;Nutan ;Limaye;CoI;FALSE;3f05e4ce-6433-4c5a-b72c-aa89422cf431
9a7a0308-9c35-463c-9d04-cd3f31ae718e;Nutan ;Limaye;CoI;FALSE;3f05e4ce-6433-4c5a-b72c-aa89422cf431
a507601c-13b2-43e4-9c7f-177b3dd104f0;Nutan ;Limaye;PI;FALSE;3f05e4ce-6433-4c5a-b72c-aa89422cf431
8146f4ce-2057-47de-80a7-f7707e6506e0;Nutan ;Limaye;PI;FALSE;3f05e4ce-6433-4c5a-b72c-aa89422cf431
dfe2d0c1-43a4-4c48-a826-249843db5780;Nutan ;Limaye;PI;FALSE;3f05e4ce-6433-4c5a-b72c-aa89422cf431
b4fec4cc-f92f-422a-b236-e6dab6e72eaf;Nutan ;Limaye;CoI;FALSE;3f05e4ce-6433-4c5a-b72c-aa89422cf431
bdc5f880-0b1d-43f8-b7de-416751a1c29a;Nutan ;Limaye;PI;FALSE;3f05e4ce-6433-4c5a-b72c-aa89422cf431
92a3a94c-c825-4662-97bc-2b9d802618ea;Cæcilie Sloth;Laursen;CoI;FALSE;3ef9211c-34b2-4061-ba59-c5800d6a5b32
1155118b-f91f-4fba-8ec2-328dc348ca54;Jonas Valbjørn;Andersen;PI;FALSE;3dac6e0e-2770-4c5e-b32a-d7750523516f
fb6c2b01-82c5-4b20-b6ef-94cd08477c3c;Jonas Valbjørn;Andersen;PI;FALSE;3dac6e0e-2770-4c5e-b32a-d7750523516f
01f3ad3a-5f8f-4306-965f-11f40e93481c;Jonas Valbjørn;Andersen;PI;FALSE;3dac6e0e-2770-4c5e-b32a-d7750523516f
adcf6fe8-ed82-426e-825a-901abce58b36;Jonas Valbjørn;Andersen;CoI;FALSE;3dac6e0e-2770-4c5e-b32a-d7750523516f
2654b6d6-568c-45ce-a65c-8841b523517a;Björn ;Karlsson;CoI;FALSE;3d49de50-0620-46fe-ae15-53b12dfb8649
aecbaf94-4098-45e4-a536-bbf29ab9de55;Björn ;Karlsson;CoI;FALSE;3d49de50-0620-46fe-ae15-53b12dfb8649
a075adc0-abb3-430c-8035-95fc7a8b8250;Tim;Kindberg;CoI;FALSE;3b99f4b4-0782-4c43-8bb3-263f498133a3
bdde8479-094e-45e7-a41d-f6e88594dd4a;Tom ;Jenkins;CoI;FALSE;3ad26d6b-4619-4a9f-a1b6-8424aab1dd52
6e3780d5-8dbd-4884-9222-02187fffbe81;Paloma Thomé de;Lima;PI;FALSE;39f7afe3-fd9c-4ac5-8ba1-fa2f2826ab8c
8146f4ce-2057-47de-80a7-f7707e6506e0;Camilla Birch;Okkels;CoI;FALSE;38e643e8-bd72-40e3-ba25-b031e957b7fb
a5cd3c3c-d1ff-4fe6-b08e-263d51de6813;Jens Christian;Godskesen;PI;FALSE;37d49222-56d7-4c65-8d52-3638544511cf
eac60df9-3b9b-4910-9700-2d23d577e728;Jens Christian;Godskesen;PI;FALSE;37d49222-56d7-4c65-8d52-3638544511cf
a075adc0-abb3-430c-8035-95fc7a8b8250;Jens Christian;Godskesen;PI;FALSE;37d49222-56d7-4c65-8d52-3638544511cf
afff83df-27b7-4e93-86a3-38574ae3b9c4;Jens Christian;Godskesen;PI;FALSE;37d49222-56d7-4c65-8d52-3638544511cf
cf05e3ab-dd1b-4b2e-8649-490e0824d02e;Jens Christian;Godskesen;PI;FALSE;37d49222-56d7-4c65-8d52-3638544511cf
46950efa-4ab3-4646-9458-a5a6c128d967;Jens Christian;Godskesen;PI;FALSE;37d49222-56d7-4c65-8d52-3638544511cf
87b9d762-9ea2-4c1d-a75f-33ab63f0dfc2;Jens Christian;Godskesen;PI;FALSE;37d49222-56d7-4c65-8d52-3638544511cf
02612818-86cd-4c8c-8cd3-3c5aa52f1cbb;Jens Christian;Godskesen;PI;FALSE;37d49222-56d7-4c65-8d52-3638544511cf
7591c28f-13f6-4c81-ac92-52ffabe3c960;Jens Christian;Godskesen;PI;FALSE;37d49222-56d7-4c65-8d52-3638544511cf
98593908-ac5e-4dab-806b-d2910e712f7f;Jens Christian;Godskesen;PI;FALSE;37d49222-56d7-4c65-8d52-3638544511cf
374a4482-efbf-4012-ac03-3f35f77be66e;Jens Christian;Godskesen;PI;FALSE;37d49222-56d7-4c65-8d52-3638544511cf
413ee3d4-cb73-462c-9d0b-49eda39d9919;Jens Christian;Godskesen;PI;FALSE;37d49222-56d7-4c65-8d52-3638544511cf
a3865971-0fd4-4ea3-b2ba-199a34b27f69;Jens Christian;Godskesen;PI;FALSE;37d49222-56d7-4c65-8d52-3638544511cf
8146f4ce-2057-47de-80a7-f7707e6506e0;Jens Christian;Godskesen;PI;FALSE;37d49222-56d7-4c65-8d52-3638544511cf
4c2b07e4-55c6-44be-947a-9f764eeaf31e;Jens Christian;Godskesen;CoI;FALSE;37d49222-56d7-4c65-8d52-3638544511cf
45f263dd-1188-41c4-bb96-9e8a27753837;Jens Christian;Godskesen;PI;FALSE;37d49222-56d7-4c65-8d52-3638544511cf
91b0563a-0942-47e8-9257-d6325edc5cea;Jens Christian;Godskesen;PI;FALSE;37d49222-56d7-4c65-8d52-3638544511cf
d6ffe763-6e77-49ea-9580-cc9f01b2e40d;Jens Christian;Godskesen;PI;FALSE;37d49222-56d7-4c65-8d52-3638544511cf
84924eba-a5e1-42b6-b18b-2f685676d71d;Jens Christian;Godskesen;PI;FALSE;37d49222-56d7-4c65-8d52-3638544511cf
20a8720a-ab29-4536-a64b-2d33d851280d;Jens Christian;Godskesen;Collaborator;FALSE;37d49222-56d7-4c65-8d52-3638544511cf
1b488dd3-466a-4eef-a9ce-74ccca2cb4d9;Reyes Torrubia;Sanz;Collaborator;FALSE;37159d2f-8b61-4746-a65c-d7c9d7080457
3d443f2e-0a0d-4bc8-ac4c-b86e60c95ad9;Bertram ;Højer;PI;FALSE;363f336f-ee57-420f-990f-11e8c2f0e2c6
6f20f57b-6622-494e-81fc-bfb1340d32e5;Ricardo Jose Menezes;Maia;Collaborator;FALSE;35cc0100-4ab9-4cc5-9bc7-10b4d671416f
e50cfe20-8938-4356-9283-7512333745f6;Jacob Liam ;Curran-Sebastian;Collaborator;FALSE;32e3f75a-df69-476b-92f9-19a464e46e30
9a7a0308-9c35-463c-9d04-cd3f31ae718e;Magnus Rahbek Dalgaard;Hansen;CoI;FALSE;309a5219-ed28-4827-bf5f-9ddee6ae66a2
44cc67b4-adc8-483b-b3f4-8ddf906d78c4;Anna;Vallgårda;PI;FALSE;2fa5dc89-7d78-45d0-96c7-e8f39b78dd3e
3f0c297c-cb5f-4a2c-9277-5ecc115fcd18;Anna;Vallgårda;PI;FALSE;2fa5dc89-7d78-45d0-96c7-e8f39b78dd3e
4f4dc9dc-b06b-4d4d-8039-c54e18e7b997;Anna ;Vallgårda;PI;FALSE;2fa5dc89-7d78-45d0-96c7-e8f39b78dd3e
3f6a03a7-6217-4d70-9bf5-0c229cf768f3;Anna ;Vallgårda;CoI;FALSE;2fa5dc89-7d78-45d0-96c7-e8f39b78dd3e
50b2aeeb-d601-4db9-bce7-323cc0e9bd1b;Anna;Vallgårda;PI;FALSE;2fa5dc89-7d78-45d0-96c7-e8f39b78dd3e
2451b04c-4ced-413d-a1e1-be4d639abfc4;David-Levente ;Kovacs;CoI;FALSE;2f6e4cae-9002-4aff-a562-526705e850af
2f022072-863c-4cc7-a87f-331731632f7c;David-Levente ;Kovacs;CoI;FALSE;2f6e4cae-9002-4aff-a562-526705e850af
e643ab11-4b5d-4690-bdf2-a6c75d273fec;David-Levente ;Kovacs;CoI;FALSE;2f6e4cae-9002-4aff-a562-526705e850af
a2a761b8-5d11-443d-91a7-c1fcce59bbbf;James ;Maguire;CoI;FALSE;2efbc294-1ce4-4148-a403-93fe6450d879
c006a8cf-ebb2-4bd4-94ae-01b5ea5f2ee2;James ;Maguire;CoI;FALSE;2efbc294-1ce4-4148-a403-93fe6450d879
0ceff908-b0cc-4033-bc28-ea4afe61db99;James ;Maguire;CoI;FALSE;2efbc294-1ce4-4148-a403-93fe6450d879
92a3a94c-c825-4662-97bc-2b9d802618ea;James ;Maguire;CoI;FALSE;2efbc294-1ce4-4148-a403-93fe6450d879
385c5718-80ba-49f4-88b4-fc8d85a4a897;James ;Maguire;PI;FALSE;2efbc294-1ce4-4148-a403-93fe6450d879
8d741a26-ea5c-4c69-9dab-6341052e48e3;Michael ;Szell;PI;FALSE;2ef641d0-bd79-425b-8b12-b58d74b993ae
70aa6be9-7b1a-4d02-8516-2f226c6446a7;Michael ;Szell;PI;FALSE;2ef641d0-bd79-425b-8b12-b58d74b993ae
dfcca874-928e-4968-b19e-4374435a1ea0;Michael ;Szell;PI;FALSE;2ef641d0-bd79-425b-8b12-b58d74b993ae
280afd1e-3c33-4e51-83bf-735cd069b940;Morten Bach;Jensen;PI;FALSE;2ee8e2e0-7fe6-4b8c-a104-509c46e7b45b
eab28385-3ed9-4610-a9ef-63985ee7a645;Beatrix Miranda Ginn;Nielsen;Collaborator;FALSE;2e2035fa-0cfb-4dbf-9d37-51dc029fcfa0
52636f43-4fb0-43ed-8c56-b644ddd62be9;Paolo ;Tell;CoI;FALSE;2b8ff3a4-e9b0-403d-8bd8-1bf26121c234
9a862524-98d2-4d6a-85bc-ce6612c9c718;Paolo ;Tell;PI;FALSE;2b8ff3a4-e9b0-403d-8bd8-1bf26121c234
3626f7c0-d0fa-4cb7-bd88-24e3ee844029;Paolo ;Tell;PI;FALSE;2b8ff3a4-e9b0-403d-8bd8-1bf26121c234
8146f4ce-2057-47de-80a7-f7707e6506e0;Kasper Hjort;Berthelsen;CoI;FALSE;2b7ea821-fddb-4b66-8cb4-15dc343549c9
610fe295-e17f-415b-b874-267047f0d4ca;Kasper ;Støy;PI;FALSE;2a9c0934-98ca-4101-b829-b88d77f6487e
6a47283a-c073-4d31-be9b-92c1d3b59e6f;Kasper ;Støy;PI;FALSE;2a9c0934-98ca-4101-b829-b88d77f6487e
42c20f00-9bab-43b6-8234-0c6455d0c5cd;Kasper ;Støy;CoI;FALSE;2a9c0934-98ca-4101-b829-b88d77f6487e
db4436b5-631c-4a43-acd4-404a58e2866f;Kasper ;Støy;PI;FALSE;2a9c0934-98ca-4101-b829-b88d77f6487e
a01e82a8-1c5d-49ad-aae9-45dce9e0a1ce;Kasper ;Støy;PI;FALSE;2a9c0934-98ca-4101-b829-b88d77f6487e
5c0cc9c6-9752-4e9c-9ec7-219daef07620;Kasper ;Støy;PI;FALSE;2a9c0934-98ca-4101-b829-b88d77f6487e
074b9716-bceb-4e07-90dd-a3c3eaf359ba;Kasper ;Støy;PI;FALSE;2a9c0934-98ca-4101-b829-b88d77f6487e
9da07efd-9f25-4227-8994-e385cfc0861e;Kasper ;Støy;CoI;FALSE;2a9c0934-98ca-4101-b829-b88d77f6487e
580afbb8-9d13-4251-975c-f336e4f57a94;Kasper ;Støy;PI;FALSE;2a9c0934-98ca-4101-b829-b88d77f6487e
771225ad-7309-4703-9dab-80cb43e466d7;Kasper ;Støy;PI;FALSE;2a9c0934-98ca-4101-b829-b88d77f6487e
4c2b07e4-55c6-44be-947a-9f764eeaf31e;Jonas Kastberg;Hinrichsen;Collaborator;FALSE;28ea45c1-7b56-4157-b0e4-ab92947065bc
08bc731f-9eaa-4b49-be28-d23ca221ba6d;Jonas Kastberg;Hinrichsen;Collaborator;FALSE;28ea45c1-7b56-4157-b0e4-ab92947065bc
4f4dc9dc-b06b-4d4d-8039-c54e18e7b997;Laurens ;Boer;CoI;FALSE;25a5a0d6-404b-419c-9502-b246525617a2
bdde8479-094e-45e7-a41d-f6e88594dd4a;Laurens ;Boer;CoI;FALSE;25a5a0d6-404b-419c-9502-b246525617a2
c09eb3aa-666d-4c67-b2cf-416cef7731b6;Farley ;Nobre;PI;FALSE;24475f7d-905a-47cf-89d9-059581d0a7a1
44d7b341-2fb8-462f-aeea-8dc7f9b1cb93;Anders Sundnes;Løvlie;PI;FALSE;22ec9269-2fff-4dbf-a9c7-5037559a15ee
0c7a1bc5-ceb9-4812-b8bc-cec4bc2f19f8;Anders Sundnes;Løvlie;PI;FALSE;22ec9269-2fff-4dbf-a9c7-5037559a15ee
93a0403f-4eba-41c9-b336-0a58745dd919;Anders Sundnes;Løvlie;PI;FALSE;22ec9269-2fff-4dbf-a9c7-5037559a15ee
5c14f2cf-9f83-4b48-b608-8f504edc970c;Anders Sundnes;Løvlie;CoI;FALSE;22ec9269-2fff-4dbf-a9c7-5037559a15ee
4147c684-9a19-4cf5-9f9e-48f7d89b474a;Anders Sundnes;Løvlie;PI;FALSE;22ec9269-2fff-4dbf-a9c7-5037559a15ee
0f8bf697-8a17-4351-b22d-d0a15ed6c897;Anders Sundnes;Løvlie;PI;FALSE;22ec9269-2fff-4dbf-a9c7-5037559a15ee
3f6e4891-97df-4f1b-afd5-238e63e4c6d3;Anders Sundnes;Løvlie;CoI;FALSE;22ec9269-2fff-4dbf-a9c7-5037559a15ee
f1c9fd7f-ab86-4d8a-a2ab-772f1e114023;Anders Sundnes;Løvlie;PI;FALSE;22ec9269-2fff-4dbf-a9c7-5037559a15ee
0752b3f2-255c-479d-9c43-1f5d5a3104b9;Anders Sundnes;Løvlie;PI;FALSE;22ec9269-2fff-4dbf-a9c7-5037559a15ee
7492316d-f1c5-4c5a-88a7-480e15dec0a2;Raquel Andrade Barros;Ouriques;CoI;FALSE;213422bf-9c58-4ae2-8a4c-89e00b943946
bc25c1fb-6f03-44c3-9f92-5cd7e68c76b0;Konstantinos ;Floros;CoI;FALSE;20ad2ae0-df32-484d-84ed-f65810600cfa
aecbaf94-4098-45e4-a536-bbf29ab9de55;Konstantinos ;Floros;CoI;FALSE;20ad2ae0-df32-484d-84ed-f65810600cfa
cd952189-982a-4f7f-8e1e-ccd3fde697a9;Konstantinos ;Floros;PI;FALSE;20ad2ae0-df32-484d-84ed-f65810600cfa
3f6a03a7-6217-4d70-9bf5-0c229cf768f3;Nicklas Engelbrecht;Ravn;CoI;FALSE;20685b27-43b0-4170-bcf8-3cc28832d2e7
d6a7f667-d9cc-4184-a5b9-9a412c7ef8d0;Lucía ;Gómez Zaragozá;Collaborator;FALSE;205ca5ca-da30-4a46-9be9-d66453621ba5
58dbcc53-f489-48fe-879a-d9c70d9c5f55;Lottie Rosamund;Greenwood;CoI;FALSE;205293c7-3f0e-4adb-94d5-790e81990d48
2d0e4509-f039-49bc-b670-0d5d3e31284b;Willem Lennert Antoon van der;Maden;CoI;FALSE;1ee9fda3-cb4e-4c06-82b1-7e248c20a700
4987b885-b7be-40e1-bdee-3a740cab8d39;Willem Lennert Antoon van der;Maden;Collaborator;FALSE;1ee9fda3-cb4e-4c06-82b1-7e248c20a700
75542847-edd8-49a5-a60c-c3b2a4f4610e;Willem Lennert Antoon van der;Maden;PI;FALSE;1ee9fda3-cb4e-4c06-82b1-7e248c20a700
190c1b56-5561-4a2a-88e1-d4aab076ddff;Erik ;Grönvall;CoI;FALSE;1e0534b4-fe3e-4c5e-ad6d-5f1c7df6a14e
4aee6ebc-1ae0-48c0-a84f-1580e8d7760b;Erik ;Grönvall;CoI;FALSE;1e0534b4-fe3e-4c5e-ad6d-5f1c7df6a14e
90ea8ed3-a495-4998-b22b-0dc362de76f7;Erik ;Grönvall;CoI;FALSE;1e0534b4-fe3e-4c5e-ad6d-5f1c7df6a14e
52b61d82-61c5-4c33-814d-17dffa0e6da7;Erik ;Grönvall;PI;FALSE;1e0534b4-fe3e-4c5e-ad6d-5f1c7df6a14e
3fdee8d2-5455-4d30-87d7-3e036f3484c3;Erik ;Grönvall;PI;FALSE;1e0534b4-fe3e-4c5e-ad6d-5f1c7df6a14e
bf53f45b-8894-4643-aa71-9d356a657584;Erik ;Grönvall;PI;FALSE;1e0534b4-fe3e-4c5e-ad6d-5f1c7df6a14e
c7ff4234-d9d4-4a7d-92c0-23b4c971bfe9;Erik ;Grönvall;CoI;FALSE;1e0534b4-fe3e-4c5e-ad6d-5f1c7df6a14e
3f6a03a7-6217-4d70-9bf5-0c229cf768f3;Erik ;Grönvall;CoI;FALSE;1e0534b4-fe3e-4c5e-ad6d-5f1c7df6a14e
0f68d1d2-3e84-4979-983c-70cab1341b9f;Erik ;Grönvall;PI;FALSE;1e0534b4-fe3e-4c5e-ad6d-5f1c7df6a14e
4d82f1f3-3bfd-4b4f-b906-501050b7b42c;Erik ;Grönvall;CoI;FALSE;1e0534b4-fe3e-4c5e-ad6d-5f1c7df6a14e
d0cad16b-7c77-4f79-be71-34700fbdfbeb;Erik ;Grönvall;PI;FALSE;1e0534b4-fe3e-4c5e-ad6d-5f1c7df6a14e
86579405-e35b-4553-9420-f491c6062b6e;Erik ;Grönvall;PI;FALSE;1e0534b4-fe3e-4c5e-ad6d-5f1c7df6a14e
a99d5960-9803-4df2-aa16-981af4a8a414;Oksana ;Kulyk;PI;FALSE;1dbd1112-eb47-4406-936c-6807e8845610
396e5fcc-e388-49a1-9f82-f625c28248b1;Oksana ;Kulyk;PI;FALSE;1dbd1112-eb47-4406-936c-6807e8845610
bf1ab9c0-12cb-402a-ac01-3179dddf2e61;Oksana ;Kulyk;PI;FALSE;1dbd1112-eb47-4406-936c-6807e8845610
8c634482-49e2-4d00-82e9-788283bfe90d;Oksana ;Kulyk;CoI;FALSE;1dbd1112-eb47-4406-936c-6807e8845610
18faa057-608d-4cc5-8448-e902b1978a84;Oksana ;Kulyk;PI;FALSE;1dbd1112-eb47-4406-936c-6807e8845610
98da69a6-9b7a-49ea-b353-2b371a9f892b;Oksana ;Kulyk;PI;FALSE;1dbd1112-eb47-4406-936c-6807e8845610
634defb0-a220-4b9c-a78f-cc184037466a;Oksana ;Kulyk;PI;FALSE;1dbd1112-eb47-4406-936c-6807e8845610
b0543225-f5d9-47e8-98e0-bd5da3e0fa4a;Oksana ;Kulyk;CoI;FALSE;1dbd1112-eb47-4406-936c-6807e8845610
e60e33c0-f4d1-4243-a02d-bacc40c257f8;Veronika ;Cheplygina;CoI;FALSE;1c4bfd79-4336-4b17-a672-9acb465f15c0
82a555b1-9926-4e23-928d-ebf205ba4685;Veronika ;Cheplygina;PI;FALSE;1c4bfd79-4336-4b17-a672-9acb465f15c0
7bf9578f-29aa-4a51-82f7-7e3f6b66a6d6;Veronika ;Cheplygina;PI;FALSE;1c4bfd79-4336-4b17-a672-9acb465f15c0
eab28385-3ed9-4610-a9ef-63985ee7a645;Veronika ;Cheplygina;PI;FALSE;1c4bfd79-4336-4b17-a672-9acb465f15c0
fc494832-7cdb-4ddd-b576-f464434f2ed0;Anastasiia ;Sedova;Collaborator;FALSE;1bec39ff-1d28-4f9f-a03c-f6a59a80261c
c006a8cf-ebb2-4bd4-94ae-01b5ea5f2ee2;Luca ;Rossi;CoI;FALSE;1b45e3f5-b8cd-4c0d-a444-2901304f76ee
47ecae24-c424-4de9-9a67-c937eb1fa065;Luca ;Rossi;CoI;FALSE;1b45e3f5-b8cd-4c0d-a444-2901304f76ee
bc25c1fb-6f03-44c3-9f92-5cd7e68c76b0;Luca ;Rossi;CoI;FALSE;1b45e3f5-b8cd-4c0d-a444-2901304f76ee
5e18225a-fb16-48e3-8372-7967aad1e215;Luca;Rossi;CoI;FALSE;1b45e3f5-b8cd-4c0d-a444-2901304f76ee
5734b571-8aa7-42d7-9060-92a007e42fa6;Luca;Rossi;PI;FALSE;1b45e3f5-b8cd-4c0d-a444-2901304f76ee
97a02d87-e5f3-4336-a161-ed76fd0342c4;Luca ;Rossi;CoI;FALSE;1b45e3f5-b8cd-4c0d-a444-2901304f76ee
cacb1264-bab7-49b9-bf36-2605f6094b98;Luca;Rossi;CoI;FALSE;1b45e3f5-b8cd-4c0d-a444-2901304f76ee
4ed18205-b99f-4e8f-b2ae-640fbac5c532;Luca ;Rossi;PI;FALSE;1b45e3f5-b8cd-4c0d-a444-2901304f76ee
92a3a94c-c825-4662-97bc-2b9d802618ea;Pedro ;Ferreira;CoI;FALSE;1b3cff7f-1549-4998-b52e-0ba9093e1d01
28c482c8-3f29-4c4d-abae-c3ea636d65c1;Stefan ;Heinrich;Collaborator;FALSE;1abda59f-c493-4824-a7b1-7470d66f08d1
4c04ec87-4051-4ede-a971-ff8badc270f6;Stefan ;Heinrich;Collaborator;FALSE;1abda59f-c493-4824-a7b1-7470d66f08d1
3d443f2e-0a0d-4bc8-ac4c-b86e60c95ad9;Stefan ;Heinrich;Collaborator;FALSE;1abda59f-c493-4824-a7b1-7470d66f08d1
cf1c30c4-cf34-4174-8b8c-12870794855a;Caroline Costa da Silva;Gaudeoso;PI;FALSE;17d5f65c-93c4-4160-be62-e6fd9260e305
8146f4ce-2057-47de-80a7-f7707e6506e0;Markus Krabbe;Larsen;CoI;FALSE;17b18c69-c9d0-456a-affa-5396d0a0d09e
db4436b5-631c-4a43-acd4-404a58e2866f;Nicolas Hugo;Bessone;CoI;FALSE;1780c8b5-860d-4c59-8d81-09438caf15cd
074b9716-bceb-4e07-90dd-a3c3eaf359ba;Nicolas Hugo;Bessone;Collaborator;FALSE;1780c8b5-860d-4c59-8d81-09438caf15cd
c52de284-a5d5-4e86-b024-ee1508c043e5;Eleni ;Nisioti;CoI;FALSE;17164ef9-74ba-43ba-ba21-8cd57493f4cb
d0796f54-9b0c-4dfe-980d-a4bc1a5a4e76;Therese ;Graversen;PI;FALSE;1578b20c-b5d0-466f-b114-2582529ddc53
679f65c3-ff92-4d18-a517-eac12777270b;Therese ;Graversen;PI;FALSE;1578b20c-b5d0-466f-b114-2582529ddc53
c52de284-a5d5-4e86-b024-ee1508c043e5;Erwan ;Plantec;CoI;FALSE;147a9f2c-2353-4ddf-a631-a86a369d8c12
e50cfe20-8938-4356-9283-7512333745f6;Jonas ;Juul;PI;FALSE;13f2be7b-37ab-4ab3-b5c3-90d54e1515dc
a3eec805-3c21-4472-83b3-dfde1ec5a377;Carsten ;Schürmann;PI;FALSE;1313519f-2074-41d6-8b79-589648e37211
35af1726-589d-4cd1-bbea-3fa051ef76ce;Carsten ;Schürmann;PI;FALSE;1313519f-2074-41d6-8b79-589648e37211
07548a95-a062-420a-9a8c-0073892e3826;Carsten ;Schürmann;PI;FALSE;1313519f-2074-41d6-8b79-589648e37211
d9ae1f9c-c9ff-4c8f-a3c3-5b8c05b9b6d8;Carsten ;Schürmann;CoI;FALSE;1313519f-2074-41d6-8b79-589648e37211
d16d3334-5a11-40bc-8432-6504812c53fa;Carsten ;Schürmann;PI;FALSE;1313519f-2074-41d6-8b79-589648e37211
8146f4ce-2057-47de-80a7-f7707e6506e0;Carsten ;Schürmann;PI;FALSE;1313519f-2074-41d6-8b79-589648e37211
396e5fcc-e388-49a1-9f82-f625c28248b1;Carsten ;Schürmann;CoI;FALSE;1313519f-2074-41d6-8b79-589648e37211
3f31352b-c92a-4136-b962-82943e206a9c;Carsten ;Schürmann;CoI;FALSE;1313519f-2074-41d6-8b79-589648e37211
2394be68-c192-4634-ba99-18798309529b;Carsten ;Schürmann;PI;FALSE;1313519f-2074-41d6-8b79-589648e37211
520a1d77-0114-475f-8622-c46c122a0a82;Carsten ;Schürmann;CoI;FALSE;1313519f-2074-41d6-8b79-589648e37211
5f390eca-e9d9-433e-aa5f-4bdd301809f8;Carsten ;Schürmann;PI;FALSE;1313519f-2074-41d6-8b79-589648e37211
bd1abb53-138b-45b8-8fad-374806de4171;Carsten ;Schürmann;PI;FALSE;1313519f-2074-41d6-8b79-589648e37211
af6ccd35-879e-49c5-a7d1-b2c5b6aeb32d;Carsten ;Schürmann;PI;FALSE;1313519f-2074-41d6-8b79-589648e37211
41af0c4e-b311-4027-a76a-00f3ac2556f7;Carsten ;Schürmann;PI;FALSE;1313519f-2074-41d6-8b79-589648e37211
003a6d6c-9054-4bd9-b385-bda147487988;Carsten ;Schürmann;PI;FALSE;1313519f-2074-41d6-8b79-589648e37211
dd01444b-b5d9-4671-8b76-49c1f70993e6;Carsten ;Schürmann;PI;FALSE;1313519f-2074-41d6-8b79-589648e37211
b13c33f0-dc63-455f-9726-40972e16c563;Carsten ;Schürmann;PI;FALSE;1313519f-2074-41d6-8b79-589648e37211
6579244b-f2f0-43d2-a419-cae006f71e89;Carsten ;Schürmann;PI;FALSE;1313519f-2074-41d6-8b79-589648e37211
0e9af4b1-d32c-4430-8ac0-1b76bc145672;Carsten ;Schürmann;PI;FALSE;1313519f-2074-41d6-8b79-589648e37211
ad27f833-ae52-4174-8764-712393b01fb0;Carsten ;Schürmann;PI;FALSE;1313519f-2074-41d6-8b79-589648e37211
4d0d5ca1-0e3e-4709-9b43-3fb58b57869c;Dawit ;Tirore;CoI;FALSE;12df9187-47b5-4d7e-87f5-9089a3d229c1
c52de284-a5d5-4e86-b024-ee1508c043e5;Marcello ;Barylli;Collaborator;FALSE;12b9f158-5c84-4979-9c41-388ba3cf2c6e
808b4113-1e7f-4fef-b1dd-fb6290801fa8;David ;Struthers;CoI;FALSE;12698500-7fd8-4508-b86a-adafaeaf91a9
939931f6-183c-46e0-a8da-1464aa7bc66c;Roosa ;Piitulainen;CoI;FALSE;124de7ea-2c0b-435f-b2bd-3fd5869590e7
45e498cd-e0ff-4f9d-81be-de8c646469ef;Morten;Hjelholt;CoI;FALSE;10e4fc8e-556f-4104-b744-409caedc2276
c006a8cf-ebb2-4bd4-94ae-01b5ea5f2ee2;Morten ;Hjelholt;CoI;FALSE;10e4fc8e-556f-4104-b744-409caedc2276
9327801a-eaef-45a8-9591-f619b036564c;Morten;Hjelholt;PI;FALSE;10e4fc8e-556f-4104-b744-409caedc2276
1f45d635-42f4-44e1-864c-7ff0ed31ac2b;Morten ;Hjelholt;PI;FALSE;10e4fc8e-556f-4104-b744-409caedc2276
dded96d9-89f4-4348-ab14-034dcd34c54f;Morten ;Hjelholt;CoI;FALSE;10e4fc8e-556f-4104-b744-409caedc2276
3cc55852-f8c5-4785-89fe-3effd68d8082;Morten;Hjelholt;PI;FALSE;10e4fc8e-556f-4104-b744-409caedc2276
a69e8631-d120-4068-91d3-7e3fead61864;Lene;Nielsen;PI;FALSE;1052b289-f510-4c5a-9662-2db48c12ebc2
fd108cbf-5e63-45e4-9757-af95ea6540a1;Lene;Nielsen;PI;FALSE;1052b289-f510-4c5a-9662-2db48c12ebc2
136f261a-f853-4d6e-9abe-ad52ce52fd79;Lene;Nielsen;PI;FALSE;1052b289-f510-4c5a-9662-2db48c12ebc2
cda0274e-252f-4c43-acb3-04504dbb74b4;Lene;Nielsen;PI;FALSE;1052b289-f510-4c5a-9662-2db48c12ebc2
42b30a10-30b5-4a6f-ba07-de3564094906;Lene;Nielsen;PI;FALSE;1052b289-f510-4c5a-9662-2db48c12ebc2
54d5aeb6-716e-46dd-b34a-cb8057be82a4;Lene;Nielsen;CoI;FALSE;1052b289-f510-4c5a-9662-2db48c12ebc2
f38668d7-1ed2-4dbf-b41a-0583a99f52a5;Lene ;Nielsen;CoI;FALSE;1052b289-f510-4c5a-9662-2db48c12ebc2
4dfe41c8-311e-4715-b629-c0a0edbb46de;Lene;Nielsen;PI;FALSE;1052b289-f510-4c5a-9662-2db48c12ebc2
25d54da9-ee43-47f4-8224-7a06547a3ee6;Lene;Nielsen;PI;FALSE;1052b289-f510-4c5a-9662-2db48c12ebc2
9bdf9b3d-9ce4-4454-a5d3-0b1d3e3bd631;Lene;Nielsen;PI;FALSE;1052b289-f510-4c5a-9662-2db48c12ebc2
d6357409-b52f-4d20-99d4-4a607a325c0a;Lene ;Nielsen;CoI;FALSE;1052b289-f510-4c5a-9662-2db48c12ebc2
c73fb74d-2225-44a2-aba1-d1d40064f50e;Lene;Nielsen;PI;FALSE;1052b289-f510-4c5a-9662-2db48c12ebc2
f266da39-b6cd-4221-a419-c2c73ad16fa1;Lene;Nielsen;PI;FALSE;1052b289-f510-4c5a-9662-2db48c12ebc2
f37a5ad9-0947-4b39-9bc4-c6fb89bead24;Lene;Nielsen;PI;FALSE;1052b289-f510-4c5a-9662-2db48c12ebc2
89f14e97-e7b4-488c-a667-40d29d7efe26;Lene;Nielsen;PI;FALSE;1052b289-f510-4c5a-9662-2db48c12ebc2
8ea1d816-cfb3-4b02-a1cd-5c34a3d0fd61;Lene ;Nielsen;PI;FALSE;1052b289-f510-4c5a-9662-2db48c12ebc2
cf4ebeb2-8442-4ebc-87f8-eef03e9c41d6;Lene;Nielsen;PI;FALSE;1052b289-f510-4c5a-9662-2db48c12ebc2
c37bcaa8-233a-4eb6-8885-8a91a102ab32;Lene ;Nielsen;PI;FALSE;1052b289-f510-4c5a-9662-2db48c12ebc2
6a664167-2eaa-4cc9-a50a-07c11c039742;Lene;Nielsen;PI;FALSE;1052b289-f510-4c5a-9662-2db48c12ebc2
c0c821bf-a85a-404b-86a3-12b0f62c20bb;Lene;Nielsen;PI;FALSE;1052b289-f510-4c5a-9662-2db48c12ebc2
def5ee8f-0260-44af-b3ae-e02e5aec1605;Rasmus Ejlers;Møgelberg;CoI;FALSE;10003d22-a201-4b64-88e3-b423bc76fcc2
058ab940-9a91-4e18-a472-0f25ed203769;Rasmus Ejlers;Møgelberg;CoI;FALSE;10003d22-a201-4b64-88e3-b423bc76fcc2
0e18ed4e-6696-4060-b108-3f00b8431b89;Rasmus Ejlers;Møgelberg;PI;FALSE;10003d22-a201-4b64-88e3-b423bc76fcc2
2f5e8d53-a5c4-41a9-95b3-8478cb7376ea;Rasmus Ejlers;Møgelberg;PI;FALSE;10003d22-a201-4b64-88e3-b423bc76fcc2
3e7a5097-15b1-4f1e-b343-b06f74cc224b;Rasmus Ejlers;Møgelberg;PI;FALSE;10003d22-a201-4b64-88e3-b423bc76fcc2
45a64c9c-7b9c-40e7-966b-f524e0a23668;Rasmus Ejlers;Møgelberg;PI;FALSE;10003d22-a201-4b64-88e3-b423bc76fcc2
820953a2-9085-49f5-84eb-2b7b90f26f74;Peter;Sestoft;CoI;FALSE;0ee7ba1e-3108-4db3-a908-97977980d032
ed6bd979-6a16-4c9b-ba0c-f22b3ec3c37b;Peter;Sestoft;PI;FALSE;0ee7ba1e-3108-4db3-a908-97977980d032
b10dc8f6-0aec-47e7-91a2-60d11b9deadf;Peter;Sestoft;CoI;FALSE;0ee7ba1e-3108-4db3-a908-97977980d032
46950efa-4ab3-4646-9458-a5a6c128d967;Peter;Sestoft;CoI;FALSE;0ee7ba1e-3108-4db3-a908-97977980d032
249c41f8-3d16-4033-bfc1-695487446106;Peter;Sestoft;PI;FALSE;0ee7ba1e-3108-4db3-a908-97977980d032
97a65822-fad8-4fac-8d3d-ac14aad42b2c;Peter;Sestoft;PI;FALSE;0ee7ba1e-3108-4db3-a908-97977980d032
a34eefb4-dc7c-45b0-a60a-369c9f8c4fbc;Peter;Sestoft;PI;FALSE;0ee7ba1e-3108-4db3-a908-97977980d032
fd1bc026-6e92-4652-bb7e-7f9f8c47b4c7;Peter;Sestoft;CoI;FALSE;0ee7ba1e-3108-4db3-a908-97977980d032
7bc8f483-88e2-43a9-b774-fd908e7b2fee;Peter;Sestoft;PI;FALSE;0ee7ba1e-3108-4db3-a908-97977980d032
b501546f-657e-4455-8006-d0a5cd897749;Peter;Sestoft;CoI;FALSE;0ee7ba1e-3108-4db3-a908-97977980d032
28c482c8-3f29-4c4d-abae-c3ea636d65c1;Peter;Sestoft;PI;FALSE;0ee7ba1e-3108-4db3-a908-97977980d032
0f5d7921-6113-492b-a852-12964960abc7;Peter;Sestoft;CoI;FALSE;0ee7ba1e-3108-4db3-a908-97977980d032
890d38c5-60d4-4c00-80f7-2ed30f36b8b6;Peter;Sestoft;PI;FALSE;0ee7ba1e-3108-4db3-a908-97977980d032
0ae11a14-eed2-4bb8-a3e2-657776e7772c;Peter;Sestoft;CoI;FALSE;0ee7ba1e-3108-4db3-a908-97977980d032
8f5fad3c-1aee-432c-8ad4-77c851de79a5;Peter;Sestoft;CoI;FALSE;0ee7ba1e-3108-4db3-a908-97977980d032
445b877c-2def-4421-9ffd-1d072bdb81d2;Peter ;Sestoft;CoI;FALSE;0ee7ba1e-3108-4db3-a908-97977980d032
2ca6fcc0-4e7d-4fb9-b4cb-12e19d6338cd;Peter;Sestoft;PI;FALSE;0ee7ba1e-3108-4db3-a908-97977980d032
dc733cc9-d349-4d71-a766-e33e27e63bbc;Peter;Sestoft;CoI;FALSE;0ee7ba1e-3108-4db3-a908-97977980d032
20a8720a-ab29-4536-a64b-2d33d851280d;Peter ;Sestoft;PI;FALSE;0ee7ba1e-3108-4db3-a908-97977980d032
43106ed5-9644-4abe-adc0-b34250500c12;Peter;Sestoft;PI;FALSE;0ee7ba1e-3108-4db3-a908-97977980d032
eb843412-29ec-4b75-b260-b32631e4bfd7;Fiona Bríd ;Mulvey;CoI;FALSE;0e2c06ee-d065-4477-93e1-d5ccf2f48fec
edfaf84b-1454-431a-b02a-2394a0a4f9d9;Fiona Bríd ;Mulvey;CoI;FALSE;0e2c06ee-d065-4477-93e1-d5ccf2f48fec
17f194cc-53d3-4cd7-95ef-13587882768e;Christina Staun;Biangslev;PI;FALSE;0d90a829-12d8-4cbe-a2c5-0ba7e7ab4814
8dc6ea1f-9006-408b-9e5c-77126c827bc3;Sara Marie;Ertner;CoI;FALSE;0cc78e11-da3d-4687-a49a-76a2ba39c292
65aa23cb-27b9-4f3c-9c27-3fc07d59edf0;Sara Marie;Ertner;PI;FALSE;0cc78e11-da3d-4687-a49a-76a2ba39c292
3f6a03a7-6217-4d70-9bf5-0c229cf768f3;Sara Marie;Ertner;CoI;FALSE;0cc78e11-da3d-4687-a49a-76a2ba39c292
e9c91f24-e3ab-41a7-bdce-ac3685bd3f46;Sara Marie;Ertner;CoI;FALSE;0cc78e11-da3d-4687-a49a-76a2ba39c292
b0543225-f5d9-47e8-98e0-bd5da3e0fa4a;Eszter ;Vigh;Collaborator;FALSE;0c4bb244-feb1-49f6-b658-ba79b505f679
8e3474bc-dd89-4c0c-a84c-4c8ad3e95467;Katrine Meldgaard;Kjær;PI;FALSE;0c46864b-a7f8-4439-aeda-0781f77bfe88
0ceff908-b0cc-4033-bc28-ea4afe61db99;Hasib ;Ahsan;CoI;FALSE;0bdda5a8-b38a-4532-b9a2-e5d9a98c05a7
04ca7eda-07a3-4ceb-be18-8921e37c7d74;Hasib ;Ahsan;CoPI;FALSE;0bdda5a8-b38a-4532-b9a2-e5d9a98c05a7
692ba9a6-defc-4d0f-a278-423a6f0cfeda;Hasib ;Ahsan;CoPI;FALSE;0bdda5a8-b38a-4532-b9a2-e5d9a98c05a7
0e80f60f-45a9-4c29-a4b0-6743f238591d;Hasib ;Ahsan;CoI;FALSE;0bdda5a8-b38a-4532-b9a2-e5d9a98c05a7
c5d1965f-621e-4f0f-9071-1823ccc20fc9;Leon Y.;Xiao;PI;FALSE;0a2a2206-180b-4443-bdb7-92deba889221
7591c28f-13f6-4c81-ac92-52ffabe3c960;Asger Balle;Pedersen;PI;FALSE;09ec1bda-4550-4a83-8480-fe742d77e882
a3865971-0fd4-4ea3-b2ba-199a34b27f69;Asger Balle;Pedersen;PI;FALSE;09ec1bda-4550-4a83-8480-fe742d77e882
3ee07b88-7850-44db-b901-92943ed05508;Asger Balle;Pedersen;CoI;FALSE;09ec1bda-4550-4a83-8480-fe742d77e882
b7bb0d86-8c3c-4d0e-841c-dd0e7607ec13;Asger Balle;Pedersen;CoI;FALSE;09ec1bda-4550-4a83-8480-fe742d77e882
71dd413e-6f9d-4c36-891a-9626135d3718;Asger Balle;Pedersen;PI;FALSE;09ec1bda-4550-4a83-8480-fe742d77e882
8e1c40af-d9f7-43a2-8ddc-a946d2d5195d;Asger Balle;Pedersen;PI;FALSE;09ec1bda-4550-4a83-8480-fe742d77e882
d661f198-6385-453c-ba38-b52887d2ea9e;Asger Balle;Pedersen;PI;FALSE;09ec1bda-4550-4a83-8480-fe742d77e882
25fb9c43-f96e-48f6-adbd-d69e5fad3908;Asger Balle;Pedersen;PI;FALSE;09ec1bda-4550-4a83-8480-fe742d77e882
5658611e-8732-47e8-b193-538392ec9395;Morten Tychsen;Clausen;CoI;FALSE;09813918-f2fa-46c2-a9b1-069b140c2903
1afe974b-d602-4c5c-ab84-24ba24b7ce81;Anders Giovanni;Møller;CoI;FALSE;07251d01-c63e-448b-84f2-6e9e128ae147
c9b94a62-c80c-48b9-99f5-263d0b7907d8;Sunniva ;Sandbukt;PI;FALSE;06d038a4-f659-4c53-8a6d-58e295ab603f
46376f84-6f50-4a46-b43e-480f0dbfaf49;Sunniva ;Sandbukt;CoI;FALSE;06d038a4-f659-4c53-8a6d-58e295ab603f
6ee138d1-5e46-4b40-9023-4cf3481ef1b1;Sunniva ;Sandbukt;PI;FALSE;06d038a4-f659-4c53-8a6d-58e295ab603f
b4ef82a3-4439-407f-9af5-6fe57334e27e;Sunniva ;Sandbukt;PI;FALSE;06d038a4-f659-4c53-8a6d-58e295ab603f
e9c91f24-e3ab-41a7-bdce-ac3685bd3f46;Sunniva ;Sandbukt;CoI;FALSE;06d038a4-f659-4c53-8a6d-58e295ab603f
19d06348-ad95-4065-ad4b-8e6094c74491;Sunniva ;Sandbukt;PI;FALSE;06d038a4-f659-4c53-8a6d-58e295ab603f
9738405b-be37-404d-8f09-43865a211ec3;Arturo Valdivia;Martinez;CoI;FALSE;06b69b03-fa50-410d-a8e5-fd3da1876353
ab057d1f-e994-44ff-9f43-8bf2e07d66b2;Arturo Valdivia;Martinez;Collaborator;FALSE;06b69b03-fa50-410d-a8e5-fd3da1876353
28c482c8-3f29-4c4d-abae-c3ea636d65c1;Martin Lund;Trinhammer;CoI;FALSE;0600e907-f51e-4588-923c-9a984592580e
5c0cc9c6-9752-4e9c-9ec7-219daef07620;Jonas Haugaard;Jensen;CoI;FALSE;05788d6a-1042-4bf1-8ed7-b11224fb483e
4c04ec87-4051-4ede-a971-ff8badc270f6;Luiza Ribeiro;Marnet;CoI;FALSE;0562500c-e9cb-43cf-9641-8775d47103cc
c82f5a3b-b237-48b8-8b59-b5ef25702f02;Vasilieos-Spyridon ;Vlassis;CoI;FALSE;0537edb0-1a18-425e-8a82-c92b2882a597
92a3a94c-c825-4662-97bc-2b9d802618ea;Vasilieos-Spyridon ;Vlassis;CoI;FALSE;0537edb0-1a18-425e-8a82-c92b2882a597
6bdbc155-83c0-4139-ab79-ec3933ba3a05;Kristian Nørgaard;Jensen;CoI;FALSE;04344edd-2f02-45d5-ad45-baffe4c08898
4c04ec87-4051-4ede-a971-ff8badc270f6;Laura ;Weihl;CoI;FALSE;02fbfd2f-9290-41dc-b82e-fcc2abcd9b2a
ffff9275-aa77-4802-9790-17fad8db14b6;Mircea ;Lungu;PI;FALSE;02960d47-7677-4b2c-99d4-490a31fd6885
9f77d6e9-c0a5-4560-94ba-9451dc779f58;Mircea ;Lungu;CoI;FALSE;02960d47-7677-4b2c-99d4-490a31fd6885
61a964d6-a6c1-4364-a2b9-0c1504474ad6;Qiuyu ;Jiang;CoI;FALSE;0284519c-3320-48a2-8b0d-b4ae9351a403
b47abab8-758b-4317-be3b-a2b8fb15d820;Qiuyu ;Jiang;CoI;FALSE;0284519c-3320-48a2-8b0d-b4ae9351a403
d6e92b00-b7c2-44f7-b96f-da3e9d8c7681;Qiuyu ;Jiang;CoI;FALSE;0284519c-3320-48a2-8b0d-b4ae9351a403
19e2ba95-373f-4091-9ca6-3cef5331bacb;Qiuyu ;Jiang;CoI;FALSE;0284519c-3320-48a2-8b0d-b4ae9351a403
1b488dd3-466a-4eef-a9ce-74ccca2cb4d9;Qiuyu ;Jiang;CoI;FALSE;0284519c-3320-48a2-8b0d-b4ae9351a403
fdb81bd5-74a4-45dd-9e7f-31d7a53fedd4;Philippe;Bonnet;CoI;TRUE;
fdb81bd5-74a4-45dd-9e7f-31d7a53fedd4;Marcus;Chang;CoI;TRUE;
43e52d24-2010-4aeb-b453-c33971dc382a;Philippe;Bonnet;PI;TRUE;
43e52d24-2010-4aeb-b453-c33971dc382a;Joel Andres;Granados;CoI;TRUE;
43e52d24-2010-4aeb-b453-c33971dc382a;Javier;Gonzalez;CoI;TRUE;
8d371dc6-a3eb-43ec-93b0-116764f1db22;Rasmus;Pagh;PI;TRUE;
8d371dc6-a3eb-43ec-93b0-116764f1db22;Rasmus Resen;Amossen;CoI;TRUE;
0694dccc-b954-4680-8d26-6c8d53685d29;Jakob;Bardram;PI;TRUE;
0694dccc-b954-4680-8d26-6c8d53685d29;Neela Narayanan;Venkataraman;CoI;TRUE;
0694dccc-b954-4680-8d26-6c8d53685d29;Juan David Hincapie;Ramos;CoI;TRUE;
0694dccc-b954-4680-8d26-6c8d53685d29;Aurélien;Tabard;CoI;TRUE;
55453a09-dd3c-4254-b50c-1d6e0d281dff;Jakob;Bardram;CoI;TRUE;
55453a09-dd3c-4254-b50c-1d6e0d281dff;Raghava Rao;Mukkamala;CoI;TRUE;
55453a09-dd3c-4254-b50c-1d6e0d281dff;Jonathan;Bunde-Pedersen;CoI;TRUE;
498b8d8c-7879-407e-b867-1aee0c7aa170;Joseph Roland;Kiniry;PI;TRUE;
8097c0e5-c30a-430a-9106-e48815dc802e;Jakob;Bardram;PI;TRUE;
8097c0e5-c30a-430a-9106-e48815dc802e;Mads;Frost;CoI;TRUE;
8097c0e5-c30a-430a-9106-e48815dc802e;Afsaneh;Doryab;CoI;TRUE;
c86e7edb-8709-491c-8b10-21f4f5871e2c;Joseph Roland;Kiniry;PI;TRUE;
c86e7edb-8709-491c-8b10-21f4f5871e2c;Daniel ;Zimmerman;PI;TRUE;
ebbc254e-67ff-46a8-b14c-b70b4305141b;Joseph Roland;Kiniry;PI;TRUE;
ebbc254e-67ff-46a8-b14c-b70b4305141b;Dermot;Cochran;PI;TRUE;
55316e4c-736b-48df-9898-7e1887bb2486;Joseph Roland;Kiniry;PI;TRUE;
55316e4c-736b-48df-9898-7e1887bb2486;Josu;Martinez;PI;TRUE;
a42b0888-e444-4dd2-93c6-a157b92a7770;Joseph Roland;Kiniry;PI;TRUE;
820953a2-9085-49f5-84eb-2b7b90f26f74;Lars;Birkedal;PI;TRUE;
820953a2-9085-49f5-84eb-2b7b90f26f74;Hannes;Mehnert;CoI;TRUE;
820953a2-9085-49f5-84eb-2b7b90f26f74;Jonas Buhrkal;Jensen;CoI;TRUE;
820953a2-9085-49f5-84eb-2b7b90f26f74;Jacob Junker;Thamsborg;CoI;TRUE;
820953a2-9085-49f5-84eb-2b7b90f26f74;Filip;Sieczkowski;CoI;TRUE;
820953a2-9085-49f5-84eb-2b7b90f26f74;Hannes;Mehnert;CoI;TRUE;
820953a2-9085-49f5-84eb-2b7b90f26f74;Kasper;Svendsen;CoI;TRUE;
def5ee8f-0260-44af-b3ae-e02e5aec1605;Lars;Birkedal;PI;TRUE;
def5ee8f-0260-44af-b3ae-e02e5aec1605;Jacob Junker;Thamsborg;CoI;TRUE;
612922b8-de39-4ff6-80c5-dbfe46873ce0;Jakob;Bardram;PI;TRUE;
612922b8-de39-4ff6-80c5-dbfe46873ce0;Jonathan;Bunde-Pedersen;CoI;TRUE;
612922b8-de39-4ff6-80c5-dbfe46873ce0;Afsaneh;Doryab;CoI;TRUE;
612922b8-de39-4ff6-80c5-dbfe46873ce0;Sofiane ;Gueddana;CoI;TRUE;
94132b8e-3a13-439c-beae-73eaa2bfc6c2;Philippe;Bonnet;PI;TRUE;
94132b8e-3a13-439c-beae-73eaa2bfc6c2;Matias;Bjørling;CoI;TRUE;
94132b8e-3a13-439c-beae-73eaa2bfc6c2;Niv;Dayan;CoI;TRUE;
415160df-572d-4afb-b812-19ec0f6af6e1;Irina;Shklovski;PI;TRUE;
a5cd3c3c-d1ff-4fe6-b08e-263d51de6813;David;Basin;CoI;TRUE;
a5cd3c3c-d1ff-4fe6-b08e-263d51de6813;Adrian;Mackenzie;CoI;TRUE;
a5cd3c3c-d1ff-4fe6-b08e-263d51de6813;John;Law;CoI;TRUE;
5c75c8dc-6b67-4956-8626-37f6d8778805;Julian;Togelius;PI;TRUE;
5c75c8dc-6b67-4956-8626-37f6d8778805;Georgios;Yannakakis;CoI;TRUE;
c66417ee-9cd8-4918-b872-25574a724c2a;Jakob;Bardram;PI;TRUE;
51ac42a5-e884-400e-92a7-6f200f189499;Jørgen ;Staunstrup;PI;TRUE;
51ac42a5-e884-400e-92a7-6f200f189499;John Paulin;Hansen;CoI;TRUE;
eca259ab-ea40-4758-bbb5-6533b2c39916;Lone;Malmborg;CoI;TRUE;
eca259ab-ea40-4758-bbb5-6533b2c39916;Tomas ;Sokoler;PI;TRUE;
8dc6ea1f-9006-408b-9e5c-77126c827bc3;Lone;Malmborg;PI;TRUE;
8dc6ea1f-9006-408b-9e5c-77126c827bc3;Tomas ;Sokoler;PI;TRUE;
dc6f55b6-2134-4962-bcc0-ffe6dcb3997b;Philippe;Bonnet;PI;TRUE;
cfcf30c3-2e6c-4854-85a9-2504572752a5;Georgios;Yannakakis;PI;TRUE;
cfcf30c3-2e6c-4854-85a9-2504572752a5;Julian;Togelius;CoI;TRUE;
cfcf30c3-2e6c-4854-85a9-2504572752a5;Yun-Gyung;Cheong;CoI;TRUE;
cfcf30c3-2e6c-4854-85a9-2504572752a5;Rilla;Khaled;CoI;TRUE;
cfcf30c3-2e6c-4854-85a9-2504572752a5;Corrado;Grappiolo;CoI;TRUE;
cfcf30c3-2e6c-4854-85a9-2504572752a5;Antonios;Liapis;CoI;TRUE;
cfcf30c3-2e6c-4854-85a9-2504572752a5;Christoffer;Holmgård;CoI;TRUE;
070091f2-5713-48cd-9633-e3918315931f;Jakob;Bardram;PI;TRUE;
070091f2-5713-48cd-9633-e3918315931f;Steven;Houben;CoI;TRUE;
070091f2-5713-48cd-9633-e3918315931f;Thomas;Pederson;CoI;TRUE;
070091f2-5713-48cd-9633-e3918315931f;Shahram;Jalaliniya;CoI;TRUE;
1f0930fb-e0c4-4f6f-a76e-8c918d86fd0b;Jørgen ;Staunstrup;PI;TRUE;
1f0930fb-e0c4-4f6f-a76e-8c918d86fd0b;Peter;Lutz;PI;TRUE;
1f0930fb-e0c4-4f6f-a76e-8c918d86fd0b;Randi;Markussen;CoI;TRUE;
83ed0d7a-acf2-4908-bed1-7f047235d2fd;Georgios;Yannakakis;PI;TRUE;
0cd95d03-f132-4f54-9f5a-6da55336125a;Georgios;Yannakakis;PI;TRUE;
0cd95d03-f132-4f54-9f5a-6da55336125a;Alessandro;Canossa;PI;TRUE;
0cd95d03-f132-4f54-9f5a-6da55336125a;Rilla;Khaled;PI;TRUE;
0cd95d03-f132-4f54-9f5a-6da55336125a;Christoffer;Holmgård;CoI;TRUE;
0cd95d03-f132-4f54-9f5a-6da55336125a;Julian;Togelius;CoI;TRUE;
0cd95d03-f132-4f54-9f5a-6da55336125a;Rilla;Khaled;CoI;TRUE;
9ba6cf3a-4ac3-41b0-a77e-f8e4a9a3117e;Muhammad Ali;Babar;PI;TRUE;
02e9b18e-a36f-40c9-acd9-06ea815e7c6d;Jørgen ;Staunstrup;PI;TRUE;
02e9b18e-a36f-40c9-acd9-06ea815e7c6d;Kjell Yngve;Petersen;PI;TRUE;
22225314-e30a-47e7-b5c5-3e9e1ecdc8d3;Tomas ;Sokoler;CoI;TRUE;
22225314-e30a-47e7-b5c5-3e9e1ecdc8d3;Thomas;Pederson;CoI;TRUE;
22225314-e30a-47e7-b5c5-3e9e1ecdc8d3;Adriana Araujo;de Souza e Silva;CoI;TRUE;
22225314-e30a-47e7-b5c5-3e9e1ecdc8d3;Diako;Mardanbegi;CoI;TRUE;
a3eec805-3c21-4472-83b3-dfde1ec5a377;Frank;Pfenning;CoI;TRUE;
2ff25b7f-6d17-43d1-9f32-55982346437c;Tomas ;Sokoler;PI;TRUE;
2ff25b7f-6d17-43d1-9f32-55982346437c;Aaron;Mullane;CoI;TRUE;
2ff25b7f-6d17-43d1-9f32-55982346437c;Dag;Svanæs;CoI;TRUE;
ee36c318-11de-4301-8b75-6d6ebe121e01;Fabrizio;Montesi;CoI;TRUE;
f6d20d05-9881-45a8-b3dc-7625585ee4c9;Rasmus;Pagh;PI;TRUE;
f6d20d05-9881-45a8-b3dc-7625585ee4c9;Morten;Stöckel;CoI;TRUE;
f6d20d05-9881-45a8-b3dc-7625585ee4c9;Ninh Dang;Pham;CoI;TRUE;
0138e9a0-ad7f-434d-9594-e7597b1c3e2b;Christina;Neumayer;PI;TRUE;
ed6bd979-6a16-4c9b-ba0c-f22b3ec3c37b;David Raymond;Christiansen;CoI;TRUE;
35af1726-589d-4cd1-bbea-3fa051ef76ce;Nina;Boulus-Rødje;CoI;TRUE;
35af1726-589d-4cd1-bbea-3fa051ef76ce;Joseph Roland;Kiniry;CoI;TRUE;
35af1726-589d-4cd1-bbea-3fa051ef76ce;Randi;Markussen;CoI;TRUE;
35af1726-589d-4cd1-bbea-3fa051ef76ce;Daniel;Gustafsson;CoI;TRUE;
35af1726-589d-4cd1-bbea-3fa051ef76ce;Jian;Wang;CoI;TRUE;
35af1726-589d-4cd1-bbea-3fa051ef76ce;Anne Kathrine Pihl;Vadgaard;CoI;TRUE;
35af1726-589d-4cd1-bbea-3fa051ef76ce;Agata Anna;Murawska;CoI;TRUE;
35af1726-589d-4cd1-bbea-3fa051ef76ce;Peter Brottveit;Bock;CoI;TRUE;
8cc58f09-1f41-458e-a3a3-f266e1ea62e9;Lars;Birkedal;PI;TRUE;
8cc58f09-1f41-458e-a3a3-f266e1ea62e9;Ales;Bizjak;CoI;TRUE;
8b8aa3f9-bc17-42c5-9a59-c48f17799881;Casper Bruun;Jensen;PI;TRUE;
85a633e3-4ceb-452b-9870-52e2f69289d5;Tijs;Slaats;PI;TRUE;
315e4871-b891-4423-a4d2-e754d7a843ea;John Paulin;Hansen;PI;TRUE;
2bbc8b50-82a7-4543-9e8a-be4890c1c108;Lisbeth;Klastrup;PI;TRUE;
96a6bce3-9ace-4be7-a5df-c2b7836aea43;Irina;Shklovski;PI;TRUE;
52636f43-4fb0-43ed-8c56-b644ddd62be9;Jakob;Bardram;PI;TRUE;
52636f43-4fb0-43ed-8c56-b644ddd62be9;Pernille;Bjørn;CoI;TRUE;
52636f43-4fb0-43ed-8c56-b644ddd62be9;Muhammad Ali;Babar;CoI;TRUE;
52636f43-4fb0-43ed-8c56-b644ddd62be9;Aufeef;Chauhan;CoI;TRUE;
52636f43-4fb0-43ed-8c56-b644ddd62be9;Morten;Esbensen;CoI;TRUE;
52636f43-4fb0-43ed-8c56-b644ddd62be9;Rasmus Eskild;Jensen;CoI;TRUE;
52636f43-4fb0-43ed-8c56-b644ddd62be9;Stina;Matthiesen;CoI;TRUE;
52636f43-4fb0-43ed-8c56-b644ddd62be9;Steven;Jeuris;CoI;TRUE;
52636f43-4fb0-43ed-8c56-b644ddd62be9;Mansooreh;Zahedi;CoI;TRUE;
52636f43-4fb0-43ed-8c56-b644ddd62be9;Rasmus Eskild;Jensen;CoI;TRUE;
52636f43-4fb0-43ed-8c56-b644ddd62be9;Rosalba;Giuffrida;PI;TRUE;
eac60df9-3b9b-4910-9700-2d23d577e728;Lei;Song;CoI;TRUE;
eac60df9-3b9b-4910-9700-2d23d577e728;Louis-Marie;Traonouez;CoI;TRUE;
eac60df9-3b9b-4910-9700-2d23d577e728;Fabrizio;Biondi;CoI;TRUE;
13537467-eee8-4756-af4a-0c04d42666fb;Dario;Pacino;CoI;TRUE;
1b24e063-c479-47e0-a8c1-47c039848a85;Charge Nurse Ole;Henriksen;CoI;TRUE;
1b24e063-c479-47e0-a8c1-47c039848a85;Søren;Lippert;CoI;TRUE;
1b24e063-c479-47e0-a8c1-47c039848a85;Shangjin;Xu;CoI;TRUE;
1b24e063-c479-47e0-a8c1-47c039848a85;Kostas;Pantazos;CoI;TRUE;
1b24e063-c479-47e0-a8c1-47c039848a85;Mohammad Amin;Kuhail;CoI;TRUE;
abe67227-b89c-4906-b63f-4d4f3870666b;Pernille;Bjørn;PI;TRUE;
4f709a71-18d5-4a90-9b77-675fa6dcee65;Nanna;Holdgaard;PI;TRUE;
9bf034c6-728d-4527-89dc-c8ba689c0cee;Kevin;Tierney;CoI;TRUE;
19e3b064-21f8-47c1-8b9d-f531323964d4;Thorsten;Berger;CoI;TRUE;
19e3b064-21f8-47c1-8b9d-f531323964d4;Alexandru Florin;Iosif-Laz_r;CoI;TRUE;
19e3b064-21f8-47c1-8b9d-f531323964d4;Raghava Rao;Mukkamala;CoI;TRUE;
19e3b064-21f8-47c1-8b9d-f531323964d4;Aleksandar;Dimovski;CoI;TRUE;
a2a761b8-5d11-443d-91a7-c1fcce59bbbf;Brit Ross;Winthereik;PI;TRUE;
a2a761b8-5d11-443d-91a7-c1fcce59bbbf;Laura;Watts;CoI;TRUE;
1360e564-b050-41ec-b091-f87c6fdfa3ce;Georgios;Yannakakis;PI;TRUE;
1360e564-b050-41ec-b091-f87c6fdfa3ce;Julian;Togelius;PI;TRUE;
1360e564-b050-41ec-b091-f87c6fdfa3ce;Alessandro;Canossa;PI;TRUE;
b20bd2bf-be76-4373-b1c3-9266f4826ee7;Jakob;Bardram;PI;TRUE;
a23aa47f-1463-4103-9b6c-f4632823fa04;Tomas ;Sokoler;CoI;TRUE;
713351fe-d5ca-446f-924c-dc08cb9d0f73;Georgios;Yannakakis;CoI;TRUE;
862e99fb-8f4d-4692-8a13-86475361d120;John Paulin;Hansen;CoI;TRUE;
baaacdcd-40b8-4d34-9f9f-a885bcd6ebb0;Iago;Abal;CoI;TRUE;
baaacdcd-40b8-4d34-9f9f-a885bcd6ebb0;Raghava Rao;Mukkamala;CoI;TRUE;
baaacdcd-40b8-4d34-9f9f-a885bcd6ebb0;Ahmad Salim;Al-Sibahi;CoI;TRUE;
baaacdcd-40b8-4d34-9f9f-a885bcd6ebb0;Aleksandar;Dimovski;CoI;TRUE;
baaacdcd-40b8-4d34-9f9f-a885bcd6ebb0;Alexandru Florin;Iosif-Laz_r;CoI;TRUE;
799a3f33-d0dc-4ee6-a1d9-e697f5e9b7c7;Bjarki;Valtysson;CoI;TRUE;
0eb1f00e-9fbf-4ffa-9e8b-47b5c4c34b25;Athina;Markopoulou;PI;TRUE;
eadbf729-3f6a-47a9-9470-5938e65174f9;Thomas;Pederson;PI;TRUE;
3e165725-56f9-4ad8-b2de-0d98d6dc25e8;Pernille;Kræmmergaard;PI;TRUE;
3e165725-56f9-4ad8-b2de-0d98d6dc25e8;Richard;Ling;CoI;TRUE;
a69e8631-d120-4068-91d3-7e3fead61864;Gry;Bauer;CoI;TRUE;
4a5fe21c-a2d9-426a-bdb0-524a2754e75d;Rasmus;Pagh;PI;TRUE;
4a5fe21c-a2d9-426a-bdb0-524a2754e75d;Tobias Lybecker;Christiani;CoI;TRUE;
4a5fe21c-a2d9-426a-bdb0-524a2754e75d;Ninh Dang;Pham;CoI;TRUE;
4a5fe21c-a2d9-426a-bdb0-524a2754e75d;Alexander;Faithfull;CoI;TRUE;
4a5fe21c-a2d9-426a-bdb0-524a2754e75d;Francesco;Silvestri;CoI;TRUE;
4a5fe21c-a2d9-426a-bdb0-524a2754e75d;Jesper With;Mikkelsen;CoI;TRUE;
4a5fe21c-a2d9-426a-bdb0-524a2754e75d;Johan von Tangen;Sivertsen;CoI;TRUE;
4a5fe21c-a2d9-426a-bdb0-524a2754e75d;Matthew;Skala;CoI;TRUE;
4a5fe21c-a2d9-426a-bdb0-524a2754e75d;Matteo;Ceccarello;CoI;TRUE;
4a5fe21c-a2d9-426a-bdb0-524a2754e75d;Remy;Themsen;CoI;TRUE;
4a5fe21c-a2d9-426a-bdb0-524a2754e75d;Samuel;McCauley;CoI;TRUE;
4a5fe21c-a2d9-426a-bdb0-524a2754e75d;Thomas Dybdahl;Ahle;CoI;TRUE;
b10dc8f6-0aec-47e7-91a2-60d11b9deadf;Lars;Birkedal;CoI;TRUE;
b10dc8f6-0aec-47e7-91a2-60d11b9deadf;Alexander;Faithfull;CoI;TRUE;
a075adc0-abb3-430c-8035-95fc7a8b8250;Debra Ann;Howcroft;CoI;TRUE;
a075adc0-abb3-430c-8035-95fc7a8b8250;Helen Ruth;Verran;CoI;TRUE;
cb8996d1-e7e2-443d-8bc5-4225476b21eb;John Paulin;Hansen;PI;TRUE;
cb8996d1-e7e2-443d-8bc5-4225476b21eb;Dan;Lessin;CoI;TRUE;
cb8996d1-e7e2-443d-8bc5-4225476b21eb;Florian;Biermann;CoI;TRUE;
31342706-ad62-4319-9863-be5a302e65cd;Susana;Tosca;PI;TRUE;
190c1b56-5561-4a2a-88e1-d4aab076ddff;Lone;Malmborg;PI;TRUE;
190c1b56-5561-4a2a-88e1-d4aab076ddff;Tomas ;Sokoler;CoI;TRUE;
190c1b56-5561-4a2a-88e1-d4aab076ddff;Valeria;Borsotti;CoI;TRUE;
190c1b56-5561-4a2a-88e1-d4aab076ddff;Dag;Svanæs;CoI;TRUE;
d5f2984c-cbf0-4c30-8020-7fcccb4b1ba6;Noor;Shaker;PI;TRUE;
6ef75dd3-ea0c-4db9-af19-bdd91397d783;Håkon;Normann;CoI;TRUE;
6ef75dd3-ea0c-4db9-af19-bdd91397d783;Tijs;Slaats;CoI;TRUE;
8296a97c-b8a8-497a-b23e-6d60f337d391;Mai Lise;Ajspur;CoI;TRUE;
610fe295-e17f-415b-b874-267047f0d4ca;Farzad;Nejatimoharrami;CoI;TRUE;
610fe295-e17f-415b-b874-267047f0d4ca;Mathias;Schmidt;CoI;TRUE;
4ad1bb80-b49b-4d03-9ace-4f65fb49eb73;Mika;Yasuoka ;PI;TRUE;
2faf88a2-2490-4de1-9382-08e6e00cc944;Tomas ;Sokoler;PI;TRUE;
cda0274e-252f-4c43-acb3-04504dbb74b4;Line;Mulvad;CoI;TRUE;
e501979d-fd25-4c86-ba59-1a0a368581f5;Fabrizio;Montesi;PI;TRUE;
552a3c22-d614-490c-9e58-0ed1fcc2e35f;John Paulin;Hansen;PI;TRUE;
07548a95-a062-420a-9a8c-0073892e3826;Sonia;Marin;CoI;TRUE;
a2f4b3e2-31c0-4a77-a4cc-05980e763c2d;Joshua;Ddamba;CoI;TRUE;
38b49115-9ce3-4dea-83a0-69f9d56e6952;Laura;Beloff;PI;TRUE;
38b49115-9ce3-4dea-83a0-69f9d56e6952;Jonas;Jørgensen;CoI;TRUE;
38b49115-9ce3-4dea-83a0-69f9d56e6952;Pei-Ying;Lin;CoI;TRUE;
6a47283a-c073-4d31-be9b-92c1d3b59e6f;Frank;Veenstra;CoI;TRUE;
6a47283a-c073-4d31-be9b-92c1d3b59e6f;Stig Anton;Nielsen;CoI;TRUE;
6a47283a-c073-4d31-be9b-92c1d3b59e6f;Thomas;Blichfeldt;CoI;TRUE;
6a47283a-c073-4d31-be9b-92c1d3b59e6f;Mathias;Schmidt;CoI;TRUE;
bcc8e40e-1dc8-4a83-bcf7-598a7ce3e760;Tomas ;Sokoler;PI;TRUE;
56c7e428-0ac6-4690-a382-d7a9bd9dda2c;John Paulin;Hansen;PI;TRUE;
7549cee6-e577-4a0a-909e-3a2851f665ea;Hugo;Mulder;PI;TRUE;
4e64a749-acda-40f6-ab44-038c0f3d356b;Lisbeth;Klastrup;PI;TRUE;
4e64a749-acda-40f6-ab44-038c0f3d356b;Sander Andreas;Schwartz;PI;TRUE;
f3efa811-72b6-47db-9787-5ce9d84eeec0;Pernille;Bjørn;PI;TRUE;
8a714bfe-19f8-4fc8-a902-34d5c5bcd600;Pernille;Bjørn;PI;TRUE;
8a714bfe-19f8-4fc8-a902-34d5c5bcd600;Nina;Boulus-Rødje;CoI;TRUE;
8a714bfe-19f8-4fc8-a902-34d5c5bcd600;Ahmad;Ghazawneh;CoI;TRUE;
87fbf8aa-fc1d-48f8-af04-307a66b66090;Lone;Malmborg;PI;TRUE;
87fbf8aa-fc1d-48f8-af04-307a66b66090;Jakob;Bardram;CoI;TRUE;
87fbf8aa-fc1d-48f8-af04-307a66b66090;Jay;Bolter;CoI;TRUE;
87fbf8aa-fc1d-48f8-af04-307a66b66090;Carl;Di Salvo;CoI;TRUE;
87fbf8aa-fc1d-48f8-af04-307a66b66090;Nassim;Parvin;CoI;TRUE;
791d371e-e311-4150-9f1e-f1bb4196e396;Mika;Yasuoka ;PI;TRUE;
10bcb6a5-6e2f-441b-9180-65cce065a126;Kjell Yngve;Petersen;PI;TRUE;
10bcb6a5-6e2f-441b-9180-65cce065a126;Philippe;Bonnet;CoI;TRUE;
10bcb6a5-6e2f-441b-9180-65cce065a126;Katrine;Lund;CoI;TRUE;
10bcb6a5-6e2f-441b-9180-65cce065a126;Ole;Kristensen;CoI;TRUE;
42b30a10-30b5-4a6f-ba07-de3564094906;Kira Storgaard;Hansen;CoI;TRUE;
ce27de8f-330e-4b80-a451-2f84a5ac19fe;Laura;Watts;PI;TRUE;
5edbb183-98fc-41da-9dfc-0df29b385a2a;John Paulin;Hansen;PI;TRUE;
cfb4c9d2-ebb9-4b51-9e4d-4e6efadaca31;Mika;Yasuoka ;PI;TRUE;
afff83df-27b7-4e93-86a3-38574ae3b9c4;Alberto;Delgado-Ortegon;CoI;TRUE;
cf05e3ab-dd1b-4b2e-8649-490e0824d02e;Lea;Schick;PI;TRUE;
95eeb48a-612d-4443-99d4-1e045fcc3997;Susana;Tosca;PI;TRUE;
911cd5ea-75b5-44f1-b343-03a162035958;Richard;Ling;PI;TRUE;
d0bf3f81-21e4-41dc-84f6-d3d0ee07fc44;Rikke;Lindekilde;PI;TRUE;
d0bf3f81-21e4-41dc-84f6-d3d0ee07fc44;Pernille;Bjørn;PI;TRUE;
f14d5eba-b806-451e-abc2-73ad6e7f0496;Mogens ;Jacobsen;CoI;TRUE;
0e18ed4e-6696-4060-b108-3f00b8431b89;Bassel;Mannaa;CoI;TRUE;
2f5e8d53-a5c4-41a9-95b3-8478cb7376ea;Andrea;Vezzosi;CoI;TRUE;
2f5e8d53-a5c4-41a9-95b3-8478cb7376ea;Christian Uldal;Graulund;CoI;TRUE;
2f5e8d53-a5c4-41a9-95b3-8478cb7376ea;Magnus Baunsgaard;Kristensen;CoI;TRUE;
2f5e8d53-a5c4-41a9-95b3-8478cb7376ea;Niccolò;Veltri;CoI;TRUE;
4cac7654-2655-4c1b-b201-1ef33d01b353;Adam;Alami;CoI;TRUE;
4cac7654-2655-4c1b-b201-1ef33d01b353;Zhoulai;Fu;CoI;TRUE;
c896c77f-7d92-4e3a-b755-1e2c7ada3e9e;Tijs;Slaats;PI;TRUE;
33b3fc7e-5aad-48c0-877c-ada1be556f22;Rasmus;Pagh;PI;TRUE;
33b3fc7e-5aad-48c0-877c-ada1be556f22;Nina Mesing Stausholm;Nielsen;CoI;TRUE;
33b3fc7e-5aad-48c0-877c-ada1be556f22;Ioana Oriana;Bercea;CoI;TRUE;
33b3fc7e-5aad-48c0-877c-ada1be556f22;Matti;Karppa;CoI;TRUE;
33b3fc7e-5aad-48c0-877c-ada1be556f22;Johan von Tangen;Sivertsen;CoI;TRUE;
33b3fc7e-5aad-48c0-877c-ada1be556f22;Samuel;McCauley;CoI;TRUE;
17e1e227-7f62-424a-abd5-4d6b119572fc;Laura;Beloff;PI;TRUE;
17e1e227-7f62-424a-abd5-4d6b119572fc;David;Kadish;CoI;TRUE;
17e1e227-7f62-424a-abd5-4d6b119572fc;Jonas;Jørgensen;CoI;TRUE;
4693ba77-d11e-4f95-9493-84f516080715;Mai Lise;Ajspur;CoI;TRUE;
4693ba77-d11e-4f95-9493-84f516080715;Dario;Pacino;CoI;TRUE;
c006a8cf-ebb2-4bd4-94ae-01b5ea5f2ee2;Brit Ross;Winthereik;PI;TRUE;
c006a8cf-ebb2-4bd4-94ae-01b5ea5f2ee2;Mark;Elam;CoI;TRUE;
c006a8cf-ebb2-4bd4-94ae-01b5ea5f2ee2;Christina;Neumayer;CoI;TRUE;
c006a8cf-ebb2-4bd4-94ae-01b5ea5f2ee2;Bastian;Jørgensen;CoI;TRUE;
c006a8cf-ebb2-4bd4-94ae-01b5ea5f2ee2;Jannick;Schou;CoI;TRUE;
c006a8cf-ebb2-4bd4-94ae-01b5ea5f2ee2;John Mark;Burnett;CoI;TRUE;
c006a8cf-ebb2-4bd4-94ae-01b5ea5f2ee2;Lise Røjskjær;Pedersen;CoI;TRUE;
c006a8cf-ebb2-4bd4-94ae-01b5ea5f2ee2;Caroline Anna;Salling;CoI;TRUE;
c006a8cf-ebb2-4bd4-94ae-01b5ea5f2ee2;Mace ;Ojala;CoI;TRUE;
c006a8cf-ebb2-4bd4-94ae-01b5ea5f2ee2;Lea;Enslev;CoI;TRUE;
9ffb53da-c11a-4809-ad69-04b52be1db0c;Nanna;Holdgaard;PI;TRUE;
de42ab38-51c3-4753-b13a-098710026e30;Håkon;Normann;CoI;TRUE;
043b0bda-8bcb-4db6-b96c-6ece2acc982c;Stefan;Stanciulescu;PI;TRUE;
5ba32079-e2f4-4c34-b89c-9623b9fec3f8;Tobias Lybecker;Christiani;PI;TRUE;
5ba32079-e2f4-4c34-b89c-9623b9fec3f8;Rasmus;Pagh;PI;TRUE;
a4c39820-1c5d-4665-ac2e-6b70a08ed2cd;Oliver;Müller;PI;TRUE;
a4c39820-1c5d-4665-ac2e-6b70a08ed2cd;Leonard;Maxim;CoI;TRUE;
a4c39820-1c5d-4665-ac2e-6b70a08ed2cd;Niels Andreas;Østman;CoI;TRUE;
516eb84c-8047-484a-8d11-dcb7976fc2bf;Giacomo;Poderi;PI;TRUE;
ac502747-74b8-40f5-8215-aadf4de9af29;Christina;Neumayer;PI;TRUE;
ac502747-74b8-40f5-8215-aadf4de9af29;Johan;Farkas;CoI;TRUE;
f38668d7-1ed2-4dbf-b41a-0583a99f52a5;Alexander;Richter;PI;TRUE;
f38668d7-1ed2-4dbf-b41a-0583a99f52a5;Eman Hassen Mohamed;Haioty;CoI;TRUE;
f38668d7-1ed2-4dbf-b41a-0583a99f52a5;Oliver;Müller;CoI;TRUE;
f38668d7-1ed2-4dbf-b41a-0583a99f52a5;Raluca Alexandra;Stana;PI;TRUE;
f38668d7-1ed2-4dbf-b41a-0583a99f52a5;Silja ;Vase;CoI;TRUE;
46950efa-4ab3-4646-9458-a5a6c128d967;Roman ;Beck;CoI;TRUE;
46950efa-4ab3-4646-9458-a5a6c128d967;Frederik;Madsen;CoI;TRUE;
249c41f8-3d16-4033-bfc1-695487446106;Roman ;Beck;CoI;TRUE;
25d54da9-ee43-47f4-8224-7a06547a3ee6;Kira Storgaard;Hansen;CoI;TRUE;
16e7a68a-1a39-4e97-82bd-cdad60df959b;Espen;Aarseth;PI;TRUE;
16e7a68a-1a39-4e97-82bd-cdad60df959b;Michael S.;Debus;CoI;TRUE;
16e7a68a-1a39-4e97-82bd-cdad60df959b;Joleen;Blom;CoI;TRUE;
16e7a68a-1a39-4e97-82bd-cdad60df959b;Miruna;Vozaru;CoI;TRUE;
16e7a68a-1a39-4e97-82bd-cdad60df959b;Nina Patricia;Houe;CoI;TRUE;
16e7a68a-1a39-4e97-82bd-cdad60df959b;Joleen;Blom;CoI;TRUE;
16e7a68a-1a39-4e97-82bd-cdad60df959b;Frederik;Bakkerud;CoI;TRUE;
44d7b341-2fb8-462f-aeea-8dc7f9b1cb93;Karin ;Ryding;CoI;TRUE;
44d7b341-2fb8-462f-aeea-8dc7f9b1cb93;Anne Rørbæk;Olesen;CoI;TRUE;
44d7b341-2fb8-462f-aeea-8dc7f9b1cb93;Tim;Wray;CoI;TRUE;
44d7b341-2fb8-462f-aeea-8dc7f9b1cb93;Mace ;Ojala;CoI;TRUE;
44d7b341-2fb8-462f-aeea-8dc7f9b1cb93;Christian Hviid;Mortensen;CoI;TRUE;
44d7b341-2fb8-462f-aeea-8dc7f9b1cb93;Astrid;Waagstein;CoI;TRUE;
44d7b341-2fb8-462f-aeea-8dc7f9b1cb93;Cæcilie Marie Moustgaard;Jensen;CoI;TRUE;
44d7b341-2fb8-462f-aeea-8dc7f9b1cb93;Nanna;Holdgaard;CoI;TRUE;
44d7b341-2fb8-462f-aeea-8dc7f9b1cb93;Petros;Ioannidis;CoI;TRUE;
44d7b341-2fb8-462f-aeea-8dc7f9b1cb93;Sarah;Brin;CoI;TRUE;
97a65822-fad8-4fac-8d3d-ac14aad42b2c;Florian;Biermann;PI;TRUE;
a34eefb4-dc7c-45b0-a60a-369c9f8c4fbc;Alexander Asp;Bock;CoI;TRUE;
a34eefb4-dc7c-45b0-a60a-369c9f8c4fbc;Florian;Biermann;CoI;TRUE;
4aee6ebc-1ae0-48c0-a84f-1580e8d7760b;Tomas ;Sokoler;PI;TRUE;
4aee6ebc-1ae0-48c0-a84f-1580e8d7760b;Dag;Svanæs;CoI;TRUE;
ef0ae6c0-62d2-4fe9-9cf2-81354c4569c7;Mai Lise;Ajspur;CoI;TRUE;
90ea8ed3-a495-4998-b22b-0dc362de76f7;Cathrine;Seidelin;PI;TRUE;
fb474e51-dc66-4c7a-a526-0afbaaf8c256;Thomas Dybdahl;Ahle;PI;TRUE;
47ecae24-c424-4de9-9a67-c937eb1fa065;Irina;Shklovski;PI;TRUE;
47ecae24-c424-4de9-9a67-c937eb1fa065;Ester;Fritsch;CoI;TRUE;
47ecae24-c424-4de9-9a67-c937eb1fa065;Obaida;Hanteer;CoI;TRUE;
47ecae24-c424-4de9-9a67-c937eb1fa065;Barbara Patricia;Nino Carreras;CoI;TRUE;
47ecae24-c424-4de9-9a67-c937eb1fa065;Inda;Memic;CoI;TRUE;
9327801a-eaef-45a8-9591-f619b036564c;Mette Grønbæk;Rasmussen;CoI;TRUE;
88d75831-25f7-4350-844d-9205d4c998d5;Viktoria;Hofbauer;CoI;TRUE;
d5f6a0d5-9773-4252-92ce-7be21f3ecbe6;Nina;Rask;PI;TRUE;
d5f6a0d5-9773-4252-92ce-7be21f3ecbe6;Kjell Yngve;Petersen;PI;TRUE;
87b9d762-9ea2-4c1d-a75f-33ab63f0dfc2;Peter;Ibsen;PI;TRUE;
5aa82c0a-ab92-4f77-a262-634c7bd48c75;Aske;Kammer;PI;TRUE;
5aa82c0a-ab92-4f77-a262-634c7bd48c75;Julie Mejse Münter;Lassen;CoI;TRUE;
9e05c6c5-48f3-4a87-a372-9b24375f93ee;Mika;Yasuoka ;PI;TRUE;
f9613974-23dd-4af9-b328-b9472531403e;Alexander;Faithfull;CoI;TRUE;
f9613974-23dd-4af9-b328-b9472531403e;Anette Chelina Møller;Petersen;CoI;TRUE;
f9613974-23dd-4af9-b328-b9472531403e;Frederik;Madsen;CoI;TRUE;
f9613974-23dd-4af9-b328-b9472531403e;Patricia Namakula;Mbabazi;CoI;TRUE;
fa556d4c-231b-4b32-92d5-d6b0613a3f99;Tiemo;Thiess;PI;TRUE;
fa556d4c-231b-4b32-92d5-d6b0613a3f99;Oliver;Müller;PI;TRUE;
a44757f3-cf74-43bd-8e77-f6913878c53f;Lone;Malmborg;PI;TRUE;
a44757f3-cf74-43bd-8e77-f6913878c53f;Henriette ;Moos;CoI;TRUE;
a44757f3-cf74-43bd-8e77-f6913878c53f;Thomas;Bärtschi;CoI;TRUE;
a44757f3-cf74-43bd-8e77-f6913878c53f;Jeppe Kilberg;Møller;CoI;TRUE;
500de154-cc28-4867-aabf-3b42e72224c6;Philippe;Bonnet;PI;TRUE;
500de154-cc28-4867-aabf-3b42e72224c6;Ivan Luiz;Picoli;CoI;TRUE;
500de154-cc28-4867-aabf-3b42e72224c6;Carla Ysabela;Villegas Pasco;CoI;TRUE;
7a071c7f-2842-4a59-ab94-d10e17353d79;Jørgen ;Staunstrup;PI;TRUE;
02612818-86cd-4c8c-8cd3-3c5aa52f1cbb;Jason;Thatcher;CoI;TRUE;
02612818-86cd-4c8c-8cd3-3c5aa52f1cbb;Dov;Te'eni;CoI;TRUE;
02612818-86cd-4c8c-8cd3-3c5aa52f1cbb;Geoffrey Charles;Bowker;CoI;TRUE;
02612818-86cd-4c8c-8cd3-3c5aa52f1cbb;Paul;Dourish;CoI;TRUE;
02612818-86cd-4c8c-8cd3-3c5aa52f1cbb;Peter Yvain Anthony;Ryan;CoI;TRUE;
02612818-86cd-4c8c-8cd3-3c5aa52f1cbb;Philip;Stark;CoI;TRUE;
fd1bc026-6e92-4652-bb7e-7f9f8c47b4c7;Tijs;Slaats;CoI;TRUE;
a3eb6614-3856-4cc4-b5fe-526454b3688f;Philippe;Bonnet;PI;TRUE;
3fdee8d2-5455-4d30-87d7-3e036f3484c3;Lone;Malmborg;PI;TRUE;
3fdee8d2-5455-4d30-87d7-3e036f3484c3;Mika;Yasuoka;CoI;TRUE;
01148674-25ae-4983-a341-7fde898fd3fc;Kjell Yngve;Petersen;PI;TRUE;
01148674-25ae-4983-a341-7fde898fd3fc;Anne ;Bay;PI;TRUE;
01148674-25ae-4983-a341-7fde898fd3fc;Karina;Mose;PI;TRUE;
01148674-25ae-4983-a341-7fde898fd3fc;Karin;Søndergaard;PI;TRUE;
d6357409-b52f-4d20-99d4-4a607a325c0a;Tomas ;Sokoler;CoI;TRUE;
bc25c1fb-6f03-44c3-9f92-5cd7e68c76b0;Ahmad;Kamal;CoI;TRUE;
c73fb74d-2225-44a2-aba1-d1d40064f50e;Richard;Ling;CoI;TRUE;
922f45db-36f2-4c36-bbd9-35d6bdc83cae;Espen;Aarseth;PI;TRUE;
922f45db-36f2-4c36-bbd9-35d6bdc83cae;Estrid;Sørensen;CoI;TRUE;
53f82162-c5aa-4e56-9233-52f312f213ae;Mika;Yasuoka ;PI;TRUE;
1f1d9723-4ec2-4ea0-9b30-ee6db9ff6524;Minna;Isomursu;PI;TRUE;
0c7a1bc5-ceb9-4812-b8bc-cec4bc2f19f8;Astrid;Waagstein;CoI;TRUE;
1890e514-8255-4fb2-83fc-8a3299766d53;Irina;Shklovski;PI;TRUE;
c7ff4234-d9d4-4a7d-92c0-23b4c971bfe9;Mika;Yasuoka;CoI;TRUE;
c7ff4234-d9d4-4a7d-92c0-23b4c971bfe9;Lone;Malmborg;CoI;TRUE;
c7ff4234-d9d4-4a7d-92c0-23b4c971bfe9;Minna;Isomursu;PI;TRUE;
7bc8f483-88e2-43a9-b774-fd908e7b2fee;Holger Stadel;Borum;CoI;TRUE;
6e76e8f9-3d76-46a0-9ca7-ad943a39e26e;Niels Orsleff;Justesen;PI;TRUE;
1155118b-f91f-4fba-8ec2-328dc348ca54;Oliver;Müller;PI;TRUE;
5ac6ed44-39b5-4270-b8e0-3af237b55306;Oliver;Müller;PI;TRUE;
5ac6ed44-39b5-4270-b8e0-3af237b55306;Leonard;Maxim;CoI;TRUE;
5ac6ed44-39b5-4270-b8e0-3af237b55306;Niels Andreas;Østman;CoI;TRUE;
246d7466-e8ad-450b-83f1-e67c59b4337c;Jes;Frellsen;PI;TRUE;
b2ed5496-17f2-4bf2-85c3-604a40420a07;Irina;Shklovski;PI;TRUE;
7706dfa9-ea0b-4bf7-abab-1937a0a3ae8b;Lisbeth;Klastrup;PI;TRUE;
7706dfa9-ea0b-4bf7-abab-1937a0a3ae8b;Amanda;Jørgensen;CoI;TRUE;
7706dfa9-ea0b-4bf7-abab-1937a0a3ae8b;Sarah Kofoed;Brejnrod;CoI;TRUE;
ab2eb9f0-3461-42b4-a303-795fd6ea4637;Kjell Yngve;Petersen;PI;TRUE;
ab2eb9f0-3461-42b4-a303-795fd6ea4637;Nina;Rask;CoI;TRUE;
41d72b61-664c-408f-ac1c-a71483abac44;Daniel;Cermak;PI;TRUE;
41d72b61-664c-408f-ac1c-a71483abac44;Nina;Croitoru;CoI;TRUE;
41d72b61-664c-408f-ac1c-a71483abac44;Silvia;Fornos;CoI;TRUE;
7ddbc90b-47e9-4bf4-b7ba-c375d1f39b2f;Jonathan;Fürst;PI;TRUE;
2d43e7fe-379a-4380-9d63-1dd465a3663b;Lea;Schick;PI;TRUE;
9e780291-2501-4c88-8060-7043ffcb99ad;Philippe;Bonnet;PI;TRUE;
9e780291-2501-4c88-8060-7043ffcb99ad;Laura;Watts;CoI;TRUE;
865b751d-b4ff-4938-b032-5d278a702de8;Mogens ;Jacobsen;CoI;TRUE;
ae2c1cdc-29a9-4ee8-8702-913c0b875dd5;Nanna Gorm;Jensen;PI;TRUE;
6f7979df-0206-4ab9-904b-2a7cd6630cdb;Mathias Kristian Kyndlo;Löwe;CoI;TRUE;
9a862524-98d2-4d6a-85bc-ce6612c9c718;Mikkel Agerlin;Christensen;CoI;TRUE;
cbb00271-91fa-4a70-be38-2770459c4ebe;Tomas ;Sokoler;PI;TRUE;
389f89c7-3f1f-4f75-bac1-44c9e7703c42;Ingmar;Lippert;CoI;TRUE;
0fa9a31a-1db3-4a53-aabc-60e09ba950e8;Jeppe Theiss;Kristensen;PI;TRUE;
0f7dc29a-8255-42c9-a9ab-4c72d4ac52da;Cathrine;Seidelin;PI;TRUE;
feac0ff3-6475-4125-b2b9-98479b3cfc3a;Simon;Poulsen;CoI;TRUE;
c611d05f-3aef-4f13-b2be-f96fbe778d87;Carina Antonia;Hallin;PI;TRUE;
c611d05f-3aef-4f13-b2be-f96fbe778d87;Søren;Poder;CoI;TRUE;
7591c28f-13f6-4c81-ac92-52ffabe3c960;Roman ;Beck;PI;TRUE;
7591c28f-13f6-4c81-ac92-52ffabe3c960;Nikolaj;Oppermann;Admin;TRUE;
98593908-ac5e-4dab-806b-d2910e712f7f;Roman ;Beck;PI;TRUE;
98593908-ac5e-4dab-806b-d2910e712f7f;Nikolaj;Oppermann;Admin;TRUE;
374a4482-efbf-4012-ac03-3f35f77be66e;Nikolaj;Oppermann;Admin;TRUE;
413ee3d4-cb73-462c-9d0b-49eda39d9919;Nikolaj;Oppermann;Admin;TRUE;
b0651758-d511-4677-8e44-c3df2ed4d22f;Esra;Yeniaras;PI;TRUE;
b0651758-d511-4677-8e44-c3df2ed4d22f;Nikolaj;Oppermann;Admin;TRUE;
b0651758-d511-4677-8e44-c3df2ed4d22f;Peter;Ibsen;Admin;TRUE;
b0651758-d511-4677-8e44-c3df2ed4d22f;Arup;Mondal;CoI;TRUE;
a3865971-0fd4-4ea3-b2ba-199a34b27f69;Roman ;Beck;PI;TRUE;
a3865971-0fd4-4ea3-b2ba-199a34b27f69;Nikolaj;Oppermann;Admin;TRUE;
93a0403f-4eba-41c9-b336-0a58745dd919;Peter;Ibsen;Admin;TRUE;
93a0403f-4eba-41c9-b336-0a58745dd919;Nikolaj;Oppermann;Admin;TRUE;
93a0403f-4eba-41c9-b336-0a58745dd919;Jacob Møller;Jensen;CoI;TRUE;
93a0403f-4eba-41c9-b336-0a58745dd919;Freja Bruun;Vanggaard;CoI;TRUE;
67084849-7dff-407b-9a9b-c1b6c57ac58b;Pernille;Rydén;CoI;TRUE;
67084849-7dff-407b-9a9b-c1b6c57ac58b;Jonas Kasper;Jensen;Collaborator;TRUE;
67084849-7dff-407b-9a9b-c1b6c57ac58b;Maria;Kronberg Nedergaard;Admin;TRUE;
67084849-7dff-407b-9a9b-c1b6c57ac58b;Torsten;Ringberg;PI;TRUE;
61a964d6-a6c1-4364-a2b9-0c1504474ad6;Nikolaj;Oppermann;Admin;TRUE;
9ad37013-9e66-4805-a8f4-0c98f7820ff8;Maria;Kronberg Nedergaard;Admin;TRUE;
63337a07-1825-4c55-85e3-cf49cbacab88;Maria;Kronberg Nedergaard;Admin;TRUE;
0d2deaff-cf2d-441f-95eb-9b13d6d3d0c5;Frederik ;Nygaard;Admin;TRUE;
c9aefc8b-9ef0-43ac-9c98-cffaa5182819;Michael ;Kastoryano;PI;TRUE;
9aadc91b-d99a-402c-8c3c-dd2ac88f938f;Fabricio Batista;Narcizo;PI;TRUE;
b6ca6347-45a3-4d1d-85ef-4d8a04292324;Emil;Ørup Kristensen;CoI;TRUE;
e68f7013-bd81-41e1-a8dd-ad044ddf597a;Daniel;Cermak;CoI;TRUE;
e68f7013-bd81-41e1-a8dd-ad044ddf597a;Lars;Clausen;CoI;TRUE;
e68f7013-bd81-41e1-a8dd-ad044ddf597a;Nikolaj;Oppermann;Admin;TRUE;
e68f7013-bd81-41e1-a8dd-ad044ddf597a;Peter;Ibsen;Admin;TRUE;
8146f4ce-2057-47de-80a7-f7707e6506e0;Philippe ;Bonnet;PI;TRUE;
d5da34ed-babb-463b-9c3d-f72e8e891b51;Louise Vogel;Georgi;Admin;TRUE;
5e18225a-fb16-48e3-8372-7967aad1e215;David Josias;Wegmann;CoI;TRUE;
494080c8-f483-4c96-8189-52e5b8c45899;Michael ;Kastoryano;PI;TRUE;
494080c8-f483-4c96-8189-52e5b8c45899;Andreas Nicolai;Bock Michelsen;CoI;TRUE;
6dc42961-419e-45d0-a2b4-d7e45e4a9980;Kristian;Møller;PI;TRUE;
99b71b2a-9ccf-49fd-ba44-a9f39729f1de;Aske;Kammer;PI;TRUE;
2451b04c-4ced-413d-a1e1-be4d639abfc4;Anton Mølbjerg;Eskildsen;CoI;TRUE;
ffff9275-aa77-4802-9790-17fad8db14b6;Tiago;Ribeiro;CoI;TRUE;
ffff9275-aa77-4802-9790-17fad8db14b6;Iga;Waclaska;CoI;TRUE;
c7db7468-4a9f-43a7-9035-db012b7e516b;Michael ;Kastoryano;PI;TRUE;
bb9c9664-c12b-4525-8ed3-213997426594;Michael ;Kastoryano;PI;TRUE;
bb9c9664-c12b-4525-8ed3-213997426594;Jonas;Vinther;CoI;TRUE;
bb9c9664-c12b-4525-8ed3-213997426594;Lucas;Silva Arenstein;CoI;TRUE;
bb9c9664-c12b-4525-8ed3-213997426594;Sebastian;Loeschcke;CoI;TRUE;
b8e7e99f-03aa-4db2-86bc-472ae6f42745;Stina Hasse;Jørgensen;CoI;TRUE;
b8e7e99f-03aa-4db2-86bc-472ae6f42745;Ada;Hyldahl Fogh;CoI;TRUE;
b8e7e99f-03aa-4db2-86bc-472ae6f42745;Søren;Lyngsø Knudsen;CoI;TRUE;
f425df35-7a88-41a1-9d8d-ced2bd55e700;Kristian S. M.;Andersen;CoI;TRUE;
f425df35-7a88-41a1-9d8d-ced2bd55e700;Lasse Uhrskov;Kristensen;CoI;TRUE;
f425df35-7a88-41a1-9d8d-ced2bd55e700;Alexei ;Tsinovoi;CoI;TRUE;
0e937186-7936-4856-849b-95334a99a6af;Alfredo;Cruz;CoI;TRUE;
939931f6-183c-46e0-a8da-1464aa7bc66c;David Josias;Wegmann;CoI;TRUE;
db4436b5-631c-4a43-acd4-404a58e2866f;Kathryn Elizabeth;Walker;CoI;TRUE;
bf1ab9c0-12cb-402a-ac01-3179dddf2e61;Nikolaj;Oppermann;Admin;TRUE;
bf1ab9c0-12cb-402a-ac01-3179dddf2e61;Peter;Ibsen;Admin;TRUE;
4c2b07e4-55c6-44be-947a-9f764eeaf31e;Kim Peiter;Jørgensen;CoI;TRUE;
4c2b07e4-55c6-44be-947a-9f764eeaf31e;Peter;Ibsen;Admin;TRUE;
4c2b07e4-55c6-44be-947a-9f764eeaf31e;Nikolaj;Oppermann;Admin;TRUE;
db615d54-7abd-43ec-9e7d-a54cc816dd47;Nikolaj;Oppermann;Admin;TRUE;
db615d54-7abd-43ec-9e7d-a54cc816dd47;Peter;Ibsen;Admin;TRUE;
2b7b3917-2b7f-4064-aa9c-6536d1384b1f;Per Rådberg;Nagbøl;CoI;TRUE;
2d0e4509-f039-49bc-b670-0d5d3e31284b;Lone;Malmborg;CoI;TRUE;
34bde59f-bc47-44fb-81e8-1d675ca36df6;Connie;Petersson;CoI;TRUE;
006aab10-ce8e-4a74-aadc-202659c2e2b1;Anders;Konring;CoI;TRUE;
1afe974b-d602-4c5c-ab84-24ba24b7ce81;Iraklis;Moutidis;CoI;TRUE;
90de203d-fe8a-4ee8-9e89-57562ef752e1;Brit Ross;Winthereik;PI;TRUE;
b47abab8-758b-4317-be3b-a2b8fb15d820;Han;Tao;CoI;TRUE;
5658611e-8732-47e8-b193-538392ec9395;Philippe ;Bonnet;CoI;TRUE;
5658611e-8732-47e8-b193-538392ec9395;Niclas ;Hedam;CoI;TRUE;
b6756336-3fb7-43db-bf24-2f44fd14c5c3;Maxwell;Scharder;CoI;TRUE;
b6756336-3fb7-43db-bf24-2f44fd14c5c3;Navish;Kumar;CoI;TRUE;
5c14f2cf-9f83-4b48-b608-8f504edc970c;Matthias;Freiberger;CoI;TRUE;
5c14f2cf-9f83-4b48-b608-8f504edc970c;Johanne;Engel Aaen;CoI;TRUE;
6f20f57b-6622-494e-81fc-bfb1340d32e5;Felix Theodor;Engelmann;CoI;TRUE;
6f20f57b-6622-494e-81fc-bfb1340d32e5;Esra;Yeniaras;CoI;TRUE;
815ff3aa-8225-4ed2-81c7-368c5a326843;Rose Marie;Henrichsen;CoI;TRUE;
815ff3aa-8225-4ed2-81c7-368c5a326843;Adam;Veng;CoI;TRUE;
119e304c-6427-40e5-95fd-e802aabd518e;Benjamin;Schwetz;CoI;TRUE;
119e304c-6427-40e5-95fd-e802aabd518e;Risto Pietari;Keskinen;CoI;TRUE;
ed184363-abd6-4a50-9c71-14fd6407f90b;Zsolt;István;PI;TRUE;
ed184363-abd6-4a50-9c71-14fd6407f90b;Paul;Rosero;CoI;TRUE;
3f31352b-c92a-4136-b962-82943e206a9c;Maryam;Sheikhi Garjan;CoI;TRUE;
3f31352b-c92a-4136-b962-82943e206a9c;Mohammed;Ramadan Mohammed Abdalla;CoI;TRUE;
3ee07b88-7850-44db-b901-92943ed05508;Roman ;Beck;PI;TRUE;
3ee07b88-7850-44db-b901-92943ed05508;Jan;Schwiderowski;CoI;TRUE;
97f76b43-8d08-42d6-bb32-9752c1c38ef2;Mateusz;Jurewicz;CoI;TRUE;
fc5210e4-bc2a-4936-a675-5251ab869a59;Kristian;Møller;PI;TRUE;
ce8e2ce8-0470-4a8b-9c20-f54ca0265cf6;Connie;Petersson;CoI;TRUE;
51455974-553e-4f70-b330-1901d9efc34c;Brit Ross;Winthereik;PI;TRUE;
51455974-553e-4f70-b330-1901d9efc34c;Søren;Skaarup;CoI;TRUE;
51455974-553e-4f70-b330-1901d9efc34c;Barbara Patricia;Nino Carreras;CoI;TRUE;
51455974-553e-4f70-b330-1901d9efc34c;Thorben;Simonsen;CoI;TRUE;
4d82f1f3-3bfd-4b4f-b906-501050b7b42c;Joanna;Saad-Sulonen;CoI;TRUE;
b89d0b30-96a0-4ea3-89d3-22cb75fd5622;Adam;Katona;CoI;TRUE;
e7d8b595-d142-4a34-bfb1-0a9f04cb1cdf;Lone;Malmborg;PI;TRUE;
e7d8b595-d142-4a34-bfb1-0a9f04cb1cdf;Henriette ;Moos;CoPI;TRUE;
e7d8b595-d142-4a34-bfb1-0a9f04cb1cdf;Magda;Pischetola;CoI;TRUE;
47e06774-9088-4465-8ab8-f8c27cd731d6;Kathryn Elizabeth;Walker;CoI;TRUE;
b7bb0d86-8c3c-4d0e-841c-dd0e7607ec13;Roman ;Beck;PI;TRUE;
b7bb0d86-8c3c-4d0e-841c-dd0e7607ec13;Kim Peiter;Jørgensen;CoPI;TRUE;
b7bb0d86-8c3c-4d0e-841c-dd0e7607ec13;Jan;Schwiderowski;CoI;TRUE;
2394be68-c192-4634-ba99-18798309529b;Peter;Schneider;CoI;TRUE;
63e873d9-65fb-41fd-abeb-41a24b54ab6b;Philippe;Bonnet;PI;TRUE;
8ea1d816-cfb3-4b02-a1cd-5c34a3d0fd61;Fie Foged;Victor;CoI;TRUE;
8ea1d816-cfb3-4b02-a1cd-5c34a3d0fd61;Raluca Alexandra;Stana;CoI;TRUE;
8ea1d816-cfb3-4b02-a1cd-5c34a3d0fd61;Stine;Sivertsen;CoI;TRUE;
747ffa41-bbdd-492b-9e0d-20f9b49278d3;Mette Løye;Balle;CoI;TRUE;
2e7aeab2-a66b-469a-8bf6-5a746933e3b6;Ravi Kishore;Vasala;CoI;TRUE;
8e3474bc-dd89-4c0c-a84c-4c8ad3e95467;Mace ;Ojala;Collaborator;TRUE;
92a3a94c-c825-4662-97bc-2b9d802618ea;Brit Ross;Winthereik;CoI;TRUE;
92a3a94c-c825-4662-97bc-2b9d802618ea;Caroline Anna;Salling;CoI;TRUE;
45a64c9c-7b9c-40e7-966b-f524e0a23668;Christian Uldal;Graulund;CoI;TRUE;
45a64c9c-7b9c-40e7-966b-f524e0a23668;Niccolò;Veltri;CoI;TRUE;
1f45d635-42f4-44e1-864c-7ff0ed31ac2b;Lis ;Witte;CoI;TRUE;
18faa057-608d-4cc5-8448-e902b1978a84;Samuel;Agbesi;CoI;TRUE;
18faa057-608d-4cc5-8448-e902b1978a84;Jurlind;Budurushi;CoI;TRUE;
18faa057-608d-4cc5-8448-e902b1978a84;Asmita;Dalela;Collaborator;TRUE;
520a1d77-0114-475f-8622-c46c122a0a82;Mette Løye;Balle;CoI;TRUE;
dded96d9-89f4-4348-ab14-034dcd34c54f;Sarah Kofoed;Brejnrod;CoI;TRUE;
4147c684-9a19-4cf5-9f9e-48f7d89b474a;Petros;Ioannidis;PI;TRUE;
08f04680-0526-42fd-a39e-b8188fbdfbc3;Maria;Paasivaara;PI;TRUE;
3cc55852-f8c5-4785-89fe-3effd68d8082;Jannick;Schou;CoI;TRUE;
3cc55852-f8c5-4785-89fe-3effd68d8082;Louise;Jørring;CoI;TRUE;
3cc55852-f8c5-4785-89fe-3effd68d8082;Sarah Kofoed;Brejnrod;CoI;TRUE;
3cc55852-f8c5-4785-89fe-3effd68d8082;Lene;Bech Bojsen;CoI;TRUE;
e8a54f5c-c816-40a9-a0f9-94e77192f5a9;Kim Peiter;Jørgensen;CoI;TRUE;
e8a54f5c-c816-40a9-a0f9-94e77192f5a9;Roman ;Beck;PI;TRUE;
3ae3c857-e3f4-449d-a16f-ca2ef5b1b7a2;Rasmus Tyge;Haarløv;CoI;TRUE;
39d18547-01f7-4fbc-9794-cb87a4530afb;Scarlett;Avalon;CoI;TRUE;
38cecda7-bb24-4d49-8f67-cada7a740062;Camilla;Dupont;CoI;TRUE;
38cecda7-bb24-4d49-8f67-cada7a740062;Søren;Skaarup;Collaborator;TRUE;
38cecda7-bb24-4d49-8f67-cada7a740062;Mille Edith;Kjærsgaard Hansen;Collaborator;TRUE;
38cecda7-bb24-4d49-8f67-cada7a740062;Adam;Alami;Collaborator;TRUE;
3ce36399-3d03-42f3-8284-8e87e5ce3a16;Roman ;Beck;PI;TRUE;
3ce36399-3d03-42f3-8284-8e87e5ce3a16;Lorenzo;Gentile;CoI;TRUE;
0f8bf697-8a17-4351-b22d-d0a15ed6c897;Mia;Falch Yates;CoI;TRUE;
0f5d7921-6113-492b-a852-12964960abc7;Zhoulai;Fu;PI;TRUE;
990ab63e-f16a-48d4-ae87-fc253d954f1e;Peter;Ibsen;Admin;TRUE;
990ab63e-f16a-48d4-ae87-fc253d954f1e;Nikolaj;Oppermann;Admin;TRUE;
22cbd24b-36a5-4187-8879-ab183e8b67c3;Kasper Friis;Rasmussen;CoI;TRUE;
58dbcc53-f489-48fe-879a-d9c70d9c5f55;Philippe ;Bonnet;PI;TRUE;
79684ad1-5969-499d-b0ff-ea7159687e71;Brit Ross;Winthereik;PI;TRUE;
79684ad1-5969-499d-b0ff-ea7159687e71;Barbara Patricia;Nino Carreras;CoI;TRUE;
5f390eca-e9d9-433e-aa5f-4bdd301809f8;Oliver;Schiermer;CoI;TRUE;
5f390eca-e9d9-433e-aa5f-4bdd301809f8;Philip;Korsholm;CoI;TRUE;
98da69a6-9b7a-49ea-b353-2b371a9f892b;Asmita;Dalela;CoI;TRUE;
f41e5c15-7b52-4fd2-a007-6b36c382c090;Dennis Thinh Tan;Nguyen;CoI;TRUE;
f41e5c15-7b52-4fd2-a007-6b36c382c090;Thor Valentin Aakjær Nielsen;Olesen;CoI;TRUE;
f41e5c15-7b52-4fd2-a007-6b36c382c090;Anders;Valsted;CoI;TRUE;
f41e5c15-7b52-4fd2-a007-6b36c382c090;Lauritz;Baess-Lehmann;CoI;TRUE;
385c5718-80ba-49f4-88b4-fc8d85a4a897;Cristina-Elena;Canureci;Admin;TRUE;
92dd15f8-1163-4e47-a198-2af8537b5575;Nikolaj;Oppermann;Admin;TRUE;
92dd15f8-1163-4e47-a198-2af8537b5575;Peter;Ibsen;Admin;TRUE;
46376f84-6f50-4a46-b43e-480f0dbfaf49;Brit Ross;Winthereik;PI;TRUE;
7e29b548-fb57-4138-84ea-57dec30a56fd;Kjell Yngve;Petersen;PI;TRUE;
7e29b548-fb57-4138-84ea-57dec30a56fd;Cameline;Bolbroe;PI;TRUE;
890d38c5-60d4-4c00-80f7-2ed30f36b8b6;Roman ;Beck;CoI;TRUE;
890d38c5-60d4-4c00-80f7-2ed30f36b8b6;Lorenzo;Gentile;CoI;TRUE;
890d38c5-60d4-4c00-80f7-2ed30f36b8b6;Frederik;Madsen;CoI;TRUE;
115736de-5b8c-4d29-ad2e-8898f9a19e77;Ingmar;Lippert;CoI;TRUE;
115736de-5b8c-4d29-ad2e-8898f9a19e77;Andy;Lautrup;CoI;TRUE;
08adc0f6-bd4d-4ed3-9908-6dc6b47e18e4;Aaron;Duane;PI;TRUE;
cea6bbe1-ef98-434d-ab7f-122ac69eacc1;Ophélie;Lacroix;CoI;TRUE;
516759c6-100c-49bd-9893-30e1e0bb8687;Daniel;Varab;PI;TRUE;
1cbc6b08-1a6a-438e-aefd-3811a68c4a61;Jeppe;Nørregaard;CoI;TRUE;
1cbc6b08-1a6a-438e-aefd-3811a68c4a61;Rasmus;Lehmann;CoI;TRUE;
1cbc6b08-1a6a-438e-aefd-3811a68c4a61;Mads Guldborg Kjeldgaard;Kongsbak;CoI;TRUE;
18b53e6c-82c7-4a7a-873b-e13b8041f5ec;Christoffer;Holmgård;PI;TRUE;
0f8f0794-d11d-4406-95f4-2c93740c931b;Tobias Lybecker;Christiani;PI;TRUE;
fdc8b423-2421-46ce-9905-a4d1b324e18d;Dom;Ford;PI;TRUE;
adcf6fe8-ed82-426e-825a-901abce58b36;Roman ;Beck;PI;TRUE;
adcf6fe8-ed82-426e-825a-901abce58b36;Signe ;Agerskov;CoI;TRUE;
c5d1965f-621e-4f0f-9071-1823ccc20fc9;Marianne;Gauffriau;Admin;TRUE;
c5d1965f-621e-4f0f-9071-1823ccc20fc9;Tilde;Haar;Admin;TRUE;
91b0563a-0942-47e8-9257-d6325edc5cea;Roman ;Beck;PI;TRUE;
91b0563a-0942-47e8-9257-d6325edc5cea;Philippe ;Bonnet;PI;TRUE;
91b0563a-0942-47e8-9257-d6325edc5cea;Geetika;Jain;CoI;TRUE;
91b0563a-0942-47e8-9257-d6325edc5cea;Rasmus;Berg Palm;CoI;TRUE;
91b0563a-0942-47e8-9257-d6325edc5cea;Signe ;Agerskov;CoI;TRUE;
f15d06d9-2436-4799-a1ef-c90b629b763e;Lorenzo;Gentile;PI;TRUE;
cacb1264-bab7-49b9-bf36-2605f6094b98;Per Rådberg;Nagbøl;PI;TRUE;
cacb1264-bab7-49b9-bf36-2605f6094b98;Oliver;Müller;CoI;TRUE;
c37bcaa8-233a-4eb6-8885-8a91a102ab32;Tomas ;Sokoler;CoI;TRUE;
3bfb340e-d0be-4d2c-9a7b-62326e135ed0;Mehri;Rezaeialiabadi;CoI;TRUE;
329b2f51-1933-4974-88a3-ba9671a2961f;Miguel Gonzalez;Duque;CoI;TRUE;
e6c210fe-a8c9-4ca2-85a4-c30b3d016d95;Nina Mesing Stausholm;Nielsen;PI;TRUE;
4688b796-0633-458f-b29c-8cce9a9ca4ec;Frederik;Madsen;PI;TRUE;
32e83e51-c4c7-4917-8d65-0d00c6972e53;Paul;Rosero;CoI;TRUE;
32e83e51-c4c7-4917-8d65-0d00c6972e53;Neil Kim;Nielsen ;CoI;TRUE;
32e83e51-c4c7-4917-8d65-0d00c6972e53;Jon Voigt;Tøttrup;CoI;TRUE;
32e83e51-c4c7-4917-8d65-0d00c6972e53;Aaron;Duane;CoI;TRUE;
32e83e51-c4c7-4917-8d65-0d00c6972e53;Jens;Hvass Jørgensen;CoI;TRUE;
32e83e51-c4c7-4917-8d65-0d00c6972e53;Joachim Moe;Osterhammel;CoI;TRUE;
32e83e51-c4c7-4917-8d65-0d00c6972e53;Pia Kystol;Sørensen;Admin;TRUE;
08e92d2d-7d30-4c53-b5d2-6aba12ded6fb;Camilla;Dupont;PI;TRUE;
08e92d2d-7d30-4c53-b5d2-6aba12ded6fb;Pernille;Kræmmergaard;CoI;TRUE;
7492316d-f1c5-4c5a-88a7-480e15dec0a2;Ninna;Gandrup;Collaborator;TRUE;
7492316d-f1c5-4c5a-88a7-480e15dec0a2;Connie;Petersson;Collaborator;TRUE;
11cd4029-d277-44f5-916f-71384fd8e8d6;Maria;Kronberg Nedergaard;Admin;TRUE;
11cd4029-d277-44f5-916f-71384fd8e8d6;Amanda ;Clifford;CoI;TRUE;
11cd4029-d277-44f5-916f-71384fd8e8d6;Meg;Morris;Collaborator;TRUE;
11cd4029-d277-44f5-916f-71384fd8e8d6;Daniele ;Volpe;Collaborator;TRUE;
0ae11a14-eed2-4bb8-a3e2-657776e7772c;Hataichanok;Unphon;CoI;TRUE;
0ae11a14-eed2-4bb8-a3e2-657776e7772c;Sebastien;Vaucouleur;CoI;TRUE;
0ae11a14-eed2-4bb8-a3e2-657776e7772c;Morten;Rhiger;CoI;TRUE;
8f5fad3c-1aee-432c-8ad4-77c851de79a5;Anders;Hessellund;CoI;TRUE;
8f5fad3c-1aee-432c-8ad4-77c851de79a5;Signe Ellegård;Borch;CoI;TRUE;
8f5fad3c-1aee-432c-8ad4-77c851de79a5;Jacob;Winther Jespersen;CoI;TRUE;
8f5fad3c-1aee-432c-8ad4-77c851de79a5;Peter;Carstensen;CoI;TRUE;
8f5fad3c-1aee-432c-8ad4-77c851de79a5;Signe Ellegård;Borch;CoI;TRUE;
8f5fad3c-1aee-432c-8ad4-77c851de79a5;Jacob;Winther Jespersen;CoI;TRUE;
8f5fad3c-1aee-432c-8ad4-77c851de79a5;Fritz;Henglein;CoI;TRUE;
8f5fad3c-1aee-432c-8ad4-77c851de79a5;Henrik Reif;Andersen;CoI;TRUE;
445b877c-2def-4421-9ffd-1d072bdb81d2;Fritz;Henglein;CoI;TRUE;
445b877c-2def-4421-9ffd-1d072bdb81d2;Anders;Hessellund;CoI;TRUE;
445b877c-2def-4421-9ffd-1d072bdb81d2;Signe Ellegård;Borch;CoI;TRUE;
445b877c-2def-4421-9ffd-1d072bdb81d2;Kasper;Graversen;CoI;TRUE;
445b877c-2def-4421-9ffd-1d072bdb81d2;Jacob;Winther Jespersen;CoI;TRUE;
445b877c-2def-4421-9ffd-1d072bdb81d2;Christian;Stefansen;CoI;TRUE;
e4d8b5ee-d587-4cb3-9bb7-048fa82923f3;Peter;Carstensen;PI;TRUE;
e4d8b5ee-d587-4cb3-9bb7-048fa82923f3;Lene;Pries-Heje;CoI;TRUE;
87b09ec4-7edb-49b6-ac7b-f3b9cf9e1fba;Maria;Kronberg Nedergaard;Admin;TRUE;
87b09ec4-7edb-49b6-ac7b-f3b9cf9e1fba;Felicia Violeta;Sørensen;PI;TRUE;
d6e92b00-b7c2-44f7-b96f-da3e9d8c7681;Nikolaj;Oppermann;Admin;TRUE;
d6e92b00-b7c2-44f7-b96f-da3e9d8c7681;Peter;Ibsen;Admin;TRUE;
19e2ba95-373f-4091-9ca6-3cef5331bacb;Nikolaj;Oppermann;Admin;TRUE;
19e2ba95-373f-4091-9ca6-3cef5331bacb;Peter;Ibsen;Admin;TRUE;
27fa767d-574d-442f-8940-cf35f8a8d1e9;Bjørn Hjorth;Westh;CoI;TRUE;
cd1658f4-8302-49a8-9a71-d42f7168fc36;Andreas Holck;Høeg-Petersen;CoI;TRUE;
a11222fb-5ac7-4223-b52c-e9ad461f9384;Philippe;Bonnet;PI;TRUE;
52a01177-cd06-419b-bd2e-ea8d358a7f44;Pernille;Bjørn;CoI;TRUE;
eb843412-29ec-4b75-b260-b32631e4bfd7;John Paulin;Hansen;PI;TRUE;
77015c95-ed26-4bb4-bfc6-15bd77d89d45;Georgios;Yannakakis;CoI;TRUE;
77015c95-ed26-4bb4-bfc6-15bd77d89d45;Christian Sinding;Nellemann;CoI;TRUE;
77015c95-ed26-4bb4-bfc6-15bd77d89d45;Lawrence Kurt;Johnson;CoI;TRUE;
77015c95-ed26-4bb4-bfc6-15bd77d89d45;Rasmus Bille;Fynbo;CoI;TRUE;
77015c95-ed26-4bb4-bfc6-15bd77d89d45;Jørgen ;Staunstrup;PI;TRUE;
b9c622f6-c59d-43fb-950e-e15b2e0fe6e3;Tomas ;Sokoler;PI;TRUE;
ef86300b-7f5c-4588-80c2-7b3f14808f70;Pernille;Bjørn;PI;TRUE;
80d639a7-da33-4a47-9688-f720c1cbd4e1;John Paulin;Hansen;PI;TRUE;
169f31dc-061f-48b1-9f65-9bc981a564d2;Simon;Egenfeldt-Nielsen;PI;TRUE;
fb3d37e6-ac9a-4fea-b16b-0d7a9092dedb;Tomas ;Sokoler;PI;TRUE;
fb3d37e6-ac9a-4fea-b16b-0d7a9092dedb;Nicola;Pascelupo;CoI;TRUE;
fb3d37e6-ac9a-4fea-b16b-0d7a9092dedb;Jeppe;Boutrup;CoI;TRUE;
378dcd42-6b4a-4aea-a5e1-6976fe72f5d7;Lars;Birkedal;PI;TRUE;
de7a9965-2965-4871-ac4f-6ec5a4aa5a13;John Paulin;Hansen;PI;TRUE;
de7a9965-2965-4871-ac4f-6ec5a4aa5a13;Martin Henrik;Tall;CoI;TRUE;
de7a9965-2965-4871-ac4f-6ec5a4aa5a13;Henrik ;Skovsgaard;CoI;TRUE;
0adf7ff7-24b4-431c-a162-26e0414fcae7;Lisbeth;Klastrup;PI;TRUE;
f106c784-f371-4ef8-8299-babd4c010f18;Mikkel;Bundgaard;CoI;TRUE;
f106c784-f371-4ef8-8299-babd4c010f18;Arne John;Glenstrup;CoI;TRUE;
f106c784-f371-4ef8-8299-babd4c010f18;Espen;Højsgaard;CoI;TRUE;
f106c784-f371-4ef8-8299-babd4c010f18;Magnus;Nilsson;CoI;TRUE;
1c4ff755-a82b-4cc6-b672-6b852fe2bc8c;John Paulin;Hansen;PI;TRUE;
1c4ff755-a82b-4cc6-b672-6b852fe2bc8c;Tanja Belinda;Andersen;CoI;TRUE;
1c4ff755-a82b-4cc6-b672-6b852fe2bc8c;Andrea;Campagna;CoI;TRUE;
1c4ff755-a82b-4cc6-b672-6b852fe2bc8c;Lone;Malmborg;CoI;TRUE;
061dd7d9-61b9-4f58-a036-47cb615f81bc;Bjørn Hjorth;Westh;CoI;TRUE;
edfaf84b-1454-431a-b02a-2394a0a4f9d9;John Paulin;Hansen;PI;TRUE;
7082913b-8a82-446f-8fe4-04c41244409e;Finn;Kensing;PI;TRUE;
7082913b-8a82-446f-8fe4-04c41244409e;Kjeld;Schmidt;CoI;TRUE;
7082913b-8a82-446f-8fe4-04c41244409e;Jens;Pedersen;CoI;TRUE;
7082913b-8a82-446f-8fe4-04c41244409e;Joachim;Halse;CoI;TRUE;
7082913b-8a82-446f-8fe4-04c41244409e;Peter;Carstensen;CoI;TRUE;
7082913b-8a82-446f-8fe4-04c41244409e;Dixi Louise;Strand;CoI;TRUE;
7082913b-8a82-446f-8fe4-04c41244409e;Nis;Johannesen;CoI;TRUE;
1f92ae6e-8c75-4dba-8c4a-2ce17bceebda;Lars;Birkedal;PI;TRUE;
1f92ae6e-8c75-4dba-8c4a-2ce17bceebda;Troels Christoffer;Damgaard;CoI;TRUE;
1f92ae6e-8c75-4dba-8c4a-2ce17bceebda;Ebbe;Elsborg;CoI;TRUE;
12c90907-f3d3-4291-9a3d-bbe379414db3;John Paulin;Hansen;PI;TRUE;
12c90907-f3d3-4291-9a3d-bbe379414db3;Javier;San Agustin;CoI;TRUE;
ad27f833-ae52-4174-8764-712393b01fb0;Hugo Andres;Lopez;CoI;TRUE;
f47672c7-72ab-4e34-b2cd-0146efbe8d2c;Hrönn;Sigurdardottir;CoI;TRUE;
f47672c7-72ab-4e34-b2cd-0146efbe8d2c;Brit Ross;Winthereik;PI;TRUE;
fd9c5073-c837-4383-afa9-f3dfa0015b1a;Jørgen ;Staunstrup;PI;TRUE;
fd9c5073-c837-4383-afa9-f3dfa0015b1a;Lene;Pries-Heje;PI;TRUE;
3b67b1fc-9782-406f-996d-551dedfd2f6d;Kristian;Hjort-Madsen;CoI;TRUE;
46656e52-d2b4-4f57-b0b9-d9b3201e1c31;Henrik Reif;Andersen;PI;TRUE;
fe7ec58e-1c0f-4e05-8273-10cbabdaf450;Marleen;de Bruijne;PI;TRUE;
fe7ec58e-1c0f-4e05-8273-10cbabdaf450;Mads;Nielsen;PI;TRUE;
797a02d4-1053-41ba-866a-e2bb90167ccf;Mads;Nielsen;PI;TRUE;
bf99b204-773a-4c75-9dd4-96b51aa83ba7;Finn;Kensing;PI;TRUE;
a3b4f642-b6d4-4cb6-9ea9-25e28fff5c46;Philip;Bille;PI;TRUE;
58f5d22f-3267-4479-aa0d-5095b2678d6a;Espen;Aarseth;PI;TRUE;
e87d4b54-5718-4ac5-9c07-918fc0ac0968;Lisbeth;Klastrup;PI;TRUE;
f65afc70-5b3a-4ded-bed6-9d48c66b74e9;Julian;Togelius;PI;TRUE;
9a2bbbe4-4f28-4cd4-98a7-f4eb2bd8b816;Stine;Gotved;PI;TRUE;
4364ccfc-6289-4d3c-aeca-4aed26e11161;Mika;Yasuoka ;PI;TRUE;
20a8720a-ab29-4536-a64b-2d33d851280d;Henrik Reif;Andersen;Collaborator;TRUE;
20a8720a-ab29-4536-a64b-2d33d851280d;Henrik;Hulgaard;Collaborator;TRUE;
20a8720a-ab29-4536-a64b-2d33d851280d;Ken Friis;Larsen;Collaborator;TRUE;
20a8720a-ab29-4536-a64b-2d33d851280d;Jakob;Lichtenberg;Collaborator;TRUE;
d9d3ea5e-ed60-4d82-82b6-9017dc6b92a3;Peter;Carstensen;PI;TRUE;
8523d2b6-9ed3-452f-ac63-c53040a8206c;John Paulin;Hansen;PI;TRUE;
a7c5c16c-c01a-4773-954c-1f39787f5166;Peter;Carstensen;PI;TRUE;
9b133c2b-08b5-4040-8e89-fd42ee369571;Mads;Nielsen;PI;TRUE;
06c016b6-850d-4a36-8010-8b2faf231eb8;Stephen;Alstrup;PI;TRUE;
55a7c4d9-6648-4ef6-82ed-d5f0e32d6001;Lars;Birkedal;PI;TRUE;
7e3d6279-7542-48f4-afed-077e59ff8ae0;Mads;Nielsen;PI;TRUE;
33e1536f-bfcc-414e-a2c1-7186bfda14be;Niels ;Hallenberg;PI;TRUE;
8f8b82ae-fa94-45fd-a104-f005183079b3;Mads;Nielsen;PI;TRUE;
df30eb20-b0c1-475a-ad68-250168d9bd26;Keld;Kondrup Jensen;PI;TRUE;
46057aef-7867-42c5-870e-ae7197e6b289;Stephen;Alstrup;PI;TRUE;
6a05d5e3-9ddb-4394-81cd-3238b94386b3;Kjeld;Schmidt;PI;TRUE;
88836133-da63-48e6-bd22-656e210e9f2e;Gert;Balling;PI;TRUE;
a59042b0-96a6-4d28-99af-29e6f3c5835f;John Paulin;Hansen;PI;TRUE;
a59042b0-96a6-4d28-99af-29e6f3c5835f;Anders Sewerin;Johansen;PI;TRUE;
4257871d-a10c-41c9-8a99-c8735f3449d5;Stephen;Alstrup;PI;TRUE;
4257871d-a10c-41c9-8a99-c8735f3449d5;Mads;Nielsen;PI;TRUE;
bc0e8e8b-f332-4a34-a4c9-3a73636237b7;Kjeld;Schmidt;PI;TRUE;
844f4654-4ffd-4236-a8bd-a66ae3f63cf2;Per;Gregersen;PI;TRUE;
d5ea6fad-b6b4-4988-a532-3ef6970cfc80;Mads;Nielsen;PI;TRUE;
47a84aee-565d-42b8-acfb-db739860a63d;Mads;Nielsen;PI;TRUE;
f9867043-4bc3-4575-90d0-c3920088756c;Lisbeth;Klastrup;PI;TRUE;
23ee71e8-7129-4eca-8681-583e616114ef;Lars;Birkedal;PI;TRUE;
4dcb2764-c66a-4b74-b65d-4f59e6ccb15e;Lars;Birkedal;PI;TRUE;
b5a5621f-f5f9-4647-beae-668cd2e3b9c6;Mads;Nielsen;PI;TRUE;
f67673fc-f141-4a5d-b781-69eff519cc97;Mads;Nielsen;PI;TRUE;
f67673fc-f141-4a5d-b781-69eff519cc97;Marleen;de Bruijne;CoI;TRUE;
9a23eeae-1cd6-42aa-bdc3-a125bf8e38f3;Jørgen ;Staunstrup;PI;TRUE;
326f99dd-aab3-46a4-adb1-0ece9e5f3676;Mads;Nielsen;PI;TRUE;
a23ddfc7-1b21-4770-b1b7-0a84cf992f07;Simon;Egenfeldt-Nielsen;PI;TRUE;
36e4a44f-fa51-4a42-880c-7155b4e2737f;Jørgen ;Staunstrup;PI;TRUE;
ee14d4d1-636e-445f-8c26-d993ca77e831;Lisbeth;Klastrup;PI;TRUE;
ec09afcf-5bf2-4862-b022-e8fa49ab09c2;Jørgen ;Staunstrup;PI;TRUE;
b1de39ad-96f9-4819-a473-7bff7f5d6cd2;Martin Scheil;Corneliussen;CoI;TRUE;
b1de39ad-96f9-4819-a473-7bff7f5d6cd2;Finn;Kensing;PI;TRUE;
3967d233-3b0c-45a1-8f3e-aeca927f98ae;Hirotaka;Aoki;PI;TRUE;
1df30623-ae1e-4082-8d92-d5d514cb3f0b;Karen Marie;Lyng;PI;TRUE;
24a2ad8a-bcdc-4f2e-833d-eed2f0689048;Raghava Rao;Mukkamala;PI;TRUE;
1b488dd3-466a-4eef-a9ce-74ccca2cb4d9;Peter;Ibsen;Admin;TRUE;
1b488dd3-466a-4eef-a9ce-74ccca2cb4d9;Carsten Svarrer;Østerlund;CoI;TRUE;
580afbb8-9d13-4251-975c-f336e4f57a94;Peter;Ibsen;Admin;TRUE;
580afbb8-9d13-4251-975c-f336e4f57a94;Jonas Kasper;Jensen;CoI;TRUE;
b7b111ff-8b8b-433a-b476-c8ddc9ef874a;Natalie Marie;Gulsrud;PI;TRUE;
b7b111ff-8b8b-433a-b476-c8ddc9ef874a;Csilla;Duray;CoI;TRUE;
b7b111ff-8b8b-433a-b476-c8ddc9ef874a;Jonas Colling;Larsen;CoI;TRUE;
3bb84384-51de-4ad8-969e-8e4ed58c7fd8;Ben;Orlove;PI;TRUE;
3bb84384-51de-4ad8-969e-8e4ed58c7fd8;Maria A. ;Diuk-Wasser;CoI;TRUE;
3bb84384-51de-4ad8-969e-8e4ed58c7fd8;Elizabeth ;Cook;CoI;TRUE;
3bb84384-51de-4ad8-969e-8e4ed58c7fd8;Matt;Palmer;CoI;TRUE;
61c7d172-89a8-4925-9dad-3fa983375a00;Brian ;Mailloux;PI;TRUE;
61c7d172-89a8-4925-9dad-3fa983375a00;Ben;Orlove;CoI;TRUE;
61c7d172-89a8-4925-9dad-3fa983375a00;Patricia J;Culligan;CoI;TRUE;
61c7d172-89a8-4925-9dad-3fa983375a00;Elizabeth ;Cook;CoI;TRUE;
3da6905f-6735-4fa3-8923-5e0d4352cc46;Natalie Marie;Gulsrud;PI;TRUE;
c0c821bf-a85a-404b-86a3-12b0f62c20bb;Peter;Ibsen;Admin;TRUE;
c2fb3aec-c5ad-496d-8f84-800848b7dc4d;Helene;Ratner ;PI;TRUE;
c2fb3aec-c5ad-496d-8f84-800848b7dc4d;Emilie ;Mørch Groth ;Collaborator;TRUE;