personUUID,keywordId
79ebe3ed-0527-4160-9af6-be0b0853b00e,0
79ebe3ed-0527-4160-9af6-be0b0853b00e,1
79ebe3ed-0527-4160-9af6-be0b0853b00e,2
79ebe3ed-0527-4160-9af6-be0b0853b00e,3
79ebe3ed-0527-4160-9af6-be0b0853b00e,4
79ebe3ed-0527-4160-9af6-be0b0853b00e,5
79ebe3ed-0527-4160-9af6-be0b0853b00e,6
79ebe3ed-0527-4160-9af6-be0b0853b00e,7
79ebe3ed-0527-4160-9af6-be0b0853b00e,8
79ebe3ed-0527-4160-9af6-be0b0853b00e,9
79ebe3ed-0527-4160-9af6-be0b0853b00e,10
79ebe3ed-0527-4160-9af6-be0b0853b00e,8
79ebe3ed-0527-4160-9af6-be0b0853b00e,11
4d7fda5a-3cf4-4d39-9daf-1ae192b0e0e7,12
4d7fda5a-3cf4-4d39-9daf-1ae192b0e0e7,13
4d7fda5a-3cf4-4d39-9daf-1ae192b0e0e7,14
4d7fda5a-3cf4-4d39-9daf-1ae192b0e0e7,15
4d7fda5a-3cf4-4d39-9daf-1ae192b0e0e7,16
4d7fda5a-3cf4-4d39-9daf-1ae192b0e0e7,17
4d7fda5a-3cf4-4d39-9daf-1ae192b0e0e7,18
4d7fda5a-3cf4-4d39-9daf-1ae192b0e0e7,19
5ad9c220-e37f-443a-8a31-fc4abf365db5,20
5ad9c220-e37f-443a-8a31-fc4abf365db5,21
5ad9c220-e37f-443a-8a31-fc4abf365db5,17
5ad9c220-e37f-443a-8a31-fc4abf365db5,22
5ad9c220-e37f-443a-8a31-fc4abf365db5,23
5ad9c220-e37f-443a-8a31-fc4abf365db5,24
5ad9c220-e37f-443a-8a31-fc4abf365db5,25
5ad9c220-e37f-443a-8a31-fc4abf365db5,26
5ad9c220-e37f-443a-8a31-fc4abf365db5,27
5ad9c220-e37f-443a-8a31-fc4abf365db5,21
5ad9c220-e37f-443a-8a31-fc4abf365db5,23
5ad9c220-e37f-443a-8a31-fc4abf365db5,28
5ad9c220-e37f-443a-8a31-fc4abf365db5,29
5ad9c220-e37f-443a-8a31-fc4abf365db5,30
5ad9c220-e37f-443a-8a31-fc4abf365db5,31
5ad9c220-e37f-443a-8a31-fc4abf365db5,23
5ad9c220-e37f-443a-8a31-fc4abf365db5,28
f2136570-f73c-446f-9fb0-6d9e461e2124,32
f2136570-f73c-446f-9fb0-6d9e461e2124,33
f2136570-f73c-446f-9fb0-6d9e461e2124,34
f2136570-f73c-446f-9fb0-6d9e461e2124,35
f2136570-f73c-446f-9fb0-6d9e461e2124,36
f2136570-f73c-446f-9fb0-6d9e461e2124,37
f2136570-f73c-446f-9fb0-6d9e461e2124,38
f2136570-f73c-446f-9fb0-6d9e461e2124,39
f2136570-f73c-446f-9fb0-6d9e461e2124,40
f2136570-f73c-446f-9fb0-6d9e461e2124,35
f2136570-f73c-446f-9fb0-6d9e461e2124,41
f2136570-f73c-446f-9fb0-6d9e461e2124,42
f2136570-f73c-446f-9fb0-6d9e461e2124,43
f2136570-f73c-446f-9fb0-6d9e461e2124,44
f2136570-f73c-446f-9fb0-6d9e461e2124,45
f2136570-f73c-446f-9fb0-6d9e461e2124,44
f2136570-f73c-446f-9fb0-6d9e461e2124,46
f2136570-f73c-446f-9fb0-6d9e461e2124,47
f2136570-f73c-446f-9fb0-6d9e461e2124,35
f2136570-f73c-446f-9fb0-6d9e461e2124,48
f2136570-f73c-446f-9fb0-6d9e461e2124,35
f2136570-f73c-446f-9fb0-6d9e461e2124,36
472021c7-73cc-44ba-a4ef-70cd2bed8601,49
472021c7-73cc-44ba-a4ef-70cd2bed8601,50
472021c7-73cc-44ba-a4ef-70cd2bed8601,51
472021c7-73cc-44ba-a4ef-70cd2bed8601,52
472021c7-73cc-44ba-a4ef-70cd2bed8601,51
472021c7-73cc-44ba-a4ef-70cd2bed8601,53
472021c7-73cc-44ba-a4ef-70cd2bed8601,54
472021c7-73cc-44ba-a4ef-70cd2bed8601,51
689427b5-8d2a-44f3-b291-6db6ba598305,55
689427b5-8d2a-44f3-b291-6db6ba598305,38
689427b5-8d2a-44f3-b291-6db6ba598305,56
689427b5-8d2a-44f3-b291-6db6ba598305,56
689427b5-8d2a-44f3-b291-6db6ba598305,57
689427b5-8d2a-44f3-b291-6db6ba598305,58
689427b5-8d2a-44f3-b291-6db6ba598305,59
689427b5-8d2a-44f3-b291-6db6ba598305,60
689427b5-8d2a-44f3-b291-6db6ba598305,26
689427b5-8d2a-44f3-b291-6db6ba598305,38
689427b5-8d2a-44f3-b291-6db6ba598305,57
689427b5-8d2a-44f3-b291-6db6ba598305,38
689427b5-8d2a-44f3-b291-6db6ba598305,57
689427b5-8d2a-44f3-b291-6db6ba598305,61
689427b5-8d2a-44f3-b291-6db6ba598305,62
689427b5-8d2a-44f3-b291-6db6ba598305,38
689427b5-8d2a-44f3-b291-6db6ba598305,63
689427b5-8d2a-44f3-b291-6db6ba598305,64
689427b5-8d2a-44f3-b291-6db6ba598305,57
10003d22-a201-4b64-88e3-b423bc76fcc2,16
10003d22-a201-4b64-88e3-b423bc76fcc2,65
10003d22-a201-4b64-88e3-b423bc76fcc2,66
10003d22-a201-4b64-88e3-b423bc76fcc2,67
10003d22-a201-4b64-88e3-b423bc76fcc2,68
10003d22-a201-4b64-88e3-b423bc76fcc2,69
2fa5dc89-7d78-45d0-96c7-e8f39b78dd3e,26
2fa5dc89-7d78-45d0-96c7-e8f39b78dd3e,38
2fa5dc89-7d78-45d0-96c7-e8f39b78dd3e,70
2fa5dc89-7d78-45d0-96c7-e8f39b78dd3e,71
2fa5dc89-7d78-45d0-96c7-e8f39b78dd3e,38
2fa5dc89-7d78-45d0-96c7-e8f39b78dd3e,72
2fa5dc89-7d78-45d0-96c7-e8f39b78dd3e,73
2fa5dc89-7d78-45d0-96c7-e8f39b78dd3e,74
2fa5dc89-7d78-45d0-96c7-e8f39b78dd3e,75
2fa5dc89-7d78-45d0-96c7-e8f39b78dd3e,76
2fa5dc89-7d78-45d0-96c7-e8f39b78dd3e,38
2fa5dc89-7d78-45d0-96c7-e8f39b78dd3e,72
2fa5dc89-7d78-45d0-96c7-e8f39b78dd3e,77
2fa5dc89-7d78-45d0-96c7-e8f39b78dd3e,78
a39b94ff-e1b6-4b96-8404-486167a9123d,35
a39b94ff-e1b6-4b96-8404-486167a9123d,36
a39b94ff-e1b6-4b96-8404-486167a9123d,35
a39b94ff-e1b6-4b96-8404-486167a9123d,79
a39b94ff-e1b6-4b96-8404-486167a9123d,80
a39b94ff-e1b6-4b96-8404-486167a9123d,81
a39b94ff-e1b6-4b96-8404-486167a9123d,82
a39b94ff-e1b6-4b96-8404-486167a9123d,44
92f6c3f3-0ad2-40fc-b278-69170f87567d,83
92f6c3f3-0ad2-40fc-b278-69170f87567d,84
92f6c3f3-0ad2-40fc-b278-69170f87567d,85
92f6c3f3-0ad2-40fc-b278-69170f87567d,86
92f6c3f3-0ad2-40fc-b278-69170f87567d,87
92f6c3f3-0ad2-40fc-b278-69170f87567d,88
92f6c3f3-0ad2-40fc-b278-69170f87567d,89
92f6c3f3-0ad2-40fc-b278-69170f87567d,90
92f6c3f3-0ad2-40fc-b278-69170f87567d,91
92f6c3f3-0ad2-40fc-b278-69170f87567d,92
92f6c3f3-0ad2-40fc-b278-69170f87567d,84
92f6c3f3-0ad2-40fc-b278-69170f87567d,93
92f6c3f3-0ad2-40fc-b278-69170f87567d,94
92f6c3f3-0ad2-40fc-b278-69170f87567d,95
92f6c3f3-0ad2-40fc-b278-69170f87567d,96
92f6c3f3-0ad2-40fc-b278-69170f87567d,97
92f6c3f3-0ad2-40fc-b278-69170f87567d,98
92f6c3f3-0ad2-40fc-b278-69170f87567d,11
92f6c3f3-0ad2-40fc-b278-69170f87567d,99
92f6c3f3-0ad2-40fc-b278-69170f87567d,44
92f6c3f3-0ad2-40fc-b278-69170f87567d,100
ea6d10cf-6bb5-4414-8966-f1ed2591f794,43
ea6d10cf-6bb5-4414-8966-f1ed2591f794,101
ea6d10cf-6bb5-4414-8966-f1ed2591f794,38
ea6d10cf-6bb5-4414-8966-f1ed2591f794,102
ea6d10cf-6bb5-4414-8966-f1ed2591f794,103
ea6d10cf-6bb5-4414-8966-f1ed2591f794,104
ea6d10cf-6bb5-4414-8966-f1ed2591f794,105
ea6d10cf-6bb5-4414-8966-f1ed2591f794,106
ea6d10cf-6bb5-4414-8966-f1ed2591f794,107
ea6d10cf-6bb5-4414-8966-f1ed2591f794,108
ea6d10cf-6bb5-4414-8966-f1ed2591f794,109
ea6d10cf-6bb5-4414-8966-f1ed2591f794,110
ea6d10cf-6bb5-4414-8966-f1ed2591f794,111
ea6d10cf-6bb5-4414-8966-f1ed2591f794,112
d30b96a8-4f1e-44fa-9bf5-0209bedf0268,6
d30b96a8-4f1e-44fa-9bf5-0209bedf0268,113
d30b96a8-4f1e-44fa-9bf5-0209bedf0268,114
d30b96a8-4f1e-44fa-9bf5-0209bedf0268,115
d30b96a8-4f1e-44fa-9bf5-0209bedf0268,116
d3b41838-e2bf-4735-b1cd-03f60b49c7e5,30
d3b41838-e2bf-4735-b1cd-03f60b49c7e5,117
d3b41838-e2bf-4735-b1cd-03f60b49c7e5,111
d3b41838-e2bf-4735-b1cd-03f60b49c7e5,118
1313519f-2074-41d6-8b79-589648e37211,28
1313519f-2074-41d6-8b79-589648e37211,30
1313519f-2074-41d6-8b79-589648e37211,30
1313519f-2074-41d6-8b79-589648e37211,21
1313519f-2074-41d6-8b79-589648e37211,119
1313519f-2074-41d6-8b79-589648e37211,92
1313519f-2074-41d6-8b79-589648e37211,120
1313519f-2074-41d6-8b79-589648e37211,121
1313519f-2074-41d6-8b79-589648e37211,122
1313519f-2074-41d6-8b79-589648e37211,8
1313519f-2074-41d6-8b79-589648e37211,90
47a94200-3abe-4354-b5e3-c8ef6f1ba1f2,123
47a94200-3abe-4354-b5e3-c8ef6f1ba1f2,124
47a94200-3abe-4354-b5e3-c8ef6f1ba1f2,70
47a94200-3abe-4354-b5e3-c8ef6f1ba1f2,125
47a94200-3abe-4354-b5e3-c8ef6f1ba1f2,126
47a94200-3abe-4354-b5e3-c8ef6f1ba1f2,127
47a94200-3abe-4354-b5e3-c8ef6f1ba1f2,128
b752c464-c7fb-4a52-a0c3-3b2d3db5d62f,8
b752c464-c7fb-4a52-a0c3-3b2d3db5d62f,129
b752c464-c7fb-4a52-a0c3-3b2d3db5d62f,28
b752c464-c7fb-4a52-a0c3-3b2d3db5d62f,130
b752c464-c7fb-4a52-a0c3-3b2d3db5d62f,90
b752c464-c7fb-4a52-a0c3-3b2d3db5d62f,8
b752c464-c7fb-4a52-a0c3-3b2d3db5d62f,131
b752c464-c7fb-4a52-a0c3-3b2d3db5d62f,28
b752c464-c7fb-4a52-a0c3-3b2d3db5d62f,132
b752c464-c7fb-4a52-a0c3-3b2d3db5d62f,90
b752c464-c7fb-4a52-a0c3-3b2d3db5d62f,8
b752c464-c7fb-4a52-a0c3-3b2d3db5d62f,133
b752c464-c7fb-4a52-a0c3-3b2d3db5d62f,129
b752c464-c7fb-4a52-a0c3-3b2d3db5d62f,133
b752c464-c7fb-4a52-a0c3-3b2d3db5d62f,134
b752c464-c7fb-4a52-a0c3-3b2d3db5d62f,133
b752c464-c7fb-4a52-a0c3-3b2d3db5d62f,135
b752c464-c7fb-4a52-a0c3-3b2d3db5d62f,8
b752c464-c7fb-4a52-a0c3-3b2d3db5d62f,136
b752c464-c7fb-4a52-a0c3-3b2d3db5d62f,8
b752c464-c7fb-4a52-a0c3-3b2d3db5d62f,129
b752c464-c7fb-4a52-a0c3-3b2d3db5d62f,137
9ba013db-4c4d-41dd-be12-dbe188f67f29,138
9ba013db-4c4d-41dd-be12-dbe188f67f29,139
9ba013db-4c4d-41dd-be12-dbe188f67f29,38
9ba013db-4c4d-41dd-be12-dbe188f67f29,140
9ba013db-4c4d-41dd-be12-dbe188f67f29,21
9ba013db-4c4d-41dd-be12-dbe188f67f29,85
9ba013db-4c4d-41dd-be12-dbe188f67f29,141
9ba013db-4c4d-41dd-be12-dbe188f67f29,142
9ba013db-4c4d-41dd-be12-dbe188f67f29,143
9ba013db-4c4d-41dd-be12-dbe188f67f29,38
9ba013db-4c4d-41dd-be12-dbe188f67f29,144
9ba013db-4c4d-41dd-be12-dbe188f67f29,142
9ba013db-4c4d-41dd-be12-dbe188f67f29,144
9ba013db-4c4d-41dd-be12-dbe188f67f29,85
9ba013db-4c4d-41dd-be12-dbe188f67f29,86
9ba013db-4c4d-41dd-be12-dbe188f67f29,87
9ba013db-4c4d-41dd-be12-dbe188f67f29,145
9ba013db-4c4d-41dd-be12-dbe188f67f29,146
9ba013db-4c4d-41dd-be12-dbe188f67f29,21
9ba013db-4c4d-41dd-be12-dbe188f67f29,147
9ba013db-4c4d-41dd-be12-dbe188f67f29,148
9ba013db-4c4d-41dd-be12-dbe188f67f29,38
9ba013db-4c4d-41dd-be12-dbe188f67f29,56
9ba013db-4c4d-41dd-be12-dbe188f67f29,57
9ba013db-4c4d-41dd-be12-dbe188f67f29,8
9ba013db-4c4d-41dd-be12-dbe188f67f29,149
9ba013db-4c4d-41dd-be12-dbe188f67f29,149
9ba013db-4c4d-41dd-be12-dbe188f67f29,150
9ba013db-4c4d-41dd-be12-dbe188f67f29,149
9ba013db-4c4d-41dd-be12-dbe188f67f29,143
9ba013db-4c4d-41dd-be12-dbe188f67f29,142
9ba013db-4c4d-41dd-be12-dbe188f67f29,151
0ee7ba1e-3108-4db3-a908-97977980d032,16
0ee7ba1e-3108-4db3-a908-97977980d032,65
0ee7ba1e-3108-4db3-a908-97977980d032,35
0ee7ba1e-3108-4db3-a908-97977980d032,44
0ee7ba1e-3108-4db3-a908-97977980d032,152
0ee7ba1e-3108-4db3-a908-97977980d032,16
0ee7ba1e-3108-4db3-a908-97977980d032,153
0ee7ba1e-3108-4db3-a908-97977980d032,16
0ee7ba1e-3108-4db3-a908-97977980d032,154
0ee7ba1e-3108-4db3-a908-97977980d032,108
9027b41a-4159-4db7-9ddd-8fc8f41f1fb3,67
9027b41a-4159-4db7-9ddd-8fc8f41f1fb3,155
9027b41a-4159-4db7-9ddd-8fc8f41f1fb3,156
9027b41a-4159-4db7-9ddd-8fc8f41f1fb3,157
9027b41a-4159-4db7-9ddd-8fc8f41f1fb3,69
9027b41a-4159-4db7-9ddd-8fc8f41f1fb3,114
9027b41a-4159-4db7-9ddd-8fc8f41f1fb3,115
9027b41a-4159-4db7-9ddd-8fc8f41f1fb3,158
9027b41a-4159-4db7-9ddd-8fc8f41f1fb3,35
9027b41a-4159-4db7-9ddd-8fc8f41f1fb3,159
cf5e1d64-5489-4534-ba34-8dba5fd354a6,160
cf5e1d64-5489-4534-ba34-8dba5fd354a6,43
cf5e1d64-5489-4534-ba34-8dba5fd354a6,161
cf5e1d64-5489-4534-ba34-8dba5fd354a6,162
cf5e1d64-5489-4534-ba34-8dba5fd354a6,163
cf5e1d64-5489-4534-ba34-8dba5fd354a6,164
cf5e1d64-5489-4534-ba34-8dba5fd354a6,165
cf5e1d64-5489-4534-ba34-8dba5fd354a6,102
cf5e1d64-5489-4534-ba34-8dba5fd354a6,165
cf5e1d64-5489-4534-ba34-8dba5fd354a6,102
cf5e1d64-5489-4534-ba34-8dba5fd354a6,21
cf5e1d64-5489-4534-ba34-8dba5fd354a6,165
cf5e1d64-5489-4534-ba34-8dba5fd354a6,102
cf5e1d64-5489-4534-ba34-8dba5fd354a6,63
cf5e1d64-5489-4534-ba34-8dba5fd354a6,143
cf5e1d64-5489-4534-ba34-8dba5fd354a6,55
cf5e1d64-5489-4534-ba34-8dba5fd354a6,143
cf5e1d64-5489-4534-ba34-8dba5fd354a6,162
cf5e1d64-5489-4534-ba34-8dba5fd354a6,17
cf5e1d64-5489-4534-ba34-8dba5fd354a6,22
cf5e1d64-5489-4534-ba34-8dba5fd354a6,166
cf5e1d64-5489-4534-ba34-8dba5fd354a6,167
cf5e1d64-5489-4534-ba34-8dba5fd354a6,168
cf5e1d64-5489-4534-ba34-8dba5fd354a6,169
cf5e1d64-5489-4534-ba34-8dba5fd354a6,170
cf5e1d64-5489-4534-ba34-8dba5fd354a6,171
cf5e1d64-5489-4534-ba34-8dba5fd354a6,172
cf5e1d64-5489-4534-ba34-8dba5fd354a6,162
cf5e1d64-5489-4534-ba34-8dba5fd354a6,43
cf5e1d64-5489-4534-ba34-8dba5fd354a6,173
51cfa226-5179-4a05-aa13-4a53f8de6404,35
51cfa226-5179-4a05-aa13-4a53f8de6404,36
51cfa226-5179-4a05-aa13-4a53f8de6404,35
51cfa226-5179-4a05-aa13-4a53f8de6404,174
51cfa226-5179-4a05-aa13-4a53f8de6404,175
51cfa226-5179-4a05-aa13-4a53f8de6404,176
51cfa226-5179-4a05-aa13-4a53f8de6404,177
51cfa226-5179-4a05-aa13-4a53f8de6404,178
51cfa226-5179-4a05-aa13-4a53f8de6404,179
51cfa226-5179-4a05-aa13-4a53f8de6404,122
51cfa226-5179-4a05-aa13-4a53f8de6404,180
51cfa226-5179-4a05-aa13-4a53f8de6404,36
d55dab65-fffe-4da4-a383-cfcf5ee3a8cd,181
d55dab65-fffe-4da4-a383-cfcf5ee3a8cd,50
d55dab65-fffe-4da4-a383-cfcf5ee3a8cd,182
d55dab65-fffe-4da4-a383-cfcf5ee3a8cd,126
d55dab65-fffe-4da4-a383-cfcf5ee3a8cd,183
d55dab65-fffe-4da4-a383-cfcf5ee3a8cd,184
d55dab65-fffe-4da4-a383-cfcf5ee3a8cd,89
d55dab65-fffe-4da4-a383-cfcf5ee3a8cd,85
d55dab65-fffe-4da4-a383-cfcf5ee3a8cd,185
d55dab65-fffe-4da4-a383-cfcf5ee3a8cd,186
d55dab65-fffe-4da4-a383-cfcf5ee3a8cd,187
d55dab65-fffe-4da4-a383-cfcf5ee3a8cd,188
d55dab65-fffe-4da4-a383-cfcf5ee3a8cd,186
d55dab65-fffe-4da4-a383-cfcf5ee3a8cd,189
d55dab65-fffe-4da4-a383-cfcf5ee3a8cd,186
d55dab65-fffe-4da4-a383-cfcf5ee3a8cd,190
d55dab65-fffe-4da4-a383-cfcf5ee3a8cd,191
d55dab65-fffe-4da4-a383-cfcf5ee3a8cd,0
d55dab65-fffe-4da4-a383-cfcf5ee3a8cd,192
d55dab65-fffe-4da4-a383-cfcf5ee3a8cd,193
d55dab65-fffe-4da4-a383-cfcf5ee3a8cd,33
d55dab65-fffe-4da4-a383-cfcf5ee3a8cd,194
d55dab65-fffe-4da4-a383-cfcf5ee3a8cd,182
2b8ff3a4-e9b0-403d-8bd8-1bf26121c234,35
2b8ff3a4-e9b0-403d-8bd8-1bf26121c234,36
879e7ac4-e64c-4c5f-9591-421e56cd0678,102
879e7ac4-e64c-4c5f-9591-421e56cd0678,50
879e7ac4-e64c-4c5f-9591-421e56cd0678,195
879e7ac4-e64c-4c5f-9591-421e56cd0678,196
879e7ac4-e64c-4c5f-9591-421e56cd0678,197
879e7ac4-e64c-4c5f-9591-421e56cd0678,51
879e7ac4-e64c-4c5f-9591-421e56cd0678,17
879e7ac4-e64c-4c5f-9591-421e56cd0678,22
b2b68ce2-6257-45bf-ab48-dc17d05c885e,16
b2b68ce2-6257-45bf-ab48-dc17d05c885e,65
b2b68ce2-6257-45bf-ab48-dc17d05c885e,66
b2b68ce2-6257-45bf-ab48-dc17d05c885e,159
1052b289-f510-4c5a-9662-2db48c12ebc2,166
1052b289-f510-4c5a-9662-2db48c12ebc2,198
1052b289-f510-4c5a-9662-2db48c12ebc2,199
1052b289-f510-4c5a-9662-2db48c12ebc2,200
1052b289-f510-4c5a-9662-2db48c12ebc2,201
1052b289-f510-4c5a-9662-2db48c12ebc2,111
1052b289-f510-4c5a-9662-2db48c12ebc2,38
1052b289-f510-4c5a-9662-2db48c12ebc2,202
0cc78e11-da3d-4687-a49a-76a2ba39c292,203
0cc78e11-da3d-4687-a49a-76a2ba39c292,204
0cc78e11-da3d-4687-a49a-76a2ba39c292,115
0cc78e11-da3d-4687-a49a-76a2ba39c292,84
0cc78e11-da3d-4687-a49a-76a2ba39c292,138
0cc78e11-da3d-4687-a49a-76a2ba39c292,38
0cc78e11-da3d-4687-a49a-76a2ba39c292,85
0cc78e11-da3d-4687-a49a-76a2ba39c292,38
0cc78e11-da3d-4687-a49a-76a2ba39c292,70
0cc78e11-da3d-4687-a49a-76a2ba39c292,205
0cc78e11-da3d-4687-a49a-76a2ba39c292,144
0cc78e11-da3d-4687-a49a-76a2ba39c292,85
0cc78e11-da3d-4687-a49a-76a2ba39c292,206
0cc78e11-da3d-4687-a49a-76a2ba39c292,207
0cc78e11-da3d-4687-a49a-76a2ba39c292,208
0cc78e11-da3d-4687-a49a-76a2ba39c292,37
0cc78e11-da3d-4687-a49a-76a2ba39c292,38
0cc78e11-da3d-4687-a49a-76a2ba39c292,86
0cc78e11-da3d-4687-a49a-76a2ba39c292,87
0cc78e11-da3d-4687-a49a-76a2ba39c292,183
80784458-06f6-4eff-b0c8-df982ffa9835,209
80784458-06f6-4eff-b0c8-df982ffa9835,210
80784458-06f6-4eff-b0c8-df982ffa9835,131
80784458-06f6-4eff-b0c8-df982ffa9835,211
80784458-06f6-4eff-b0c8-df982ffa9835,143
80784458-06f6-4eff-b0c8-df982ffa9835,212
74a08deb-18e1-48d0-a86e-ed6675da92ab,213
74a08deb-18e1-48d0-a86e-ed6675da92ab,4
74a08deb-18e1-48d0-a86e-ed6675da92ab,8
74a08deb-18e1-48d0-a86e-ed6675da92ab,214
74a08deb-18e1-48d0-a86e-ed6675da92ab,215
74a08deb-18e1-48d0-a86e-ed6675da92ab,122
74a08deb-18e1-48d0-a86e-ed6675da92ab,201
74a08deb-18e1-48d0-a86e-ed6675da92ab,38
74a08deb-18e1-48d0-a86e-ed6675da92ab,216
74a08deb-18e1-48d0-a86e-ed6675da92ab,70
74a08deb-18e1-48d0-a86e-ed6675da92ab,217
74a08deb-18e1-48d0-a86e-ed6675da92ab,218
2efbc294-1ce4-4148-a403-93fe6450d879,84
2efbc294-1ce4-4148-a403-93fe6450d879,85
2efbc294-1ce4-4148-a403-93fe6450d879,219
2efbc294-1ce4-4148-a403-93fe6450d879,220
2efbc294-1ce4-4148-a403-93fe6450d879,8
2efbc294-1ce4-4148-a403-93fe6450d879,102
bc7a60f7-45a0-401f-813f-6b4aa700c849,83
bc7a60f7-45a0-401f-813f-6b4aa700c849,84
bc7a60f7-45a0-401f-813f-6b4aa700c849,85
bc7a60f7-45a0-401f-813f-6b4aa700c849,86
bc7a60f7-45a0-401f-813f-6b4aa700c849,87
bc7a60f7-45a0-401f-813f-6b4aa700c849,88
bc7a60f7-45a0-401f-813f-6b4aa700c849,89
bc7a60f7-45a0-401f-813f-6b4aa700c849,90
bc7a60f7-45a0-401f-813f-6b4aa700c849,91
bc7a60f7-45a0-401f-813f-6b4aa700c849,92
bc7a60f7-45a0-401f-813f-6b4aa700c849,84
bc7a60f7-45a0-401f-813f-6b4aa700c849,93
bc7a60f7-45a0-401f-813f-6b4aa700c849,94
bc7a60f7-45a0-401f-813f-6b4aa700c849,97
bc7a60f7-45a0-401f-813f-6b4aa700c849,98
bc7a60f7-45a0-401f-813f-6b4aa700c849,11
bc7a60f7-45a0-401f-813f-6b4aa700c849,99
bc7a60f7-45a0-401f-813f-6b4aa700c849,44
bc7a60f7-45a0-401f-813f-6b4aa700c849,100
4e33d926-364b-47b8-97d7-409c16b62db9,221
4e33d926-364b-47b8-97d7-409c16b62db9,222
4e33d926-364b-47b8-97d7-409c16b62db9,8
4e33d926-364b-47b8-97d7-409c16b62db9,222
4e33d926-364b-47b8-97d7-409c16b62db9,223
4e33d926-364b-47b8-97d7-409c16b62db9,94
4e33d926-364b-47b8-97d7-409c16b62db9,8
4e33d926-364b-47b8-97d7-409c16b62db9,224
4e33d926-364b-47b8-97d7-409c16b62db9,225
4e33d926-364b-47b8-97d7-409c16b62db9,226
4e33d926-364b-47b8-97d7-409c16b62db9,202
4e33d926-364b-47b8-97d7-409c16b62db9,227
4e33d926-364b-47b8-97d7-409c16b62db9,228
4e33d926-364b-47b8-97d7-409c16b62db9,229
4e33d926-364b-47b8-97d7-409c16b62db9,230
44c88dce-966d-46f3-88a8-2014e39197b9,139
44c88dce-966d-46f3-88a8-2014e39197b9,115
44c88dce-966d-46f3-88a8-2014e39197b9,231
44c88dce-966d-46f3-88a8-2014e39197b9,232
44c88dce-966d-46f3-88a8-2014e39197b9,8
44c88dce-966d-46f3-88a8-2014e39197b9,233
44c88dce-966d-46f3-88a8-2014e39197b9,143
44c88dce-966d-46f3-88a8-2014e39197b9,38
44c88dce-966d-46f3-88a8-2014e39197b9,234
44c88dce-966d-46f3-88a8-2014e39197b9,57
44c88dce-966d-46f3-88a8-2014e39197b9,61
44c88dce-966d-46f3-88a8-2014e39197b9,147
44c88dce-966d-46f3-88a8-2014e39197b9,143
44c88dce-966d-46f3-88a8-2014e39197b9,126
44c88dce-966d-46f3-88a8-2014e39197b9,235
44c88dce-966d-46f3-88a8-2014e39197b9,236
10e4fc8e-556f-4104-b744-409caedc2276,187
10e4fc8e-556f-4104-b744-409caedc2276,213
10e4fc8e-556f-4104-b744-409caedc2276,237
10e4fc8e-556f-4104-b744-409caedc2276,8
10e4fc8e-556f-4104-b744-409caedc2276,88
10e4fc8e-556f-4104-b744-409caedc2276,8
10e4fc8e-556f-4104-b744-409caedc2276,238
2a9c0934-98ca-4101-b829-b88d77f6487e,239
2a9c0934-98ca-4101-b829-b88d77f6487e,240
2a9c0934-98ca-4101-b829-b88d77f6487e,241
2a9c0934-98ca-4101-b829-b88d77f6487e,242
2a9c0934-98ca-4101-b829-b88d77f6487e,243
2a9c0934-98ca-4101-b829-b88d77f6487e,242
2a9c0934-98ca-4101-b829-b88d77f6487e,244
2a9c0934-98ca-4101-b829-b88d77f6487e,242
2a9c0934-98ca-4101-b829-b88d77f6487e,240
2a9c0934-98ca-4101-b829-b88d77f6487e,245
f11b0cc1-ad9f-4b12-b805-65b70e5bcd65,63
f11b0cc1-ad9f-4b12-b805-65b70e5bcd65,246
f11b0cc1-ad9f-4b12-b805-65b70e5bcd65,247
f11b0cc1-ad9f-4b12-b805-65b70e5bcd65,174
f11b0cc1-ad9f-4b12-b805-65b70e5bcd65,214
f11b0cc1-ad9f-4b12-b805-65b70e5bcd65,248
f11b0cc1-ad9f-4b12-b805-65b70e5bcd65,249
f11b0cc1-ad9f-4b12-b805-65b70e5bcd65,250
f11b0cc1-ad9f-4b12-b805-65b70e5bcd65,77
f11b0cc1-ad9f-4b12-b805-65b70e5bcd65,70
f11b0cc1-ad9f-4b12-b805-65b70e5bcd65,63
f11b0cc1-ad9f-4b12-b805-65b70e5bcd65,63
f11b0cc1-ad9f-4b12-b805-65b70e5bcd65,251
f11b0cc1-ad9f-4b12-b805-65b70e5bcd65,252
f11b0cc1-ad9f-4b12-b805-65b70e5bcd65,253
f11b0cc1-ad9f-4b12-b805-65b70e5bcd65,50
1b45e3f5-b8cd-4c0d-a444-2901304f76ee,254
1b45e3f5-b8cd-4c0d-a444-2901304f76ee,255
1b45e3f5-b8cd-4c0d-a444-2901304f76ee,126
1b45e3f5-b8cd-4c0d-a444-2901304f76ee,165
1b45e3f5-b8cd-4c0d-a444-2901304f76ee,102
1b45e3f5-b8cd-4c0d-a444-2901304f76ee,21
1b45e3f5-b8cd-4c0d-a444-2901304f76ee,165
1b45e3f5-b8cd-4c0d-a444-2901304f76ee,102
1b45e3f5-b8cd-4c0d-a444-2901304f76ee,63
1b45e3f5-b8cd-4c0d-a444-2901304f76ee,256
1b45e3f5-b8cd-4c0d-a444-2901304f76ee,144
1b45e3f5-b8cd-4c0d-a444-2901304f76ee,257
1b45e3f5-b8cd-4c0d-a444-2901304f76ee,258
1b45e3f5-b8cd-4c0d-a444-2901304f76ee,259
1b45e3f5-b8cd-4c0d-a444-2901304f76ee,260
1b45e3f5-b8cd-4c0d-a444-2901304f76ee,204
1b45e3f5-b8cd-4c0d-a444-2901304f76ee,21
1b45e3f5-b8cd-4c0d-a444-2901304f76ee,261
1b45e3f5-b8cd-4c0d-a444-2901304f76ee,262
1b45e3f5-b8cd-4c0d-a444-2901304f76ee,263
1b45e3f5-b8cd-4c0d-a444-2901304f76ee,87
1b45e3f5-b8cd-4c0d-a444-2901304f76ee,83
1b45e3f5-b8cd-4c0d-a444-2901304f76ee,129
1b45e3f5-b8cd-4c0d-a444-2901304f76ee,83
1b45e3f5-b8cd-4c0d-a444-2901304f76ee,204
1b45e3f5-b8cd-4c0d-a444-2901304f76ee,264
1b45e3f5-b8cd-4c0d-a444-2901304f76ee,83
1b45e3f5-b8cd-4c0d-a444-2901304f76ee,265
1b45e3f5-b8cd-4c0d-a444-2901304f76ee,102
1b45e3f5-b8cd-4c0d-a444-2901304f76ee,33
1b45e3f5-b8cd-4c0d-a444-2901304f76ee,26
1b45e3f5-b8cd-4c0d-a444-2901304f76ee,127
1b45e3f5-b8cd-4c0d-a444-2901304f76ee,266
1b45e3f5-b8cd-4c0d-a444-2901304f76ee,144
1b45e3f5-b8cd-4c0d-a444-2901304f76ee,132
a420ffb3-2ca6-4925-a25f-baaa5228fc15,267
a420ffb3-2ca6-4925-a25f-baaa5228fc15,268
a420ffb3-2ca6-4925-a25f-baaa5228fc15,269
a420ffb3-2ca6-4925-a25f-baaa5228fc15,268
a420ffb3-2ca6-4925-a25f-baaa5228fc15,242
a420ffb3-2ca6-4925-a25f-baaa5228fc15,270
a420ffb3-2ca6-4925-a25f-baaa5228fc15,271
a420ffb3-2ca6-4925-a25f-baaa5228fc15,169
a420ffb3-2ca6-4925-a25f-baaa5228fc15,170
a420ffb3-2ca6-4925-a25f-baaa5228fc15,171
a420ffb3-2ca6-4925-a25f-baaa5228fc15,143
a420ffb3-2ca6-4925-a25f-baaa5228fc15,55
1e0534b4-fe3e-4c5e-ad6d-5f1c7df6a14e,138
1e0534b4-fe3e-4c5e-ad6d-5f1c7df6a14e,257
1e0534b4-fe3e-4c5e-ad6d-5f1c7df6a14e,272
1e0534b4-fe3e-4c5e-ad6d-5f1c7df6a14e,199
1e0534b4-fe3e-4c5e-ad6d-5f1c7df6a14e,273
1e0534b4-fe3e-4c5e-ad6d-5f1c7df6a14e,26
1e0534b4-fe3e-4c5e-ad6d-5f1c7df6a14e,208
1e0534b4-fe3e-4c5e-ad6d-5f1c7df6a14e,26
1e0534b4-fe3e-4c5e-ad6d-5f1c7df6a14e,38
1e0534b4-fe3e-4c5e-ad6d-5f1c7df6a14e,274
1e0534b4-fe3e-4c5e-ad6d-5f1c7df6a14e,275
1e0534b4-fe3e-4c5e-ad6d-5f1c7df6a14e,132
1e0534b4-fe3e-4c5e-ad6d-5f1c7df6a14e,37
1e0534b4-fe3e-4c5e-ad6d-5f1c7df6a14e,38
1e0534b4-fe3e-4c5e-ad6d-5f1c7df6a14e,276
1e0534b4-fe3e-4c5e-ad6d-5f1c7df6a14e,123
1e0534b4-fe3e-4c5e-ad6d-5f1c7df6a14e,62
1e0534b4-fe3e-4c5e-ad6d-5f1c7df6a14e,201
1e0534b4-fe3e-4c5e-ad6d-5f1c7df6a14e,38
1e0534b4-fe3e-4c5e-ad6d-5f1c7df6a14e,277
1e0534b4-fe3e-4c5e-ad6d-5f1c7df6a14e,161
1e0534b4-fe3e-4c5e-ad6d-5f1c7df6a14e,278
1e0534b4-fe3e-4c5e-ad6d-5f1c7df6a14e,26
1e0534b4-fe3e-4c5e-ad6d-5f1c7df6a14e,279
1e0534b4-fe3e-4c5e-ad6d-5f1c7df6a14e,280
443362d7-b255-460d-a559-0fa80a8d9fbc,281
443362d7-b255-460d-a559-0fa80a8d9fbc,129
443362d7-b255-460d-a559-0fa80a8d9fbc,8
443362d7-b255-460d-a559-0fa80a8d9fbc,282
443362d7-b255-460d-a559-0fa80a8d9fbc,283
443362d7-b255-460d-a559-0fa80a8d9fbc,126
443362d7-b255-460d-a559-0fa80a8d9fbc,83
443362d7-b255-460d-a559-0fa80a8d9fbc,284
443362d7-b255-460d-a559-0fa80a8d9fbc,45
443362d7-b255-460d-a559-0fa80a8d9fbc,50
443362d7-b255-460d-a559-0fa80a8d9fbc,182
443362d7-b255-460d-a559-0fa80a8d9fbc,126
443362d7-b255-460d-a559-0fa80a8d9fbc,183
443362d7-b255-460d-a559-0fa80a8d9fbc,285
443362d7-b255-460d-a559-0fa80a8d9fbc,115
443362d7-b255-460d-a559-0fa80a8d9fbc,45
443362d7-b255-460d-a559-0fa80a8d9fbc,286
443362d7-b255-460d-a559-0fa80a8d9fbc,287
443362d7-b255-460d-a559-0fa80a8d9fbc,83
443362d7-b255-460d-a559-0fa80a8d9fbc,288
443362d7-b255-460d-a559-0fa80a8d9fbc,289
443362d7-b255-460d-a559-0fa80a8d9fbc,126
443362d7-b255-460d-a559-0fa80a8d9fbc,290
443362d7-b255-460d-a559-0fa80a8d9fbc,291
443362d7-b255-460d-a559-0fa80a8d9fbc,30
443362d7-b255-460d-a559-0fa80a8d9fbc,184
443362d7-b255-460d-a559-0fa80a8d9fbc,126
7dd48cfe-3069-4563-bef4-ef661c18387a,242
7dd48cfe-3069-4563-bef4-ef661c18387a,268
7dd48cfe-3069-4563-bef4-ef661c18387a,242
7dd48cfe-3069-4563-bef4-ef661c18387a,104
7dd48cfe-3069-4563-bef4-ef661c18387a,292
7dd48cfe-3069-4563-bef4-ef661c18387a,38
7dd48cfe-3069-4563-bef4-ef661c18387a,293
7dd48cfe-3069-4563-bef4-ef661c18387a,294
22ec9269-2fff-4dbf-a9c7-5037559a15ee,55
22ec9269-2fff-4dbf-a9c7-5037559a15ee,240
22ec9269-2fff-4dbf-a9c7-5037559a15ee,241
22ec9269-2fff-4dbf-a9c7-5037559a15ee,49
22ec9269-2fff-4dbf-a9c7-5037559a15ee,149
22ec9269-2fff-4dbf-a9c7-5037559a15ee,38
22ec9269-2fff-4dbf-a9c7-5037559a15ee,295
22ec9269-2fff-4dbf-a9c7-5037559a15ee,38
22ec9269-2fff-4dbf-a9c7-5037559a15ee,199
22ec9269-2fff-4dbf-a9c7-5037559a15ee,273
22ec9269-2fff-4dbf-a9c7-5037559a15ee,26
22ec9269-2fff-4dbf-a9c7-5037559a15ee,296
22ec9269-2fff-4dbf-a9c7-5037559a15ee,297
22ec9269-2fff-4dbf-a9c7-5037559a15ee,129
22ec9269-2fff-4dbf-a9c7-5037559a15ee,129
22ec9269-2fff-4dbf-a9c7-5037559a15ee,298
22ec9269-2fff-4dbf-a9c7-5037559a15ee,299
22ec9269-2fff-4dbf-a9c7-5037559a15ee,38
22ec9269-2fff-4dbf-a9c7-5037559a15ee,62
22ec9269-2fff-4dbf-a9c7-5037559a15ee,50
22ec9269-2fff-4dbf-a9c7-5037559a15ee,262
22ec9269-2fff-4dbf-a9c7-5037559a15ee,300
22ec9269-2fff-4dbf-a9c7-5037559a15ee,38
22ec9269-2fff-4dbf-a9c7-5037559a15ee,149
5c54c44a-9eaa-4a97-a78a-e853dc73e9d9,38
5c54c44a-9eaa-4a97-a78a-e853dc73e9d9,13
5c54c44a-9eaa-4a97-a78a-e853dc73e9d9,301
5c54c44a-9eaa-4a97-a78a-e853dc73e9d9,243
5c54c44a-9eaa-4a97-a78a-e853dc73e9d9,301
5c54c44a-9eaa-4a97-a78a-e853dc73e9d9,268
5c54c44a-9eaa-4a97-a78a-e853dc73e9d9,242
54728da8-274d-40e6-b119-23318d995721,134
54728da8-274d-40e6-b119-23318d995721,302
54728da8-274d-40e6-b119-23318d995721,303
54728da8-274d-40e6-b119-23318d995721,222
54728da8-274d-40e6-b119-23318d995721,222
54728da8-274d-40e6-b119-23318d995721,122
54728da8-274d-40e6-b119-23318d995721,304
54728da8-274d-40e6-b119-23318d995721,82
54728da8-274d-40e6-b119-23318d995721,222
54728da8-274d-40e6-b119-23318d995721,11
54728da8-274d-40e6-b119-23318d995721,122
54728da8-274d-40e6-b119-23318d995721,304
54728da8-274d-40e6-b119-23318d995721,305
54728da8-274d-40e6-b119-23318d995721,43
54728da8-274d-40e6-b119-23318d995721,305
54728da8-274d-40e6-b119-23318d995721,306
54728da8-274d-40e6-b119-23318d995721,10
54728da8-274d-40e6-b119-23318d995721,304
54728da8-274d-40e6-b119-23318d995721,307
54728da8-274d-40e6-b119-23318d995721,308
e9d14210-bc71-4824-b7cf-fd1448d022ab,50
e9d14210-bc71-4824-b7cf-fd1448d022ab,182
e9d14210-bc71-4824-b7cf-fd1448d022ab,126
e9d14210-bc71-4824-b7cf-fd1448d022ab,183
e9d14210-bc71-4824-b7cf-fd1448d022ab,85
e9d14210-bc71-4824-b7cf-fd1448d022ab,38
e9d14210-bc71-4824-b7cf-fd1448d022ab,84
e9d14210-bc71-4824-b7cf-fd1448d022ab,35
e9d14210-bc71-4824-b7cf-fd1448d022ab,126
e9d14210-bc71-4824-b7cf-fd1448d022ab,9
e9d14210-bc71-4824-b7cf-fd1448d022ab,126
e9d14210-bc71-4824-b7cf-fd1448d022ab,309
e9d14210-bc71-4824-b7cf-fd1448d022ab,87
e9d14210-bc71-4824-b7cf-fd1448d022ab,273
e9d14210-bc71-4824-b7cf-fd1448d022ab,26
e9d14210-bc71-4824-b7cf-fd1448d022ab,26
e9d14210-bc71-4824-b7cf-fd1448d022ab,38
e9d14210-bc71-4824-b7cf-fd1448d022ab,8
e9d14210-bc71-4824-b7cf-fd1448d022ab,310
e9d14210-bc71-4824-b7cf-fd1448d022ab,311
e9d14210-bc71-4824-b7cf-fd1448d022ab,77
a4c1604d-b01f-46ef-baf3-74d2a8046d6b,312
a4c1604d-b01f-46ef-baf3-74d2a8046d6b,312
a4c1604d-b01f-46ef-baf3-74d2a8046d6b,36
a4c1604d-b01f-46ef-baf3-74d2a8046d6b,26
a4c1604d-b01f-46ef-baf3-74d2a8046d6b,38
a4c1604d-b01f-46ef-baf3-74d2a8046d6b,33
a4c1604d-b01f-46ef-baf3-74d2a8046d6b,49
a4c1604d-b01f-46ef-baf3-74d2a8046d6b,26
a4c1604d-b01f-46ef-baf3-74d2a8046d6b,148
a4c1604d-b01f-46ef-baf3-74d2a8046d6b,38
a4c1604d-b01f-46ef-baf3-74d2a8046d6b,37
a4c1604d-b01f-46ef-baf3-74d2a8046d6b,38
a4c1604d-b01f-46ef-baf3-74d2a8046d6b,312
a4c1604d-b01f-46ef-baf3-74d2a8046d6b,164
a4c1604d-b01f-46ef-baf3-74d2a8046d6b,43
a4c1604d-b01f-46ef-baf3-74d2a8046d6b,101
a4c1604d-b01f-46ef-baf3-74d2a8046d6b,38
a4c1604d-b01f-46ef-baf3-74d2a8046d6b,85
a4c1604d-b01f-46ef-baf3-74d2a8046d6b,70
a4c1604d-b01f-46ef-baf3-74d2a8046d6b,38
a4c1604d-b01f-46ef-baf3-74d2a8046d6b,295
a4c1604d-b01f-46ef-baf3-74d2a8046d6b,38
a4c1604d-b01f-46ef-baf3-74d2a8046d6b,201
a4c1604d-b01f-46ef-baf3-74d2a8046d6b,38
a4c1604d-b01f-46ef-baf3-74d2a8046d6b,43
a4c1604d-b01f-46ef-baf3-74d2a8046d6b,295
a4c1604d-b01f-46ef-baf3-74d2a8046d6b,86
a4c1604d-b01f-46ef-baf3-74d2a8046d6b,70
a4c1604d-b01f-46ef-baf3-74d2a8046d6b,313
a4c1604d-b01f-46ef-baf3-74d2a8046d6b,249
a4c1604d-b01f-46ef-baf3-74d2a8046d6b,38
a4c1604d-b01f-46ef-baf3-74d2a8046d6b,186
a4c1604d-b01f-46ef-baf3-74d2a8046d6b,38
a4c1604d-b01f-46ef-baf3-74d2a8046d6b,314
a4c1604d-b01f-46ef-baf3-74d2a8046d6b,315
3d49de50-0620-46fe-ae15-53b12dfb8649,316
3d49de50-0620-46fe-ae15-53b12dfb8649,317
3d49de50-0620-46fe-ae15-53b12dfb8649,290
3d49de50-0620-46fe-ae15-53b12dfb8649,291
3d49de50-0620-46fe-ae15-53b12dfb8649,318
3d49de50-0620-46fe-ae15-53b12dfb8649,319
3d49de50-0620-46fe-ae15-53b12dfb8649,50
e0edf6ca-5a14-41d8-81cc-77fd67f03ee5,320
e0edf6ca-5a14-41d8-81cc-77fd67f03ee5,4
e0edf6ca-5a14-41d8-81cc-77fd67f03ee5,35
e0edf6ca-5a14-41d8-81cc-77fd67f03ee5,36
e6f70fb0-caf1-4736-b583-b0777bc1390f,51
e6f70fb0-caf1-4736-b583-b0777bc1390f,321
e6f70fb0-caf1-4736-b583-b0777bc1390f,322
e6f70fb0-caf1-4736-b583-b0777bc1390f,323
e6f70fb0-caf1-4736-b583-b0777bc1390f,324
e6f70fb0-caf1-4736-b583-b0777bc1390f,29
e6f70fb0-caf1-4736-b583-b0777bc1390f,325
e6f70fb0-caf1-4736-b583-b0777bc1390f,13
5041f387-908f-4845-9f79-3a6dbd527f4b,183
5041f387-908f-4845-9f79-3a6dbd527f4b,85
5041f387-908f-4845-9f79-3a6dbd527f4b,102
5041f387-908f-4845-9f79-3a6dbd527f4b,103
5041f387-908f-4845-9f79-3a6dbd527f4b,326
5041f387-908f-4845-9f79-3a6dbd527f4b,38
5041f387-908f-4845-9f79-3a6dbd527f4b,261
5041f387-908f-4845-9f79-3a6dbd527f4b,94
5041f387-908f-4845-9f79-3a6dbd527f4b,8
5041f387-908f-4845-9f79-3a6dbd527f4b,87
5041f387-908f-4845-9f79-3a6dbd527f4b,8
5041f387-908f-4845-9f79-3a6dbd527f4b,327
5041f387-908f-4845-9f79-3a6dbd527f4b,28
5041f387-908f-4845-9f79-3a6dbd527f4b,328
5041f387-908f-4845-9f79-3a6dbd527f4b,319
5041f387-908f-4845-9f79-3a6dbd527f4b,35
a22e85da-82e3-410d-8ef1-31407362ba19,329
a22e85da-82e3-410d-8ef1-31407362ba19,330
a22e85da-82e3-410d-8ef1-31407362ba19,11
a22e85da-82e3-410d-8ef1-31407362ba19,11
a22e85da-82e3-410d-8ef1-31407362ba19,122
a22e85da-82e3-410d-8ef1-31407362ba19,303
a22e85da-82e3-410d-8ef1-31407362ba19,11
a22e85da-82e3-410d-8ef1-31407362ba19,8
a22e85da-82e3-410d-8ef1-31407362ba19,2
a22e85da-82e3-410d-8ef1-31407362ba19,331
a22e85da-82e3-410d-8ef1-31407362ba19,332
a22e85da-82e3-410d-8ef1-31407362ba19,2
a22e85da-82e3-410d-8ef1-31407362ba19,332
a22e85da-82e3-410d-8ef1-31407362ba19,122
6ec63914-1f4e-4708-8830-1b054c2ee03a,183
6ec63914-1f4e-4708-8830-1b054c2ee03a,84
6ec63914-1f4e-4708-8830-1b054c2ee03a,333
6ec63914-1f4e-4708-8830-1b054c2ee03a,334
6ec63914-1f4e-4708-8830-1b054c2ee03a,213
6ec63914-1f4e-4708-8830-1b054c2ee03a,305
6ec63914-1f4e-4708-8830-1b054c2ee03a,98
6ec63914-1f4e-4708-8830-1b054c2ee03a,11
6ec63914-1f4e-4708-8830-1b054c2ee03a,219
6ec63914-1f4e-4708-8830-1b054c2ee03a,220
6ec63914-1f4e-4708-8830-1b054c2ee03a,99
6ec63914-1f4e-4708-8830-1b054c2ee03a,8
6ec63914-1f4e-4708-8830-1b054c2ee03a,335
6ec63914-1f4e-4708-8830-1b054c2ee03a,5
6ec63914-1f4e-4708-8830-1b054c2ee03a,335
6ec63914-1f4e-4708-8830-1b054c2ee03a,93
6ec63914-1f4e-4708-8830-1b054c2ee03a,228
6ec63914-1f4e-4708-8830-1b054c2ee03a,222
d37cba38-dff2-4c27-a515-226cfadfd849,56
d37cba38-dff2-4c27-a515-226cfadfd849,182
d37cba38-dff2-4c27-a515-226cfadfd849,38
d37cba38-dff2-4c27-a515-226cfadfd849,70
d37cba38-dff2-4c27-a515-226cfadfd849,8
d37cba38-dff2-4c27-a515-226cfadfd849,233
d37cba38-dff2-4c27-a515-226cfadfd849,239
d37cba38-dff2-4c27-a515-226cfadfd849,26
d37cba38-dff2-4c27-a515-226cfadfd849,295
d37cba38-dff2-4c27-a515-226cfadfd849,38
d37cba38-dff2-4c27-a515-226cfadfd849,199
d37cba38-dff2-4c27-a515-226cfadfd849,273
d37cba38-dff2-4c27-a515-226cfadfd849,26
d37cba38-dff2-4c27-a515-226cfadfd849,26
d37cba38-dff2-4c27-a515-226cfadfd849,38
d37cba38-dff2-4c27-a515-226cfadfd849,274
d37cba38-dff2-4c27-a515-226cfadfd849,275
d37cba38-dff2-4c27-a515-226cfadfd849,336
d37cba38-dff2-4c27-a515-226cfadfd849,148
d37cba38-dff2-4c27-a515-226cfadfd849,38
d37cba38-dff2-4c27-a515-226cfadfd849,337
d37cba38-dff2-4c27-a515-226cfadfd849,26
d37cba38-dff2-4c27-a515-226cfadfd849,38
d37cba38-dff2-4c27-a515-226cfadfd849,338
d37cba38-dff2-4c27-a515-226cfadfd849,38
d37cba38-dff2-4c27-a515-226cfadfd849,337
d37cba38-dff2-4c27-a515-226cfadfd849,208
d37cba38-dff2-4c27-a515-226cfadfd849,38
d37cba38-dff2-4c27-a515-226cfadfd849,337
d37cba38-dff2-4c27-a515-226cfadfd849,301
d37cba38-dff2-4c27-a515-226cfadfd849,38
d37cba38-dff2-4c27-a515-226cfadfd849,319
d37cba38-dff2-4c27-a515-226cfadfd849,38
d37cba38-dff2-4c27-a515-226cfadfd849,115
d37cba38-dff2-4c27-a515-226cfadfd849,38
d37cba38-dff2-4c27-a515-226cfadfd849,266
d37cba38-dff2-4c27-a515-226cfadfd849,70
d37cba38-dff2-4c27-a515-226cfadfd849,71
d37cba38-dff2-4c27-a515-226cfadfd849,38
25a5a0d6-404b-419c-9502-b246525617a2,139
25a5a0d6-404b-419c-9502-b246525617a2,38
25a5a0d6-404b-419c-9502-b246525617a2,38
25a5a0d6-404b-419c-9502-b246525617a2,85
25a5a0d6-404b-419c-9502-b246525617a2,38
25a5a0d6-404b-419c-9502-b246525617a2,339
25a5a0d6-404b-419c-9502-b246525617a2,38
25a5a0d6-404b-419c-9502-b246525617a2,70
25a5a0d6-404b-419c-9502-b246525617a2,295
25a5a0d6-404b-419c-9502-b246525617a2,38
25a5a0d6-404b-419c-9502-b246525617a2,78
25a5a0d6-404b-419c-9502-b246525617a2,26
25a5a0d6-404b-419c-9502-b246525617a2,38
25a5a0d6-404b-419c-9502-b246525617a2,340
25a5a0d6-404b-419c-9502-b246525617a2,123
25a5a0d6-404b-419c-9502-b246525617a2,62
25a5a0d6-404b-419c-9502-b246525617a2,86
25a5a0d6-404b-419c-9502-b246525617a2,87
25a5a0d6-404b-419c-9502-b246525617a2,326
25a5a0d6-404b-419c-9502-b246525617a2,38
25a5a0d6-404b-419c-9502-b246525617a2,238
25a5a0d6-404b-419c-9502-b246525617a2,182
25a5a0d6-404b-419c-9502-b246525617a2,341
5e271e6a-7a91-47bd-9f12-3b73f4e0d7ac,16
5e271e6a-7a91-47bd-9f12-3b73f4e0d7ac,65
5e271e6a-7a91-47bd-9f12-3b73f4e0d7ac,342
5e271e6a-7a91-47bd-9f12-3b73f4e0d7ac,343
5e271e6a-7a91-47bd-9f12-3b73f4e0d7ac,115
5e271e6a-7a91-47bd-9f12-3b73f4e0d7ac,344
5e271e6a-7a91-47bd-9f12-3b73f4e0d7ac,159
5e271e6a-7a91-47bd-9f12-3b73f4e0d7ac,153
5e271e6a-7a91-47bd-9f12-3b73f4e0d7ac,16
0537edb0-1a18-425e-8a82-c92b2882a597,345
0537edb0-1a18-425e-8a82-c92b2882a597,346
0537edb0-1a18-425e-8a82-c92b2882a597,347
805cae2a-3462-4130-88de-cc7d94aec0a5,348
805cae2a-3462-4130-88de-cc7d94aec0a5,139
805cae2a-3462-4130-88de-cc7d94aec0a5,38
805cae2a-3462-4130-88de-cc7d94aec0a5,231
805cae2a-3462-4130-88de-cc7d94aec0a5,349
805cae2a-3462-4130-88de-cc7d94aec0a5,38
805cae2a-3462-4130-88de-cc7d94aec0a5,70
805cae2a-3462-4130-88de-cc7d94aec0a5,8
805cae2a-3462-4130-88de-cc7d94aec0a5,286
805cae2a-3462-4130-88de-cc7d94aec0a5,8
805cae2a-3462-4130-88de-cc7d94aec0a5,233
805cae2a-3462-4130-88de-cc7d94aec0a5,272
805cae2a-3462-4130-88de-cc7d94aec0a5,239
805cae2a-3462-4130-88de-cc7d94aec0a5,26
805cae2a-3462-4130-88de-cc7d94aec0a5,295
805cae2a-3462-4130-88de-cc7d94aec0a5,38
805cae2a-3462-4130-88de-cc7d94aec0a5,78
805cae2a-3462-4130-88de-cc7d94aec0a5,199
805cae2a-3462-4130-88de-cc7d94aec0a5,273
805cae2a-3462-4130-88de-cc7d94aec0a5,26
805cae2a-3462-4130-88de-cc7d94aec0a5,208
805cae2a-3462-4130-88de-cc7d94aec0a5,350
805cae2a-3462-4130-88de-cc7d94aec0a5,351
805cae2a-3462-4130-88de-cc7d94aec0a5,26
805cae2a-3462-4130-88de-cc7d94aec0a5,38
805cae2a-3462-4130-88de-cc7d94aec0a5,352
805cae2a-3462-4130-88de-cc7d94aec0a5,340
805cae2a-3462-4130-88de-cc7d94aec0a5,123
805cae2a-3462-4130-88de-cc7d94aec0a5,353
805cae2a-3462-4130-88de-cc7d94aec0a5,351
805cae2a-3462-4130-88de-cc7d94aec0a5,86
805cae2a-3462-4130-88de-cc7d94aec0a5,87
805cae2a-3462-4130-88de-cc7d94aec0a5,277
805cae2a-3462-4130-88de-cc7d94aec0a5,161
805cae2a-3462-4130-88de-cc7d94aec0a5,278
805cae2a-3462-4130-88de-cc7d94aec0a5,26
805cae2a-3462-4130-88de-cc7d94aec0a5,279
805cae2a-3462-4130-88de-cc7d94aec0a5,199
805cae2a-3462-4130-88de-cc7d94aec0a5,56
805cae2a-3462-4130-88de-cc7d94aec0a5,354
805cae2a-3462-4130-88de-cc7d94aec0a5,182
1b3cff7f-1549-4998-b52e-0ba9093e1d01,33
1b3cff7f-1549-4998-b52e-0ba9093e1d01,49
1b3cff7f-1549-4998-b52e-0ba9093e1d01,26
1b3cff7f-1549-4998-b52e-0ba9093e1d01,26
1b3cff7f-1549-4998-b52e-0ba9093e1d01,38
1b3cff7f-1549-4998-b52e-0ba9093e1d01,355
1b3cff7f-1549-4998-b52e-0ba9093e1d01,126
1b3cff7f-1549-4998-b52e-0ba9093e1d01,356
1b3cff7f-1549-4998-b52e-0ba9093e1d01,357
1b3cff7f-1549-4998-b52e-0ba9093e1d01,358
1b3cff7f-1549-4998-b52e-0ba9093e1d01,359
1b3cff7f-1549-4998-b52e-0ba9093e1d01,204
1b3cff7f-1549-4998-b52e-0ba9093e1d01,360
1b3cff7f-1549-4998-b52e-0ba9093e1d01,361
1b3cff7f-1549-4998-b52e-0ba9093e1d01,257
4398dfd4-2627-4dbb-9ef1-de133b87f57f,199
4398dfd4-2627-4dbb-9ef1-de133b87f57f,362
4398dfd4-2627-4dbb-9ef1-de133b87f57f,26
4398dfd4-2627-4dbb-9ef1-de133b87f57f,363
4398dfd4-2627-4dbb-9ef1-de133b87f57f,43
4398dfd4-2627-4dbb-9ef1-de133b87f57f,101
4398dfd4-2627-4dbb-9ef1-de133b87f57f,240
4398dfd4-2627-4dbb-9ef1-de133b87f57f,241
4398dfd4-2627-4dbb-9ef1-de133b87f57f,17
4398dfd4-2627-4dbb-9ef1-de133b87f57f,22
4398dfd4-2627-4dbb-9ef1-de133b87f57f,312
4398dfd4-2627-4dbb-9ef1-de133b87f57f,364
4398dfd4-2627-4dbb-9ef1-de133b87f57f,43
4398dfd4-2627-4dbb-9ef1-de133b87f57f,295
4398dfd4-2627-4dbb-9ef1-de133b87f57f,38
4398dfd4-2627-4dbb-9ef1-de133b87f57f,365
4398dfd4-2627-4dbb-9ef1-de133b87f57f,111
4398dfd4-2627-4dbb-9ef1-de133b87f57f,362
4398dfd4-2627-4dbb-9ef1-de133b87f57f,161
5c50bbc9-ed3d-417f-ba4d-e484eaf536b3,30
5c50bbc9-ed3d-417f-ba4d-e484eaf536b3,120
5c50bbc9-ed3d-417f-ba4d-e484eaf536b3,366
5c50bbc9-ed3d-417f-ba4d-e484eaf536b3,21
5c50bbc9-ed3d-417f-ba4d-e484eaf536b3,344
5c50bbc9-ed3d-417f-ba4d-e484eaf536b3,159
5c50bbc9-ed3d-417f-ba4d-e484eaf536b3,367
5c50bbc9-ed3d-417f-ba4d-e484eaf536b3,368
5c50bbc9-ed3d-417f-ba4d-e484eaf536b3,104
5c50bbc9-ed3d-417f-ba4d-e484eaf536b3,92
5c50bbc9-ed3d-417f-ba4d-e484eaf536b3,369
5f52759c-418a-41b7-bbdb-050492677284,51
5f52759c-418a-41b7-bbdb-050492677284,370
5f52759c-418a-41b7-bbdb-050492677284,36
5f52759c-418a-41b7-bbdb-050492677284,225
5f52759c-418a-41b7-bbdb-050492677284,29
5f52759c-418a-41b7-bbdb-050492677284,371
70f3c85a-9cd2-40b4-bed9-5e2a75609421,2
70f3c85a-9cd2-40b4-bed9-5e2a75609421,372
70f3c85a-9cd2-40b4-bed9-5e2a75609421,126
70f3c85a-9cd2-40b4-bed9-5e2a75609421,105
70f3c85a-9cd2-40b4-bed9-5e2a75609421,373
70f3c85a-9cd2-40b4-bed9-5e2a75609421,105
70f3c85a-9cd2-40b4-bed9-5e2a75609421,238
70f3c85a-9cd2-40b4-bed9-5e2a75609421,182
70f3c85a-9cd2-40b4-bed9-5e2a75609421,374
70f3c85a-9cd2-40b4-bed9-5e2a75609421,86
70f3c85a-9cd2-40b4-bed9-5e2a75609421,375
70f3c85a-9cd2-40b4-bed9-5e2a75609421,85
70f3c85a-9cd2-40b4-bed9-5e2a75609421,38
70f3c85a-9cd2-40b4-bed9-5e2a75609421,87
70f3c85a-9cd2-40b4-bed9-5e2a75609421,49
70f3c85a-9cd2-40b4-bed9-5e2a75609421,376
70f3c85a-9cd2-40b4-bed9-5e2a75609421,32
70f3c85a-9cd2-40b4-bed9-5e2a75609421,2
70f3c85a-9cd2-40b4-bed9-5e2a75609421,257
70f3c85a-9cd2-40b4-bed9-5e2a75609421,50
70f3c85a-9cd2-40b4-bed9-5e2a75609421,182
70f3c85a-9cd2-40b4-bed9-5e2a75609421,126
70f3c85a-9cd2-40b4-bed9-5e2a75609421,183
70f3c85a-9cd2-40b4-bed9-5e2a75609421,309
70f3c85a-9cd2-40b4-bed9-5e2a75609421,182
70f3c85a-9cd2-40b4-bed9-5e2a75609421,126
70f3c85a-9cd2-40b4-bed9-5e2a75609421,377
70f3c85a-9cd2-40b4-bed9-5e2a75609421,266
528393a3-e784-47a8-85be-c81d44c393bd,201
528393a3-e784-47a8-85be-c81d44c393bd,38
528393a3-e784-47a8-85be-c81d44c393bd,26
528393a3-e784-47a8-85be-c81d44c393bd,38
528393a3-e784-47a8-85be-c81d44c393bd,33
528393a3-e784-47a8-85be-c81d44c393bd,49
528393a3-e784-47a8-85be-c81d44c393bd,26
528393a3-e784-47a8-85be-c81d44c393bd,8
528393a3-e784-47a8-85be-c81d44c393bd,222
528393a3-e784-47a8-85be-c81d44c393bd,86
528393a3-e784-47a8-85be-c81d44c393bd,375
528393a3-e784-47a8-85be-c81d44c393bd,87
528393a3-e784-47a8-85be-c81d44c393bd,187
528393a3-e784-47a8-85be-c81d44c393bd,50
528393a3-e784-47a8-85be-c81d44c393bd,182
528393a3-e784-47a8-85be-c81d44c393bd,126
528393a3-e784-47a8-85be-c81d44c393bd,183
528393a3-e784-47a8-85be-c81d44c393bd,49
528393a3-e784-47a8-85be-c81d44c393bd,376
528393a3-e784-47a8-85be-c81d44c393bd,227
528393a3-e784-47a8-85be-c81d44c393bd,2
528393a3-e784-47a8-85be-c81d44c393bd,257
831421c0-027f-4a25-b795-ee2fce0c8d2a,83
831421c0-027f-4a25-b795-ee2fce0c8d2a,50
831421c0-027f-4a25-b795-ee2fce0c8d2a,126
831421c0-027f-4a25-b795-ee2fce0c8d2a,182
831421c0-027f-4a25-b795-ee2fce0c8d2a,29
831421c0-027f-4a25-b795-ee2fce0c8d2a,86
831421c0-027f-4a25-b795-ee2fce0c8d2a,87
831421c0-027f-4a25-b795-ee2fce0c8d2a,263
831421c0-027f-4a25-b795-ee2fce0c8d2a,87
831421c0-027f-4a25-b795-ee2fce0c8d2a,353
831421c0-027f-4a25-b795-ee2fce0c8d2a,83
831421c0-027f-4a25-b795-ee2fce0c8d2a,77
831421c0-027f-4a25-b795-ee2fce0c8d2a,273
831421c0-027f-4a25-b795-ee2fce0c8d2a,161
831421c0-027f-4a25-b795-ee2fce0c8d2a,199
3ef9211c-34b2-4061-ba59-c5800d6a5b32,187
3ef9211c-34b2-4061-ba59-c5800d6a5b32,8
3ef9211c-34b2-4061-ba59-c5800d6a5b32,208
3ef9211c-34b2-4061-ba59-c5800d6a5b32,328
3ef9211c-34b2-4061-ba59-c5800d6a5b32,72
3ef9211c-34b2-4061-ba59-c5800d6a5b32,2
3ef9211c-34b2-4061-ba59-c5800d6a5b32,102
3ef9211c-34b2-4061-ba59-c5800d6a5b32,2
3ef9211c-34b2-4061-ba59-c5800d6a5b32,85
3ef9211c-34b2-4061-ba59-c5800d6a5b32,50
3ef9211c-34b2-4061-ba59-c5800d6a5b32,182
3ef9211c-34b2-4061-ba59-c5800d6a5b32,126
42147e05-f94c-471d-a889-c57a01e4bdd0,378
42147e05-f94c-471d-a889-c57a01e4bdd0,203
42147e05-f94c-471d-a889-c57a01e4bdd0,204
42147e05-f94c-471d-a889-c57a01e4bdd0,115
42147e05-f94c-471d-a889-c57a01e4bdd0,58
42147e05-f94c-471d-a889-c57a01e4bdd0,59
42147e05-f94c-471d-a889-c57a01e4bdd0,165
42147e05-f94c-471d-a889-c57a01e4bdd0,102
42147e05-f94c-471d-a889-c57a01e4bdd0,165
42147e05-f94c-471d-a889-c57a01e4bdd0,102
42147e05-f94c-471d-a889-c57a01e4bdd0,63
42147e05-f94c-471d-a889-c57a01e4bdd0,139
42147e05-f94c-471d-a889-c57a01e4bdd0,115
42147e05-f94c-471d-a889-c57a01e4bdd0,143
42147e05-f94c-471d-a889-c57a01e4bdd0,38
42147e05-f94c-471d-a889-c57a01e4bdd0,33
42147e05-f94c-471d-a889-c57a01e4bdd0,379
42147e05-f94c-471d-a889-c57a01e4bdd0,33
42147e05-f94c-471d-a889-c57a01e4bdd0,380
42147e05-f94c-471d-a889-c57a01e4bdd0,381
42147e05-f94c-471d-a889-c57a01e4bdd0,29
42147e05-f94c-471d-a889-c57a01e4bdd0,183
42147e05-f94c-471d-a889-c57a01e4bdd0,50
42147e05-f94c-471d-a889-c57a01e4bdd0,182
42147e05-f94c-471d-a889-c57a01e4bdd0,126
42147e05-f94c-471d-a889-c57a01e4bdd0,382
42147e05-f94c-471d-a889-c57a01e4bdd0,59
42147e05-f94c-471d-a889-c57a01e4bdd0,383
42147e05-f94c-471d-a889-c57a01e4bdd0,384
42147e05-f94c-471d-a889-c57a01e4bdd0,143
42147e05-f94c-471d-a889-c57a01e4bdd0,385
62db65c9-470c-472f-b039-6c4a704ef170,30
73fc2a06-9951-4cb6-9263-2b72002c4340,35
73fc2a06-9951-4cb6-9263-2b72002c4340,386
73fc2a06-9951-4cb6-9263-2b72002c4340,35
73fc2a06-9951-4cb6-9263-2b72002c4340,44
73fc2a06-9951-4cb6-9263-2b72002c4340,35
73fc2a06-9951-4cb6-9263-2b72002c4340,36
73fc2a06-9951-4cb6-9263-2b72002c4340,5
73fc2a06-9951-4cb6-9263-2b72002c4340,387
73fc2a06-9951-4cb6-9263-2b72002c4340,388
73fc2a06-9951-4cb6-9263-2b72002c4340,386
73fc2a06-9951-4cb6-9263-2b72002c4340,314
b614ac6f-eefa-44a3-8b9a-092b88d86d37,83
b614ac6f-eefa-44a3-8b9a-092b88d86d37,115
b614ac6f-eefa-44a3-8b9a-092b88d86d37,389
b614ac6f-eefa-44a3-8b9a-092b88d86d37,123
b614ac6f-eefa-44a3-8b9a-092b88d86d37,93
b614ac6f-eefa-44a3-8b9a-092b88d86d37,390
b614ac6f-eefa-44a3-8b9a-092b88d86d37,391
b614ac6f-eefa-44a3-8b9a-092b88d86d37,184
b614ac6f-eefa-44a3-8b9a-092b88d86d37,126
b614ac6f-eefa-44a3-8b9a-092b88d86d37,392
b614ac6f-eefa-44a3-8b9a-092b88d86d37,115
b614ac6f-eefa-44a3-8b9a-092b88d86d37,35
b614ac6f-eefa-44a3-8b9a-092b88d86d37,126
e8e88610-5144-41da-95bf-597abf1d7869,15
e8e88610-5144-41da-95bf-597abf1d7869,393
e8e88610-5144-41da-95bf-597abf1d7869,49
e8e88610-5144-41da-95bf-597abf1d7869,394
e8e88610-5144-41da-95bf-597abf1d7869,17
e8e88610-5144-41da-95bf-597abf1d7869,22
e8e88610-5144-41da-95bf-597abf1d7869,395
06d038a4-f659-4c53-8a6d-58e295ab603f,8
06d038a4-f659-4c53-8a6d-58e295ab603f,396
06d038a4-f659-4c53-8a6d-58e295ab603f,397
06d038a4-f659-4c53-8a6d-58e295ab603f,398
06d038a4-f659-4c53-8a6d-58e295ab603f,399
06d038a4-f659-4c53-8a6d-58e295ab603f,400
06d038a4-f659-4c53-8a6d-58e295ab603f,401
06d038a4-f659-4c53-8a6d-58e295ab603f,402
06d038a4-f659-4c53-8a6d-58e295ab603f,50
06d038a4-f659-4c53-8a6d-58e295ab603f,182
06d038a4-f659-4c53-8a6d-58e295ab603f,126
06d038a4-f659-4c53-8a6d-58e295ab603f,85
06d038a4-f659-4c53-8a6d-58e295ab603f,86
06d038a4-f659-4c53-8a6d-58e295ab603f,87
06d038a4-f659-4c53-8a6d-58e295ab603f,403
06d038a4-f659-4c53-8a6d-58e295ab603f,404
06d038a4-f659-4c53-8a6d-58e295ab603f,206
06d038a4-f659-4c53-8a6d-58e295ab603f,207
06d038a4-f659-4c53-8a6d-58e295ab603f,261
06d038a4-f659-4c53-8a6d-58e295ab603f,94
06d038a4-f659-4c53-8a6d-58e295ab603f,377
3dac6e0e-2770-4c5e-b32a-d7750523516f,112
3dac6e0e-2770-4c5e-b32a-d7750523516f,162
3dac6e0e-2770-4c5e-b32a-d7750523516f,17
3dac6e0e-2770-4c5e-b32a-d7750523516f,22
3dac6e0e-2770-4c5e-b32a-d7750523516f,165
3dac6e0e-2770-4c5e-b32a-d7750523516f,102
3dac6e0e-2770-4c5e-b32a-d7750523516f,330
3dac6e0e-2770-4c5e-b32a-d7750523516f,111
3dac6e0e-2770-4c5e-b32a-d7750523516f,225
3dac6e0e-2770-4c5e-b32a-d7750523516f,405
3dac6e0e-2770-4c5e-b32a-d7750523516f,352
3dac6e0e-2770-4c5e-b32a-d7750523516f,122
3dac6e0e-2770-4c5e-b32a-d7750523516f,118
3dac6e0e-2770-4c5e-b32a-d7750523516f,214
3dac6e0e-2770-4c5e-b32a-d7750523516f,406
3dac6e0e-2770-4c5e-b32a-d7750523516f,407
63342b24-28ec-40c5-a7d9-ec49867dc75d,102
63342b24-28ec-40c5-a7d9-ec49867dc75d,111
63342b24-28ec-40c5-a7d9-ec49867dc75d,408
63342b24-28ec-40c5-a7d9-ec49867dc75d,409
63342b24-28ec-40c5-a7d9-ec49867dc75d,410
63342b24-28ec-40c5-a7d9-ec49867dc75d,411
63342b24-28ec-40c5-a7d9-ec49867dc75d,293
63342b24-28ec-40c5-a7d9-ec49867dc75d,412
63342b24-28ec-40c5-a7d9-ec49867dc75d,17
63342b24-28ec-40c5-a7d9-ec49867dc75d,22
63342b24-28ec-40c5-a7d9-ec49867dc75d,413
63342b24-28ec-40c5-a7d9-ec49867dc75d,293
6c543b1d-8137-489d-b444-d17921fc9de9,50
6c543b1d-8137-489d-b444-d17921fc9de9,182
6c543b1d-8137-489d-b444-d17921fc9de9,126
6c543b1d-8137-489d-b444-d17921fc9de9,183
6c543b1d-8137-489d-b444-d17921fc9de9,85
6c543b1d-8137-489d-b444-d17921fc9de9,38
6c543b1d-8137-489d-b444-d17921fc9de9,84
6c543b1d-8137-489d-b444-d17921fc9de9,35
6c543b1d-8137-489d-b444-d17921fc9de9,126
6c543b1d-8137-489d-b444-d17921fc9de9,9
6c543b1d-8137-489d-b444-d17921fc9de9,126
6c543b1d-8137-489d-b444-d17921fc9de9,309
6c543b1d-8137-489d-b444-d17921fc9de9,87
6c543b1d-8137-489d-b444-d17921fc9de9,8
6c543b1d-8137-489d-b444-d17921fc9de9,310
6c543b1d-8137-489d-b444-d17921fc9de9,414
6c543b1d-8137-489d-b444-d17921fc9de9,123
6c543b1d-8137-489d-b444-d17921fc9de9,311
6c543b1d-8137-489d-b444-d17921fc9de9,77
785a7089-e58e-4aaa-986d-ae0e615ba508,415
785a7089-e58e-4aaa-986d-ae0e615ba508,30
785a7089-e58e-4aaa-986d-ae0e615ba508,55
785a7089-e58e-4aaa-986d-ae0e615ba508,416
785a7089-e58e-4aaa-986d-ae0e615ba508,17
785a7089-e58e-4aaa-986d-ae0e615ba508,22
785a7089-e58e-4aaa-986d-ae0e615ba508,195
785a7089-e58e-4aaa-986d-ae0e615ba508,196
785a7089-e58e-4aaa-986d-ae0e615ba508,197
9cf737ee-bd9a-4f7e-b865-b6ff6ed01fde,30
9cf737ee-bd9a-4f7e-b865-b6ff6ed01fde,16
9cf737ee-bd9a-4f7e-b865-b6ff6ed01fde,65
9cf737ee-bd9a-4f7e-b865-b6ff6ed01fde,154
9cf737ee-bd9a-4f7e-b865-b6ff6ed01fde,21
9cf737ee-bd9a-4f7e-b865-b6ff6ed01fde,154
9cf737ee-bd9a-4f7e-b865-b6ff6ed01fde,159
9cf737ee-bd9a-4f7e-b865-b6ff6ed01fde,154
9cf737ee-bd9a-4f7e-b865-b6ff6ed01fde,335
9cf737ee-bd9a-4f7e-b865-b6ff6ed01fde,154
9cf737ee-bd9a-4f7e-b865-b6ff6ed01fde,417
9cf737ee-bd9a-4f7e-b865-b6ff6ed01fde,16
9cf737ee-bd9a-4f7e-b865-b6ff6ed01fde,196
9cf737ee-bd9a-4f7e-b865-b6ff6ed01fde,115
90b501a9-4d44-460b-b193-4d7d524bb21b,204
90b501a9-4d44-460b-b193-4d7d524bb21b,21
90b501a9-4d44-460b-b193-4d7d524bb21b,83
90b501a9-4d44-460b-b193-4d7d524bb21b,271
90b501a9-4d44-460b-b193-4d7d524bb21b,102
90b501a9-4d44-460b-b193-4d7d524bb21b,418
90b501a9-4d44-460b-b193-4d7d524bb21b,33
90b501a9-4d44-460b-b193-4d7d524bb21b,137
90b501a9-4d44-460b-b193-4d7d524bb21b,419
90b501a9-4d44-460b-b193-4d7d524bb21b,111
90b501a9-4d44-460b-b193-4d7d524bb21b,420
90b501a9-4d44-460b-b193-4d7d524bb21b,44
90b501a9-4d44-460b-b193-4d7d524bb21b,421
02960d47-7677-4b2c-99d4-490a31fd6885,35
02960d47-7677-4b2c-99d4-490a31fd6885,36
02960d47-7677-4b2c-99d4-490a31fd6885,35
02960d47-7677-4b2c-99d4-490a31fd6885,422
02960d47-7677-4b2c-99d4-490a31fd6885,124
02960d47-7677-4b2c-99d4-490a31fd6885,35
02960d47-7677-4b2c-99d4-490a31fd6885,386
f14f4742-c9d8-4a34-b8e2-d713c3a1f437,5
f14f4742-c9d8-4a34-b8e2-d713c3a1f437,423
f14f4742-c9d8-4a34-b8e2-d713c3a1f437,22
f14f4742-c9d8-4a34-b8e2-d713c3a1f437,424
f14f4742-c9d8-4a34-b8e2-d713c3a1f437,240
f14f4742-c9d8-4a34-b8e2-d713c3a1f437,241
f14f4742-c9d8-4a34-b8e2-d713c3a1f437,425
f14f4742-c9d8-4a34-b8e2-d713c3a1f437,426
f14f4742-c9d8-4a34-b8e2-d713c3a1f437,427
f14f4742-c9d8-4a34-b8e2-d713c3a1f437,122
f14f4742-c9d8-4a34-b8e2-d713c3a1f437,428
f14f4742-c9d8-4a34-b8e2-d713c3a1f437,5
f14f4742-c9d8-4a34-b8e2-d713c3a1f437,429
f14f4742-c9d8-4a34-b8e2-d713c3a1f437,122
f14f4742-c9d8-4a34-b8e2-d713c3a1f437,35
f14f4742-c9d8-4a34-b8e2-d713c3a1f437,44
0bdda5a8-b38a-4532-b9a2-e5d9a98c05a7,8
0bdda5a8-b38a-4532-b9a2-e5d9a98c05a7,44
0bdda5a8-b38a-4532-b9a2-e5d9a98c05a7,8
0bdda5a8-b38a-4532-b9a2-e5d9a98c05a7,335
0bdda5a8-b38a-4532-b9a2-e5d9a98c05a7,430
0bdda5a8-b38a-4532-b9a2-e5d9a98c05a7,44
7016a7a0-c187-4a62-baef-0780150912d1,431
7016a7a0-c187-4a62-baef-0780150912d1,432
7016a7a0-c187-4a62-baef-0780150912d1,301
7016a7a0-c187-4a62-baef-0780150912d1,433
7016a7a0-c187-4a62-baef-0780150912d1,26
7016a7a0-c187-4a62-baef-0780150912d1,434
7016a7a0-c187-4a62-baef-0780150912d1,22
7016a7a0-c187-4a62-baef-0780150912d1,435
7016a7a0-c187-4a62-baef-0780150912d1,436
7016a7a0-c187-4a62-baef-0780150912d1,242
e23e8096-59cb-4ef6-af48-ce9d806fd1eb,127
e23e8096-59cb-4ef6-af48-ce9d806fd1eb,50
e23e8096-59cb-4ef6-af48-ce9d806fd1eb,273
e23e8096-59cb-4ef6-af48-ce9d806fd1eb,26
e23e8096-59cb-4ef6-af48-ce9d806fd1eb,85
e23e8096-59cb-4ef6-af48-ce9d806fd1eb,38
e23e8096-59cb-4ef6-af48-ce9d806fd1eb,266
e23e8096-59cb-4ef6-af48-ce9d806fd1eb,38
e23e8096-59cb-4ef6-af48-ce9d806fd1eb,115
e23e8096-59cb-4ef6-af48-ce9d806fd1eb,437
e23e8096-59cb-4ef6-af48-ce9d806fd1eb,87
e23e8096-59cb-4ef6-af48-ce9d806fd1eb,438
e23e8096-59cb-4ef6-af48-ce9d806fd1eb,70
e23e8096-59cb-4ef6-af48-ce9d806fd1eb,127
e23e8096-59cb-4ef6-af48-ce9d806fd1eb,439
e23e8096-59cb-4ef6-af48-ce9d806fd1eb,182
e23e8096-59cb-4ef6-af48-ce9d806fd1eb,440
e23e8096-59cb-4ef6-af48-ce9d806fd1eb,122
c4e4fa45-a84f-4422-a4f5-7cc5706782a2,8
c4e4fa45-a84f-4422-a4f5-7cc5706782a2,441
c4e4fa45-a84f-4422-a4f5-7cc5706782a2,300
c4e4fa45-a84f-4422-a4f5-7cc5706782a2,70
c4e4fa45-a84f-4422-a4f5-7cc5706782a2,442
c4e4fa45-a84f-4422-a4f5-7cc5706782a2,443
c4e4fa45-a84f-4422-a4f5-7cc5706782a2,444
857b3b5b-92d4-43b3-861c-d8efbdbe3b16,274
857b3b5b-92d4-43b3-861c-d8efbdbe3b16,22
857b3b5b-92d4-43b3-861c-d8efbdbe3b16,28
857b3b5b-92d4-43b3-861c-d8efbdbe3b16,445
857b3b5b-92d4-43b3-861c-d8efbdbe3b16,446
857b3b5b-92d4-43b3-861c-d8efbdbe3b16,162
857b3b5b-92d4-43b3-861c-d8efbdbe3b16,446
857b3b5b-92d4-43b3-861c-d8efbdbe3b16,447
857b3b5b-92d4-43b3-861c-d8efbdbe3b16,408
8785f18a-1bf3-4c63-8d8b-d3e5d516ca40,242
8785f18a-1bf3-4c63-8d8b-d3e5d516ca40,35
8785f18a-1bf3-4c63-8d8b-d3e5d516ca40,448
8785f18a-1bf3-4c63-8d8b-d3e5d516ca40,242
8785f18a-1bf3-4c63-8d8b-d3e5d516ca40,449
8785f18a-1bf3-4c63-8d8b-d3e5d516ca40,123
bdc2cd4a-df05-46ca-b027-b038039a58ec,450
bdc2cd4a-df05-46ca-b027-b038039a58ec,451
bdc2cd4a-df05-46ca-b027-b038039a58ec,269
bdc2cd4a-df05-46ca-b027-b038039a58ec,452
bdc2cd4a-df05-46ca-b027-b038039a58ec,118
bdc2cd4a-df05-46ca-b027-b038039a58ec,29
bdc2cd4a-df05-46ca-b027-b038039a58ec,30
bdc2cd4a-df05-46ca-b027-b038039a58ec,28
bdc2cd4a-df05-46ca-b027-b038039a58ec,115
bdc2cd4a-df05-46ca-b027-b038039a58ec,453
bdc2cd4a-df05-46ca-b027-b038039a58ec,454
bdc2cd4a-df05-46ca-b027-b038039a58ec,30
bdc2cd4a-df05-46ca-b027-b038039a58ec,455
c649bf10-5588-4d10-8c7c-471874cf98f9,369
c649bf10-5588-4d10-8c7c-471874cf98f9,456
c649bf10-5588-4d10-8c7c-471874cf98f9,457
c649bf10-5588-4d10-8c7c-471874cf98f9,458
c649bf10-5588-4d10-8c7c-471874cf98f9,276
c649bf10-5588-4d10-8c7c-471874cf98f9,123
c649bf10-5588-4d10-8c7c-471874cf98f9,459
c649bf10-5588-4d10-8c7c-471874cf98f9,271
c649bf10-5588-4d10-8c7c-471874cf98f9,221
c649bf10-5588-4d10-8c7c-471874cf98f9,460
c649bf10-5588-4d10-8c7c-471874cf98f9,35
c649bf10-5588-4d10-8c7c-471874cf98f9,461
c649bf10-5588-4d10-8c7c-471874cf98f9,220
c649bf10-5588-4d10-8c7c-471874cf98f9,462
c649bf10-5588-4d10-8c7c-471874cf98f9,220
c649bf10-5588-4d10-8c7c-471874cf98f9,463
605b59ab-91b4-4f8e-bb12-df68ce0491c5,214
605b59ab-91b4-4f8e-bb12-df68ce0491c5,464
605b59ab-91b4-4f8e-bb12-df68ce0491c5,237
605b59ab-91b4-4f8e-bb12-df68ce0491c5,213
605b59ab-91b4-4f8e-bb12-df68ce0491c5,237
605b59ab-91b4-4f8e-bb12-df68ce0491c5,465
605b59ab-91b4-4f8e-bb12-df68ce0491c5,466
605b59ab-91b4-4f8e-bb12-df68ce0491c5,102
605b59ab-91b4-4f8e-bb12-df68ce0491c5,8
605b59ab-91b4-4f8e-bb12-df68ce0491c5,335
605b59ab-91b4-4f8e-bb12-df68ce0491c5,467
605b59ab-91b4-4f8e-bb12-df68ce0491c5,468
605b59ab-91b4-4f8e-bb12-df68ce0491c5,469
605b59ab-91b4-4f8e-bb12-df68ce0491c5,102
605b59ab-91b4-4f8e-bb12-df68ce0491c5,465
605b59ab-91b4-4f8e-bb12-df68ce0491c5,102
605b59ab-91b4-4f8e-bb12-df68ce0491c5,470
605b59ab-91b4-4f8e-bb12-df68ce0491c5,221
605b59ab-91b4-4f8e-bb12-df68ce0491c5,102
605b59ab-91b4-4f8e-bb12-df68ce0491c5,470
605b59ab-91b4-4f8e-bb12-df68ce0491c5,261
605b59ab-91b4-4f8e-bb12-df68ce0491c5,94
605b59ab-91b4-4f8e-bb12-df68ce0491c5,102
605b59ab-91b4-4f8e-bb12-df68ce0491c5,424
3ad26d6b-4619-4a9f-a1b6-8424aab1dd52,471
3ad26d6b-4619-4a9f-a1b6-8424aab1dd52,472
3ad26d6b-4619-4a9f-a1b6-8424aab1dd52,139
3ad26d6b-4619-4a9f-a1b6-8424aab1dd52,38
3ad26d6b-4619-4a9f-a1b6-8424aab1dd52,231
3ad26d6b-4619-4a9f-a1b6-8424aab1dd52,349
3ad26d6b-4619-4a9f-a1b6-8424aab1dd52,38
3ad26d6b-4619-4a9f-a1b6-8424aab1dd52,85
3ad26d6b-4619-4a9f-a1b6-8424aab1dd52,38
3ad26d6b-4619-4a9f-a1b6-8424aab1dd52,70
3ad26d6b-4619-4a9f-a1b6-8424aab1dd52,78
3ad26d6b-4619-4a9f-a1b6-8424aab1dd52,199
3ad26d6b-4619-4a9f-a1b6-8424aab1dd52,273
3ad26d6b-4619-4a9f-a1b6-8424aab1dd52,26
3ad26d6b-4619-4a9f-a1b6-8424aab1dd52,26
3ad26d6b-4619-4a9f-a1b6-8424aab1dd52,38
3ad26d6b-4619-4a9f-a1b6-8424aab1dd52,369
3ad26d6b-4619-4a9f-a1b6-8424aab1dd52,456
3ad26d6b-4619-4a9f-a1b6-8424aab1dd52,457
3ad26d6b-4619-4a9f-a1b6-8424aab1dd52,352
3ad26d6b-4619-4a9f-a1b6-8424aab1dd52,340
3ad26d6b-4619-4a9f-a1b6-8424aab1dd52,123
3ad26d6b-4619-4a9f-a1b6-8424aab1dd52,37
3ad26d6b-4619-4a9f-a1b6-8424aab1dd52,38
3ad26d6b-4619-4a9f-a1b6-8424aab1dd52,276
3ad26d6b-4619-4a9f-a1b6-8424aab1dd52,123
3ad26d6b-4619-4a9f-a1b6-8424aab1dd52,326
3ad26d6b-4619-4a9f-a1b6-8424aab1dd52,38
3ad26d6b-4619-4a9f-a1b6-8424aab1dd52,465
3ad26d6b-4619-4a9f-a1b6-8424aab1dd52,278
3ad26d6b-4619-4a9f-a1b6-8424aab1dd52,26
2ef641d0-bd79-425b-8b12-b58d74b993ae,83
2ef641d0-bd79-425b-8b12-b58d74b993ae,271
2ef641d0-bd79-425b-8b12-b58d74b993ae,33
2ef641d0-bd79-425b-8b12-b58d74b993ae,137
2ef641d0-bd79-425b-8b12-b58d74b993ae,188
2ef641d0-bd79-425b-8b12-b58d74b993ae,83
2ef641d0-bd79-425b-8b12-b58d74b993ae,50
2ef641d0-bd79-425b-8b12-b58d74b993ae,102
2ef641d0-bd79-425b-8b12-b58d74b993ae,50
2ef641d0-bd79-425b-8b12-b58d74b993ae,473
2ef641d0-bd79-425b-8b12-b58d74b993ae,465
2ef641d0-bd79-425b-8b12-b58d74b993ae,204
2ef641d0-bd79-425b-8b12-b58d74b993ae,50
9734ef6f-09d1-4ca1-b968-6ad34872d504,84
9734ef6f-09d1-4ca1-b968-6ad34872d504,474
9734ef6f-09d1-4ca1-b968-6ad34872d504,85
9734ef6f-09d1-4ca1-b968-6ad34872d504,83
9734ef6f-09d1-4ca1-b968-6ad34872d504,11
9734ef6f-09d1-4ca1-b968-6ad34872d504,475
9734ef6f-09d1-4ca1-b968-6ad34872d504,476
9734ef6f-09d1-4ca1-b968-6ad34872d504,477
9734ef6f-09d1-4ca1-b968-6ad34872d504,478
9734ef6f-09d1-4ca1-b968-6ad34872d504,83
9734ef6f-09d1-4ca1-b968-6ad34872d504,261
9734ef6f-09d1-4ca1-b968-6ad34872d504,115
9734ef6f-09d1-4ca1-b968-6ad34872d504,479
9734ef6f-09d1-4ca1-b968-6ad34872d504,480
9734ef6f-09d1-4ca1-b968-6ad34872d504,481
9734ef6f-09d1-4ca1-b968-6ad34872d504,482
418f030f-2b26-4c74-a77b-c0c87d13f56d,204
418f030f-2b26-4c74-a77b-c0c87d13f56d,50
418f030f-2b26-4c74-a77b-c0c87d13f56d,188
418f030f-2b26-4c74-a77b-c0c87d13f56d,83
418f030f-2b26-4c74-a77b-c0c87d13f56d,50
418f030f-2b26-4c74-a77b-c0c87d13f56d,50
418f030f-2b26-4c74-a77b-c0c87d13f56d,50
418f030f-2b26-4c74-a77b-c0c87d13f56d,83
418f030f-2b26-4c74-a77b-c0c87d13f56d,271
418f030f-2b26-4c74-a77b-c0c87d13f56d,102
418f030f-2b26-4c74-a77b-c0c87d13f56d,50
0baaf9f8-3126-4cb1-b22f-b9fceabb8b54,84
0baaf9f8-3126-4cb1-b22f-b9fceabb8b54,50
0baaf9f8-3126-4cb1-b22f-b9fceabb8b54,483
0baaf9f8-3126-4cb1-b22f-b9fceabb8b54,126
0baaf9f8-3126-4cb1-b22f-b9fceabb8b54,309
0baaf9f8-3126-4cb1-b22f-b9fceabb8b54,479
0baaf9f8-3126-4cb1-b22f-b9fceabb8b54,273
0baaf9f8-3126-4cb1-b22f-b9fceabb8b54,26
fb4b9d17-f1ec-466b-b222-caba06823edc,35
fb4b9d17-f1ec-466b-b222-caba06823edc,164
fb4b9d17-f1ec-466b-b222-caba06823edc,159
fb4b9d17-f1ec-466b-b222-caba06823edc,35
fb4b9d17-f1ec-466b-b222-caba06823edc,79
fb4b9d17-f1ec-466b-b222-caba06823edc,80
fb4b9d17-f1ec-466b-b222-caba06823edc,21
fb4b9d17-f1ec-466b-b222-caba06823edc,154
fb4b9d17-f1ec-466b-b222-caba06823edc,484
fb4b9d17-f1ec-466b-b222-caba06823edc,263
fb4b9d17-f1ec-466b-b222-caba06823edc,159
1dbd1112-eb47-4406-936c-6807e8845610,30
1dbd1112-eb47-4406-936c-6807e8845610,29
1dbd1112-eb47-4406-936c-6807e8845610,104
1dbd1112-eb47-4406-936c-6807e8845610,92
1dbd1112-eb47-4406-936c-6807e8845610,33
1dbd1112-eb47-4406-936c-6807e8845610,485
1dbd1112-eb47-4406-936c-6807e8845610,312
e383647f-00d3-41b1-ad95-ff69bdfffb42,55
e383647f-00d3-41b1-ad95-ff69bdfffb42,38
e383647f-00d3-41b1-ad95-ff69bdfffb42,56
e383647f-00d3-41b1-ad95-ff69bdfffb42,199
e383647f-00d3-41b1-ad95-ff69bdfffb42,273
e383647f-00d3-41b1-ad95-ff69bdfffb42,26
e383647f-00d3-41b1-ad95-ff69bdfffb42,148
e383647f-00d3-41b1-ad95-ff69bdfffb42,38
20ad2ae0-df32-484d-84ed-f65810600cfa,400
20ad2ae0-df32-484d-84ed-f65810600cfa,182
20ad2ae0-df32-484d-84ed-f65810600cfa,486
20ad2ae0-df32-484d-84ed-f65810600cfa,2
20ad2ae0-df32-484d-84ed-f65810600cfa,487
20ad2ae0-df32-484d-84ed-f65810600cfa,488
20ad2ae0-df32-484d-84ed-f65810600cfa,225
20ad2ae0-df32-484d-84ed-f65810600cfa,122
0c46864b-a7f8-4439-aeda-0781f77bfe88,139
0c46864b-a7f8-4439-aeda-0781f77bfe88,8
0c46864b-a7f8-4439-aeda-0781f77bfe88,87
0c46864b-a7f8-4439-aeda-0781f77bfe88,309
0c46864b-a7f8-4439-aeda-0781f77bfe88,102
0c46864b-a7f8-4439-aeda-0781f77bfe88,126
0c46864b-a7f8-4439-aeda-0781f77bfe88,63
0c46864b-a7f8-4439-aeda-0781f77bfe88,8
0c46864b-a7f8-4439-aeda-0781f77bfe88,87
0c46864b-a7f8-4439-aeda-0781f77bfe88,70
0c46864b-a7f8-4439-aeda-0781f77bfe88,309
0c46864b-a7f8-4439-aeda-0781f77bfe88,115
0c46864b-a7f8-4439-aeda-0781f77bfe88,489
0c46864b-a7f8-4439-aeda-0781f77bfe88,246
09813918-f2fa-46c2-a9b1-069b140c2903,490
09813918-f2fa-46c2-a9b1-069b140c2903,491
09813918-f2fa-46c2-a9b1-069b140c2903,351
09813918-f2fa-46c2-a9b1-069b140c2903,16
09813918-f2fa-46c2-a9b1-069b140c2903,196
09813918-f2fa-46c2-a9b1-069b140c2903,115
09813918-f2fa-46c2-a9b1-069b140c2903,152
09813918-f2fa-46c2-a9b1-069b140c2903,293
ef9b447a-d6c4-4250-a506-093730db84d6,115
ef9b447a-d6c4-4250-a506-093730db84d6,51
ef9b447a-d6c4-4250-a506-093730db84d6,321
ef9b447a-d6c4-4250-a506-093730db84d6,325
ef9b447a-d6c4-4250-a506-093730db84d6,492
ef9b447a-d6c4-4250-a506-093730db84d6,493
ef9b447a-d6c4-4250-a506-093730db84d6,494
ef9b447a-d6c4-4250-a506-093730db84d6,51
ef9b447a-d6c4-4250-a506-093730db84d6,495
ef9b447a-d6c4-4250-a506-093730db84d6,51
ef9b447a-d6c4-4250-a506-093730db84d6,496
ef9b447a-d6c4-4250-a506-093730db84d6,321
ef9b447a-d6c4-4250-a506-093730db84d6,115
fda8c630-1b0a-4910-ae2a-602850616275,35
fda8c630-1b0a-4910-ae2a-602850616275,79
fda8c630-1b0a-4910-ae2a-602850616275,80
fda8c630-1b0a-4910-ae2a-602850616275,35
fda8c630-1b0a-4910-ae2a-602850616275,497
fda8c630-1b0a-4910-ae2a-602850616275,81
fda8c630-1b0a-4910-ae2a-602850616275,82
fda8c630-1b0a-4910-ae2a-602850616275,44
fda8c630-1b0a-4910-ae2a-602850616275,498
fda8c630-1b0a-4910-ae2a-602850616275,65
fda8c630-1b0a-4910-ae2a-602850616275,35
fda8c630-1b0a-4910-ae2a-602850616275,103
8aaf5ea6-92c2-4780-bba3-cdc171315e0b,499
8aaf5ea6-92c2-4780-bba3-cdc171315e0b,93
8aaf5ea6-92c2-4780-bba3-cdc171315e0b,465
8aaf5ea6-92c2-4780-bba3-cdc171315e0b,97
8aaf5ea6-92c2-4780-bba3-cdc171315e0b,214
ce1a5350-f645-4a53-a745-fca8d4f1f030,107
ce1a5350-f645-4a53-a745-fca8d4f1f030,36
ce1a5350-f645-4a53-a745-fca8d4f1f030,30
ce1a5350-f645-4a53-a745-fca8d4f1f030,107
ce1a5350-f645-4a53-a745-fca8d4f1f030,500
ce1a5350-f645-4a53-a745-fca8d4f1f030,501
ce1a5350-f645-4a53-a745-fca8d4f1f030,502
ce1a5350-f645-4a53-a745-fca8d4f1f030,503
d05daa00-c3d6-4a89-ba14-cfd1847fb0cc,144
d05daa00-c3d6-4a89-ba14-cfd1847fb0cc,29
d05daa00-c3d6-4a89-ba14-cfd1847fb0cc,29
d05daa00-c3d6-4a89-ba14-cfd1847fb0cc,102
d05daa00-c3d6-4a89-ba14-cfd1847fb0cc,162
d05daa00-c3d6-4a89-ba14-cfd1847fb0cc,29
d05daa00-c3d6-4a89-ba14-cfd1847fb0cc,83
d05daa00-c3d6-4a89-ba14-cfd1847fb0cc,271
d05daa00-c3d6-4a89-ba14-cfd1847fb0cc,504
d05daa00-c3d6-4a89-ba14-cfd1847fb0cc,16
d05daa00-c3d6-4a89-ba14-cfd1847fb0cc,344
d05daa00-c3d6-4a89-ba14-cfd1847fb0cc,87
610312cd-b173-4efa-bbb5-0a22e9b9ce02,38
610312cd-b173-4efa-bbb5-0a22e9b9ce02,70
610312cd-b173-4efa-bbb5-0a22e9b9ce02,8
610312cd-b173-4efa-bbb5-0a22e9b9ce02,233
610312cd-b173-4efa-bbb5-0a22e9b9ce02,239
610312cd-b173-4efa-bbb5-0a22e9b9ce02,26
610312cd-b173-4efa-bbb5-0a22e9b9ce02,295
610312cd-b173-4efa-bbb5-0a22e9b9ce02,38
610312cd-b173-4efa-bbb5-0a22e9b9ce02,505
610312cd-b173-4efa-bbb5-0a22e9b9ce02,56
610312cd-b173-4efa-bbb5-0a22e9b9ce02,26
610312cd-b173-4efa-bbb5-0a22e9b9ce02,38
610312cd-b173-4efa-bbb5-0a22e9b9ce02,274
610312cd-b173-4efa-bbb5-0a22e9b9ce02,275
610312cd-b173-4efa-bbb5-0a22e9b9ce02,381
610312cd-b173-4efa-bbb5-0a22e9b9ce02,62
ad50bed7-77fd-4c7f-819c-54455506e3f0,506
ad50bed7-77fd-4c7f-819c-54455506e3f0,113
ad50bed7-77fd-4c7f-819c-54455506e3f0,507
ad50bed7-77fd-4c7f-819c-54455506e3f0,508
ad50bed7-77fd-4c7f-819c-54455506e3f0,49
ad50bed7-77fd-4c7f-819c-54455506e3f0,394
ad50bed7-77fd-4c7f-819c-54455506e3f0,17
ad50bed7-77fd-4c7f-819c-54455506e3f0,22
ad50bed7-77fd-4c7f-819c-54455506e3f0,509
ad50bed7-77fd-4c7f-819c-54455506e3f0,105
ad50bed7-77fd-4c7f-819c-54455506e3f0,510
ad50bed7-77fd-4c7f-819c-54455506e3f0,511
ad50bed7-77fd-4c7f-819c-54455506e3f0,21
8e5f2a6c-c817-4a90-b48b-d9171743ad0f,195
8e5f2a6c-c817-4a90-b48b-d9171743ad0f,196
8e5f2a6c-c817-4a90-b48b-d9171743ad0f,197
7c852728-c562-4df0-84c1-4488dde7c360,55
7c852728-c562-4df0-84c1-4488dde7c360,240
7c852728-c562-4df0-84c1-4488dde7c360,241
7c852728-c562-4df0-84c1-4488dde7c360,56
7c852728-c562-4df0-84c1-4488dde7c360,512
7c852728-c562-4df0-84c1-4488dde7c360,22
7c852728-c562-4df0-84c1-4488dde7c360,199
7c852728-c562-4df0-84c1-4488dde7c360,273
7c852728-c562-4df0-84c1-4488dde7c360,26
7c852728-c562-4df0-84c1-4488dde7c360,513
7c852728-c562-4df0-84c1-4488dde7c360,262
7c852728-c562-4df0-84c1-4488dde7c360,55
7c852728-c562-4df0-84c1-4488dde7c360,38
7c852728-c562-4df0-84c1-4488dde7c360,354
7c852728-c562-4df0-84c1-4488dde7c360,56
7c852728-c562-4df0-84c1-4488dde7c360,514
7c852728-c562-4df0-84c1-4488dde7c360,515
7c852728-c562-4df0-84c1-4488dde7c360,113
7c852728-c562-4df0-84c1-4488dde7c360,516
7c852728-c562-4df0-84c1-4488dde7c360,517
7c852728-c562-4df0-84c1-4488dde7c360,518
7c852728-c562-4df0-84c1-4488dde7c360,519
7c852728-c562-4df0-84c1-4488dde7c360,520
7c852728-c562-4df0-84c1-4488dde7c360,521
7c852728-c562-4df0-84c1-4488dde7c360,103
1578b20c-b5d0-466f-b114-2582529ddc53,395
1578b20c-b5d0-466f-b114-2582529ddc53,522
1578b20c-b5d0-466f-b114-2582529ddc53,271
1578b20c-b5d0-466f-b114-2582529ddc53,523
1578b20c-b5d0-466f-b114-2582529ddc53,113
1578b20c-b5d0-466f-b114-2582529ddc53,524
1578b20c-b5d0-466f-b114-2582529ddc53,525
1578b20c-b5d0-466f-b114-2582529ddc53,526
1578b20c-b5d0-466f-b114-2582529ddc53,50
98a59a44-499e-4a6e-a8e8-24211f117b23,55
98a59a44-499e-4a6e-a8e8-24211f117b23,38
98a59a44-499e-4a6e-a8e8-24211f117b23,56
98a59a44-499e-4a6e-a8e8-24211f117b23,55
98a59a44-499e-4a6e-a8e8-24211f117b23,240
98a59a44-499e-4a6e-a8e8-24211f117b23,241
98a59a44-499e-4a6e-a8e8-24211f117b23,188
98a59a44-499e-4a6e-a8e8-24211f117b23,83
98a59a44-499e-4a6e-a8e8-24211f117b23,50
98a59a44-499e-4a6e-a8e8-24211f117b23,90
98a59a44-499e-4a6e-a8e8-24211f117b23,268
98a59a44-499e-4a6e-a8e8-24211f117b23,51
98a59a44-499e-4a6e-a8e8-24211f117b23,267
98a59a44-499e-4a6e-a8e8-24211f117b23,434
98a59a44-499e-4a6e-a8e8-24211f117b23,22
98a59a44-499e-4a6e-a8e8-24211f117b23,474
98a59a44-499e-4a6e-a8e8-24211f117b23,527
98a59a44-499e-4a6e-a8e8-24211f117b23,528
98a59a44-499e-4a6e-a8e8-24211f117b23,55
98a59a44-499e-4a6e-a8e8-24211f117b23,50
98a59a44-499e-4a6e-a8e8-24211f117b23,321
98a59a44-499e-4a6e-a8e8-24211f117b23,529
98a59a44-499e-4a6e-a8e8-24211f117b23,530
98a59a44-499e-4a6e-a8e8-24211f117b23,168
df52a23b-7109-4616-a59a-d6d90f777595,183
df52a23b-7109-4616-a59a-d6d90f777595,214
df52a23b-7109-4616-a59a-d6d90f777595,213
df52a23b-7109-4616-a59a-d6d90f777595,237
df52a23b-7109-4616-a59a-d6d90f777595,187
df52a23b-7109-4616-a59a-d6d90f777595,531
df52a23b-7109-4616-a59a-d6d90f777595,532
df52a23b-7109-4616-a59a-d6d90f777595,85
df52a23b-7109-4616-a59a-d6d90f777595,533
df52a23b-7109-4616-a59a-d6d90f777595,534
df52a23b-7109-4616-a59a-d6d90f777595,29
8bd9b364-d90f-486f-9965-84cd3dc63ca3,535
8bd9b364-d90f-486f-9965-84cd3dc63ca3,102
8bd9b364-d90f-486f-9965-84cd3dc63ca3,21
8bd9b364-d90f-486f-9965-84cd3dc63ca3,536
8bd9b364-d90f-486f-9965-84cd3dc63ca3,102
8bd9b364-d90f-486f-9965-84cd3dc63ca3,110
8bd9b364-d90f-486f-9965-84cd3dc63ca3,537
8bd9b364-d90f-486f-9965-84cd3dc63ca3,538
8bd9b364-d90f-486f-9965-84cd3dc63ca3,17
8bd9b364-d90f-486f-9965-84cd3dc63ca3,22
8bd9b364-d90f-486f-9965-84cd3dc63ca3,473
8bd9b364-d90f-486f-9965-84cd3dc63ca3,123
8bd9b364-d90f-486f-9965-84cd3dc63ca3,52
8bd9b364-d90f-486f-9965-84cd3dc63ca3,51
8bd9b364-d90f-486f-9965-84cd3dc63ca3,33
8bd9b364-d90f-486f-9965-84cd3dc63ca3,137
8bd9b364-d90f-486f-9965-84cd3dc63ca3,539
db64c222-0674-4eab-9f09-7f9ea1c483e3,102
db64c222-0674-4eab-9f09-7f9ea1c483e3,50
db64c222-0674-4eab-9f09-7f9ea1c483e3,204
db64c222-0674-4eab-9f09-7f9ea1c483e3,50
db64c222-0674-4eab-9f09-7f9ea1c483e3,188
db64c222-0674-4eab-9f09-7f9ea1c483e3,83
db64c222-0674-4eab-9f09-7f9ea1c483e3,50
db64c222-0674-4eab-9f09-7f9ea1c483e3,102
db64c222-0674-4eab-9f09-7f9ea1c483e3,418
db64c222-0674-4eab-9f09-7f9ea1c483e3,83
db64c222-0674-4eab-9f09-7f9ea1c483e3,271
db64c222-0674-4eab-9f09-7f9ea1c483e3,225
db64c222-0674-4eab-9f09-7f9ea1c483e3,540
a0f5a47c-1073-4c01-b62d-51b767f01d69,541
a0f5a47c-1073-4c01-b62d-51b767f01d69,2
a0f5a47c-1073-4c01-b62d-51b767f01d69,330
a0f5a47c-1073-4c01-b62d-51b767f01d69,11
a0f5a47c-1073-4c01-b62d-51b767f01d69,2
a0f5a47c-1073-4c01-b62d-51b767f01d69,99
a0f5a47c-1073-4c01-b62d-51b767f01d69,33
a0f5a47c-1073-4c01-b62d-51b767f01d69,49
a0f5a47c-1073-4c01-b62d-51b767f01d69,26
09ec1bda-4550-4a83-8480-fe742d77e882,118
09ec1bda-4550-4a83-8480-fe742d77e882,542
09ec1bda-4550-4a83-8480-fe742d77e882,543
09ec1bda-4550-4a83-8480-fe742d77e882,112
09ec1bda-4550-4a83-8480-fe742d77e882,113
ff6f398b-4bde-46da-a460-9815134b42eb,55
ff6f398b-4bde-46da-a460-9815134b42eb,240
ff6f398b-4bde-46da-a460-9815134b42eb,241
ff6f398b-4bde-46da-a460-9815134b42eb,33
ff6f398b-4bde-46da-a460-9815134b42eb,379
ff6f398b-4bde-46da-a460-9815134b42eb,33
ff6f398b-4bde-46da-a460-9815134b42eb,380
ff6f398b-4bde-46da-a460-9815134b42eb,127
ff6f398b-4bde-46da-a460-9815134b42eb,50
ff6f398b-4bde-46da-a460-9815134b42eb,188
ff6f398b-4bde-46da-a460-9815134b42eb,544
ff6f398b-4bde-46da-a460-9815134b42eb,210
ff6f398b-4bde-46da-a460-9815134b42eb,270
ff6f398b-4bde-46da-a460-9815134b42eb,271
ff6f398b-4bde-46da-a460-9815134b42eb,497
ff6f398b-4bde-46da-a460-9815134b42eb,174
ff6f398b-4bde-46da-a460-9815134b42eb,545
ff6f398b-4bde-46da-a460-9815134b42eb,546
ff6f398b-4bde-46da-a460-9815134b42eb,547
ff6f398b-4bde-46da-a460-9815134b42eb,548
a0e31b8c-3d9c-4b68-834d-d4c06914b69f,51
a0e31b8c-3d9c-4b68-834d-d4c06914b69f,102
a0e31b8c-3d9c-4b68-834d-d4c06914b69f,549
a0e31b8c-3d9c-4b68-834d-d4c06914b69f,102
a0e31b8c-3d9c-4b68-834d-d4c06914b69f,21
59264501-60c6-4666-87c2-73d7a42a4ff0,85
59264501-60c6-4666-87c2-73d7a42a4ff0,121
59264501-60c6-4666-87c2-73d7a42a4ff0,57
59264501-60c6-4666-87c2-73d7a42a4ff0,61
59264501-60c6-4666-87c2-73d7a42a4ff0,86
59264501-60c6-4666-87c2-73d7a42a4ff0,87
59264501-60c6-4666-87c2-73d7a42a4ff0,167
59264501-60c6-4666-87c2-73d7a42a4ff0,126
59264501-60c6-4666-87c2-73d7a42a4ff0,22
59264501-60c6-4666-87c2-73d7a42a4ff0,115
59264501-60c6-4666-87c2-73d7a42a4ff0,143
59264501-60c6-4666-87c2-73d7a42a4ff0,126
523ffd96-f3b2-49cc-8f24-dc9215b84bed,196
523ffd96-f3b2-49cc-8f24-dc9215b84bed,113
523ffd96-f3b2-49cc-8f24-dc9215b84bed,550
523ffd96-f3b2-49cc-8f24-dc9215b84bed,551
523ffd96-f3b2-49cc-8f24-dc9215b84bed,552
78a992d3-b8eb-4fd6-8a5e-18c464d0b254,553
78a992d3-b8eb-4fd6-8a5e-18c464d0b254,554
78a992d3-b8eb-4fd6-8a5e-18c464d0b254,28
78a992d3-b8eb-4fd6-8a5e-18c464d0b254,555
78a992d3-b8eb-4fd6-8a5e-18c464d0b254,195
78a992d3-b8eb-4fd6-8a5e-18c464d0b254,196
78a992d3-b8eb-4fd6-8a5e-18c464d0b254,197
6a57a243-af32-4e1d-849c-75146da60102,35
6a57a243-af32-4e1d-849c-75146da60102,36
6a57a243-af32-4e1d-849c-75146da60102,35
6a57a243-af32-4e1d-849c-75146da60102,556
6a57a243-af32-4e1d-849c-75146da60102,35
6a57a243-af32-4e1d-849c-75146da60102,557
6a57a243-af32-4e1d-849c-75146da60102,558
6a57a243-af32-4e1d-849c-75146da60102,35
6a57a243-af32-4e1d-849c-75146da60102,558
6a57a243-af32-4e1d-849c-75146da60102,35
6a57a243-af32-4e1d-849c-75146da60102,111
6a57a243-af32-4e1d-849c-75146da60102,382
6a57a243-af32-4e1d-849c-75146da60102,59
6596de1d-ea29-4252-a22e-f98cf28090c6,195
6596de1d-ea29-4252-a22e-f98cf28090c6,196
6596de1d-ea29-4252-a22e-f98cf28090c6,197
6596de1d-ea29-4252-a22e-f98cf28090c6,559
6596de1d-ea29-4252-a22e-f98cf28090c6,65
6596de1d-ea29-4252-a22e-f98cf28090c6,560
6596de1d-ea29-4252-a22e-f98cf28090c6,561
c6b67626-5ff8-4730-93a6-70ee08f6013e,195
c6b67626-5ff8-4730-93a6-70ee08f6013e,196
c6b67626-5ff8-4730-93a6-70ee08f6013e,197
c6b67626-5ff8-4730-93a6-70ee08f6013e,188
c6b67626-5ff8-4730-93a6-70ee08f6013e,83
c6b67626-5ff8-4730-93a6-70ee08f6013e,50
0284519c-3320-48a2-8b0d-b4ae9351a403,84
0284519c-3320-48a2-8b0d-b4ae9351a403,187
0284519c-3320-48a2-8b0d-b4ae9351a403,465
0284519c-3320-48a2-8b0d-b4ae9351a403,469
0284519c-3320-48a2-8b0d-b4ae9351a403,86
0284519c-3320-48a2-8b0d-b4ae9351a403,102
0284519c-3320-48a2-8b0d-b4ae9351a403,21
42d8cef2-2fa9-4545-b4f4-a44dadf4934f,138
42d8cef2-2fa9-4545-b4f4-a44dadf4934f,8
42d8cef2-2fa9-4545-b4f4-a44dadf4934f,38
42d8cef2-2fa9-4545-b4f4-a44dadf4934f,182
42d8cef2-2fa9-4545-b4f4-a44dadf4934f,44
42d8cef2-2fa9-4545-b4f4-a44dadf4934f,38
42d8cef2-2fa9-4545-b4f4-a44dadf4934f,44
2d051ceb-fa4a-4a33-b059-ed443d8c79cc,28
2d051ceb-fa4a-4a33-b059-ed443d8c79cc,30
2d051ceb-fa4a-4a33-b059-ed443d8c79cc,562
2d051ceb-fa4a-4a33-b059-ed443d8c79cc,17
2d051ceb-fa4a-4a33-b059-ed443d8c79cc,22
2d051ceb-fa4a-4a33-b059-ed443d8c79cc,344
2d051ceb-fa4a-4a33-b059-ed443d8c79cc,159
9504265d-0046-4e58-b529-256a656c012d,17
9504265d-0046-4e58-b529-256a656c012d,563
9504265d-0046-4e58-b529-256a656c012d,564
9504265d-0046-4e58-b529-256a656c012d,565
9504265d-0046-4e58-b529-256a656c012d,566
9504265d-0046-4e58-b529-256a656c012d,371
9504265d-0046-4e58-b529-256a656c012d,565
9504265d-0046-4e58-b529-256a656c012d,567
9504265d-0046-4e58-b529-256a656c012d,196
6aed9698-9a0c-4956-be0d-ec658bbfe09a,102
6aed9698-9a0c-4956-be0d-ec658bbfe09a,50
6aed9698-9a0c-4956-be0d-ec658bbfe09a,188
6aed9698-9a0c-4956-be0d-ec658bbfe09a,83
6aed9698-9a0c-4956-be0d-ec658bbfe09a,50
6aed9698-9a0c-4956-be0d-ec658bbfe09a,83
6aed9698-9a0c-4956-be0d-ec658bbfe09a,129
6aed9698-9a0c-4956-be0d-ec658bbfe09a,195
6aed9698-9a0c-4956-be0d-ec658bbfe09a,196
6aed9698-9a0c-4956-be0d-ec658bbfe09a,197
6aed9698-9a0c-4956-be0d-ec658bbfe09a,204
6aed9698-9a0c-4956-be0d-ec658bbfe09a,50
1c4bfd79-4336-4b17-a672-9acb465f15c0,17
1c4bfd79-4336-4b17-a672-9acb465f15c0,22
1c4bfd79-4336-4b17-a672-9acb465f15c0,568
1c4bfd79-4336-4b17-a672-9acb465f15c0,20
1c4bfd79-4336-4b17-a672-9acb465f15c0,21
1c4bfd79-4336-4b17-a672-9acb465f15c0,569
1c4bfd79-4336-4b17-a672-9acb465f15c0,570
1c4bfd79-4336-4b17-a672-9acb465f15c0,221
1c4bfd79-4336-4b17-a672-9acb465f15c0,50
91d18624-3489-48a8-834d-8737581b8ff2,17
91d18624-3489-48a8-834d-8737581b8ff2,22
91d18624-3489-48a8-834d-8737581b8ff2,512
91d18624-3489-48a8-834d-8737581b8ff2,22
91d18624-3489-48a8-834d-8737581b8ff2,49
91d18624-3489-48a8-834d-8737581b8ff2,394
91d18624-3489-48a8-834d-8737581b8ff2,216
91d18624-3489-48a8-834d-8737581b8ff2,70
02fbfd2f-9290-41dc-b82e-fcc2abcd9b2a,49
02fbfd2f-9290-41dc-b82e-fcc2abcd9b2a,50
02fbfd2f-9290-41dc-b82e-fcc2abcd9b2a,17
02fbfd2f-9290-41dc-b82e-fcc2abcd9b2a,22
02fbfd2f-9290-41dc-b82e-fcc2abcd9b2a,270
02fbfd2f-9290-41dc-b82e-fcc2abcd9b2a,271
02fbfd2f-9290-41dc-b82e-fcc2abcd9b2a,570
02fbfd2f-9290-41dc-b82e-fcc2abcd9b2a,111
05788d6a-1042-4bf1-8ed7-b11224fb483e,242
05788d6a-1042-4bf1-8ed7-b11224fb483e,571
05788d6a-1042-4bf1-8ed7-b11224fb483e,424
05788d6a-1042-4bf1-8ed7-b11224fb483e,240
05788d6a-1042-4bf1-8ed7-b11224fb483e,241
2b7ea821-fddb-4b66-8cb4-15dc343549c9,290
2b7ea821-fddb-4b66-8cb4-15dc343549c9,572
2b7ea821-fddb-4b66-8cb4-15dc343549c9,573
2b7ea821-fddb-4b66-8cb4-15dc343549c9,574
2b7ea821-fddb-4b66-8cb4-15dc343549c9,102
2b7ea821-fddb-4b66-8cb4-15dc343549c9,491
2b7ea821-fddb-4b66-8cb4-15dc343549c9,168
672280b6-17c9-4191-9b00-8f1322fc1d90,16
672280b6-17c9-4191-9b00-8f1322fc1d90,66
672280b6-17c9-4191-9b00-8f1322fc1d90,67
f2b81a70-1d6c-42d1-a3b5-1d4338be4b8c,434
f2b81a70-1d6c-42d1-a3b5-1d4338be4b8c,22
f2b81a70-1d6c-42d1-a3b5-1d4338be4b8c,575
f2b81a70-1d6c-42d1-a3b5-1d4338be4b8c,576
f2b81a70-1d6c-42d1-a3b5-1d4338be4b8c,577
f2b81a70-1d6c-42d1-a3b5-1d4338be4b8c,578
f2b81a70-1d6c-42d1-a3b5-1d4338be4b8c,55
f2b81a70-1d6c-42d1-a3b5-1d4338be4b8c,579
f2b81a70-1d6c-42d1-a3b5-1d4338be4b8c,55
f2b81a70-1d6c-42d1-a3b5-1d4338be4b8c,580
f2b81a70-1d6c-42d1-a3b5-1d4338be4b8c,22
f2b81a70-1d6c-42d1-a3b5-1d4338be4b8c,581
f2b81a70-1d6c-42d1-a3b5-1d4338be4b8c,115
410df04c-bc1d-4cd3-9726-c35469ddab8c,273
410df04c-bc1d-4cd3-9726-c35469ddab8c,26
410df04c-bc1d-4cd3-9726-c35469ddab8c,102
410df04c-bc1d-4cd3-9726-c35469ddab8c,50
410df04c-bc1d-4cd3-9726-c35469ddab8c,199
410df04c-bc1d-4cd3-9726-c35469ddab8c,582
410df04c-bc1d-4cd3-9726-c35469ddab8c,210
410df04c-bc1d-4cd3-9726-c35469ddab8c,382
410df04c-bc1d-4cd3-9726-c35469ddab8c,59
410df04c-bc1d-4cd3-9726-c35469ddab8c,240
410df04c-bc1d-4cd3-9726-c35469ddab8c,241
598de448-af84-43c8-9147-6134a63c9b3c,93
598de448-af84-43c8-9147-6134a63c9b3c,583
598de448-af84-43c8-9147-6134a63c9b3c,584
598de448-af84-43c8-9147-6134a63c9b3c,585
598de448-af84-43c8-9147-6134a63c9b3c,386
598de448-af84-43c8-9147-6134a63c9b3c,535
598de448-af84-43c8-9147-6134a63c9b3c,586
598de448-af84-43c8-9147-6134a63c9b3c,587
598de448-af84-43c8-9147-6134a63c9b3c,588
598de448-af84-43c8-9147-6134a63c9b3c,99
598de448-af84-43c8-9147-6134a63c9b3c,137
598de448-af84-43c8-9147-6134a63c9b3c,586
598de448-af84-43c8-9147-6134a63c9b3c,589
6800c64b-0e54-49cb-a703-384b4987b70c,512
6800c64b-0e54-49cb-a703-384b4987b70c,22
6800c64b-0e54-49cb-a703-384b4987b70c,590
6800c64b-0e54-49cb-a703-384b4987b70c,22
6800c64b-0e54-49cb-a703-384b4987b70c,568
6800c64b-0e54-49cb-a703-384b4987b70c,393
fea53dc2-758b-4dc3-962c-68e0b52d2925,586
fea53dc2-758b-4dc3-962c-68e0b52d2925,591
fea53dc2-758b-4dc3-962c-68e0b52d2925,592
fea53dc2-758b-4dc3-962c-68e0b52d2925,593
fea53dc2-758b-4dc3-962c-68e0b52d2925,586
fea53dc2-758b-4dc3-962c-68e0b52d2925,594
fea53dc2-758b-4dc3-962c-68e0b52d2925,301
fea53dc2-758b-4dc3-962c-68e0b52d2925,595
fea53dc2-758b-4dc3-962c-68e0b52d2925,249
fc57a764-276e-463a-aa68-fa54ffaf31d6,502
fc57a764-276e-463a-aa68-fa54ffaf31d6,164
fc57a764-276e-463a-aa68-fa54ffaf31d6,594
fc57a764-276e-463a-aa68-fa54ffaf31d6,301
fc57a764-276e-463a-aa68-fa54ffaf31d6,596
fc57a764-276e-463a-aa68-fa54ffaf31d6,597
fc57a764-276e-463a-aa68-fa54ffaf31d6,598
3f05e4ce-6433-4c5a-b72c-aa89422cf431,51
42c316a3-1a31-469b-b436-635edc389e02,102
42c316a3-1a31-469b-b436-635edc389e02,599
42c316a3-1a31-469b-b436-635edc389e02,102
42c316a3-1a31-469b-b436-635edc389e02,600
42c316a3-1a31-469b-b436-635edc389e02,102
42c316a3-1a31-469b-b436-635edc389e02,601
42c316a3-1a31-469b-b436-635edc389e02,602
42c316a3-1a31-469b-b436-635edc389e02,603
42c316a3-1a31-469b-b436-635edc389e02,512
42c316a3-1a31-469b-b436-635edc389e02,22
42c316a3-1a31-469b-b436-635edc389e02,412
42c316a3-1a31-469b-b436-635edc389e02,17
42c316a3-1a31-469b-b436-635edc389e02,22
12df9187-47b5-4d7e-87f5-9089a3d229c1,451
12df9187-47b5-4d7e-87f5-9089a3d229c1,269
12df9187-47b5-4d7e-87f5-9089a3d229c1,343
12df9187-47b5-4d7e-87f5-9089a3d229c1,115
12df9187-47b5-4d7e-87f5-9089a3d229c1,16
12df9187-47b5-4d7e-87f5-9089a3d229c1,65
12df9187-47b5-4d7e-87f5-9089a3d229c1,604
ac400e55-5188-4efd-872a-12df089e7068,412
ac400e55-5188-4efd-872a-12df089e7068,17
ac400e55-5188-4efd-872a-12df089e7068,22
ac400e55-5188-4efd-872a-12df089e7068,49
ac400e55-5188-4efd-872a-12df089e7068,111
ac400e55-5188-4efd-872a-12df089e7068,605
ac400e55-5188-4efd-872a-12df089e7068,606
ac400e55-5188-4efd-872a-12df089e7068,512
ac400e55-5188-4efd-872a-12df089e7068,22
ac400e55-5188-4efd-872a-12df089e7068,461
ac400e55-5188-4efd-872a-12df089e7068,55
ac400e55-5188-4efd-872a-12df089e7068,607
ac400e55-5188-4efd-872a-12df089e7068,293
ac400e55-5188-4efd-872a-12df089e7068,465
ac400e55-5188-4efd-872a-12df089e7068,412
ac400e55-5188-4efd-872a-12df089e7068,512
ac400e55-5188-4efd-872a-12df089e7068,22
986bf923-1db1-4387-85ed-db9c03a27ab5,608
986bf923-1db1-4387-85ed-db9c03a27ab5,609
986bf923-1db1-4387-85ed-db9c03a27ab5,610
986bf923-1db1-4387-85ed-db9c03a27ab5,611
986bf923-1db1-4387-85ed-db9c03a27ab5,38
986bf923-1db1-4387-85ed-db9c03a27ab5,612
986bf923-1db1-4387-85ed-db9c03a27ab5,613
986bf923-1db1-4387-85ed-db9c03a27ab5,123
986bf923-1db1-4387-85ed-db9c03a27ab5,123
986bf923-1db1-4387-85ed-db9c03a27ab5,31
986bf923-1db1-4387-85ed-db9c03a27ab5,612
986bf923-1db1-4387-85ed-db9c03a27ab5,614
986bf923-1db1-4387-85ed-db9c03a27ab5,68
986bf923-1db1-4387-85ed-db9c03a27ab5,123
986bf923-1db1-4387-85ed-db9c03a27ab5,615
986bf923-1db1-4387-85ed-db9c03a27ab5,120
986bf923-1db1-4387-85ed-db9c03a27ab5,616
0080607f-9f26-4f73-a974-36b4940fb777,617
0080607f-9f26-4f73-a974-36b4940fb777,570
0080607f-9f26-4f73-a974-36b4940fb777,127
0080607f-9f26-4f73-a974-36b4940fb777,173
0080607f-9f26-4f73-a974-36b4940fb777,23
0080607f-9f26-4f73-a974-36b4940fb777,24
0080607f-9f26-4f73-a974-36b4940fb777,618
0080607f-9f26-4f73-a974-36b4940fb777,49
0080607f-9f26-4f73-a974-36b4940fb777,394
0080607f-9f26-4f73-a974-36b4940fb777,17
0080607f-9f26-4f73-a974-36b4940fb777,22
c12518ce-b3ab-469c-81fb-e2178e6b87e3,619
c12518ce-b3ab-469c-81fb-e2178e6b87e3,111
c12518ce-b3ab-469c-81fb-e2178e6b87e3,620
c12518ce-b3ab-469c-81fb-e2178e6b87e3,621
c12518ce-b3ab-469c-81fb-e2178e6b87e3,143
c12518ce-b3ab-469c-81fb-e2178e6b87e3,115
c12518ce-b3ab-469c-81fb-e2178e6b87e3,17
c12518ce-b3ab-469c-81fb-e2178e6b87e3,22
c12518ce-b3ab-469c-81fb-e2178e6b87e3,370
c12518ce-b3ab-469c-81fb-e2178e6b87e3,38
0a2a2206-180b-4443-bdb7-92deba889221,209
0a2a2206-180b-4443-bdb7-92deba889221,622
0a2a2206-180b-4443-bdb7-92deba889221,149
0a2a2206-180b-4443-bdb7-92deba889221,49
0a2a2206-180b-4443-bdb7-92deba889221,149
0a2a2206-180b-4443-bdb7-92deba889221,211
0a2a2206-180b-4443-bdb7-92deba889221,212
0a2a2206-180b-4443-bdb7-92deba889221,456
0a2a2206-180b-4443-bdb7-92deba889221,211
0a2a2206-180b-4443-bdb7-92deba889221,212
0a2a2206-180b-4443-bdb7-92deba889221,623
0a2a2206-180b-4443-bdb7-92deba889221,624
0a2a2206-180b-4443-bdb7-92deba889221,144
0a2a2206-180b-4443-bdb7-92deba889221,211
0a2a2206-180b-4443-bdb7-92deba889221,625
0a2a2206-180b-4443-bdb7-92deba889221,626
0a2a2206-180b-4443-bdb7-92deba889221,627
0a2a2206-180b-4443-bdb7-92deba889221,150
0a2a2206-180b-4443-bdb7-92deba889221,149
0a2a2206-180b-4443-bdb7-92deba889221,628
0a2a2206-180b-4443-bdb7-92deba889221,629
0a2a2206-180b-4443-bdb7-92deba889221,630
0a2a2206-180b-4443-bdb7-92deba889221,631
0a2a2206-180b-4443-bdb7-92deba889221,630
0a2a2206-180b-4443-bdb7-92deba889221,632
39f7afe3-fd9c-4ac5-8ba1-fa2f2826ab8c,51
71115e9d-836f-409e-8c75-27d2de3e9caa,633
71115e9d-836f-409e-8c75-27d2de3e9caa,413
71115e9d-836f-409e-8c75-27d2de3e9caa,293
71115e9d-836f-409e-8c75-27d2de3e9caa,602
71115e9d-836f-409e-8c75-27d2de3e9caa,634
71115e9d-836f-409e-8c75-27d2de3e9caa,635
45b600aa-d6c7-4c4b-91b3-1d934aec4402,636
45b600aa-d6c7-4c4b-91b3-1d934aec4402,637
45b600aa-d6c7-4c4b-91b3-1d934aec4402,473
45b600aa-d6c7-4c4b-91b3-1d934aec4402,638
45b600aa-d6c7-4c4b-91b3-1d934aec4402,639
45b600aa-d6c7-4c4b-91b3-1d934aec4402,638
45b600aa-d6c7-4c4b-91b3-1d934aec4402,640
45b600aa-d6c7-4c4b-91b3-1d934aec4402,271
45b600aa-d6c7-4c4b-91b3-1d934aec4402,640
45b600aa-d6c7-4c4b-91b3-1d934aec4402,641
d4dc2c50-a749-4f5b-a3f1-763c1dc405fb,112
d4dc2c50-a749-4f5b-a3f1-763c1dc405fb,8
d4dc2c50-a749-4f5b-a3f1-763c1dc405fb,222
d4dc2c50-a749-4f5b-a3f1-763c1dc405fb,28
d4dc2c50-a749-4f5b-a3f1-763c1dc405fb,111
d6d93566-d546-42a8-8864-766098389589,642
d6d93566-d546-42a8-8864-766098389589,49
d6d93566-d546-42a8-8864-766098389589,50
d6d93566-d546-42a8-8864-766098389589,124
5f3b7745-99be-4d1b-8ce1-a413325c2008,643
5f3b7745-99be-4d1b-8ce1-a413325c2008,644
5f3b7745-99be-4d1b-8ce1-a413325c2008,112
5f3b7745-99be-4d1b-8ce1-a413325c2008,113
5f3b7745-99be-4d1b-8ce1-a413325c2008,8
5f3b7745-99be-4d1b-8ce1-a413325c2008,112
5f3b7745-99be-4d1b-8ce1-a413325c2008,113
5f3b7745-99be-4d1b-8ce1-a413325c2008,8
5f3b7745-99be-4d1b-8ce1-a413325c2008,314
fa03d816-cd99-4fea-b45b-efe7ecd3cb0a,645
fa03d816-cd99-4fea-b45b-efe7ecd3cb0a,70
fa03d816-cd99-4fea-b45b-efe7ecd3cb0a,17
fa03d816-cd99-4fea-b45b-efe7ecd3cb0a,22
fa03d816-cd99-4fea-b45b-efe7ecd3cb0a,13
fa03d816-cd99-4fea-b45b-efe7ecd3cb0a,646
fa03d816-cd99-4fea-b45b-efe7ecd3cb0a,647
fa03d816-cd99-4fea-b45b-efe7ecd3cb0a,646
ceef6d97-26fe-4163-9538-6685e98bce2e,122
ceef6d97-26fe-4163-9538-6685e98bce2e,8
ceef6d97-26fe-4163-9538-6685e98bce2e,105
ceef6d97-26fe-4163-9538-6685e98bce2e,8
ceef6d97-26fe-4163-9538-6685e98bce2e,335
ceef6d97-26fe-4163-9538-6685e98bce2e,8
ceef6d97-26fe-4163-9538-6685e98bce2e,224
3ec363e3-83f0-4dd8-9b2d-b87a7d34dc55,102
3ec363e3-83f0-4dd8-9b2d-b87a7d34dc55,122
3ec363e3-83f0-4dd8-9b2d-b87a7d34dc55,535
3ec363e3-83f0-4dd8-9b2d-b87a7d34dc55,102
3ec363e3-83f0-4dd8-9b2d-b87a7d34dc55,162
3ec363e3-83f0-4dd8-9b2d-b87a7d34dc55,102
3ec363e3-83f0-4dd8-9b2d-b87a7d34dc55,549
f30d35c6-4320-476f-8506-481764e6009e,56
f30d35c6-4320-476f-8506-481764e6009e,182
f30d35c6-4320-476f-8506-481764e6009e,648
f30d35c6-4320-476f-8506-481764e6009e,38
f30d35c6-4320-476f-8506-481764e6009e,115
f30d35c6-4320-476f-8506-481764e6009e,26
f30d35c6-4320-476f-8506-481764e6009e,38
f30d35c6-4320-476f-8506-481764e6009e,55
f30d35c6-4320-476f-8506-481764e6009e,38
f30d35c6-4320-476f-8506-481764e6009e,56
f30d35c6-4320-476f-8506-481764e6009e,649
f30d35c6-4320-476f-8506-481764e6009e,161
e175684d-abc3-4ee4-9a12-af6c611e47c0,123
e175684d-abc3-4ee4-9a12-af6c611e47c0,650
e175684d-abc3-4ee4-9a12-af6c611e47c0,16
e175684d-abc3-4ee4-9a12-af6c611e47c0,65
64730011-f493-4dbb-abf6-b48924ddc794,512
64730011-f493-4dbb-abf6-b48924ddc794,22
64730011-f493-4dbb-abf6-b48924ddc794,568
64730011-f493-4dbb-abf6-b48924ddc794,393
64730011-f493-4dbb-abf6-b48924ddc794,105
64730011-f493-4dbb-abf6-b48924ddc794,651
64730011-f493-4dbb-abf6-b48924ddc794,22
64730011-f493-4dbb-abf6-b48924ddc794,652
64730011-f493-4dbb-abf6-b48924ddc794,653
64730011-f493-4dbb-abf6-b48924ddc794,654
64730011-f493-4dbb-abf6-b48924ddc794,22
64730011-f493-4dbb-abf6-b48924ddc794,249
64730011-f493-4dbb-abf6-b48924ddc794,55
b611f406-3531-4b9a-a511-831d28cf62ef,655
b611f406-3531-4b9a-a511-831d28cf62ef,656
b611f406-3531-4b9a-a511-831d28cf62ef,657
b611f406-3531-4b9a-a511-831d28cf62ef,658
6b81fcf4-173e-4e8b-86d6-2c9e7b4320c6,28
6b81fcf4-173e-4e8b-86d6-2c9e7b4320c6,182
6b81fcf4-173e-4e8b-86d6-2c9e7b4320c6,93
6b81fcf4-173e-4e8b-86d6-2c9e7b4320c6,28
6b81fcf4-173e-4e8b-86d6-2c9e7b4320c6,111
6b81fcf4-173e-4e8b-86d6-2c9e7b4320c6,112
6b81fcf4-173e-4e8b-86d6-2c9e7b4320c6,659
6b81fcf4-173e-4e8b-86d6-2c9e7b4320c6,86
6b81fcf4-173e-4e8b-86d6-2c9e7b4320c6,660
6b81fcf4-173e-4e8b-86d6-2c9e7b4320c6,70
7e884581-3d40-42e6-af12-453e052c9c87,55
7e884581-3d40-42e6-af12-453e052c9c87,240
7e884581-3d40-42e6-af12-453e052c9c87,241
7e884581-3d40-42e6-af12-453e052c9c87,661
7e884581-3d40-42e6-af12-453e052c9c87,149
7e884581-3d40-42e6-af12-453e052c9c87,662
7e884581-3d40-42e6-af12-453e052c9c87,663
7e884581-3d40-42e6-af12-453e052c9c87,664
7e884581-3d40-42e6-af12-453e052c9c87,276
7e884581-3d40-42e6-af12-453e052c9c87,665
7e884581-3d40-42e6-af12-453e052c9c87,240
7e884581-3d40-42e6-af12-453e052c9c87,241
7e884581-3d40-42e6-af12-453e052c9c87,124
cf6cfa0b-e3ac-4164-8de2-b956d8e23825,233
cf6cfa0b-e3ac-4164-8de2-b956d8e23825,26
cf6cfa0b-e3ac-4164-8de2-b956d8e23825,666
cf6cfa0b-e3ac-4164-8de2-b956d8e23825,49
cf6cfa0b-e3ac-4164-8de2-b956d8e23825,149
cf6cfa0b-e3ac-4164-8de2-b956d8e23825,38
cf6cfa0b-e3ac-4164-8de2-b956d8e23825,115
cf6cfa0b-e3ac-4164-8de2-b956d8e23825,143
cf6cfa0b-e3ac-4164-8de2-b956d8e23825,38
cf6cfa0b-e3ac-4164-8de2-b956d8e23825,199
cf6cfa0b-e3ac-4164-8de2-b956d8e23825,273
cf6cfa0b-e3ac-4164-8de2-b956d8e23825,26
cf6cfa0b-e3ac-4164-8de2-b956d8e23825,384
cf6cfa0b-e3ac-4164-8de2-b956d8e23825,667
cf6cfa0b-e3ac-4164-8de2-b956d8e23825,668
cf6cfa0b-e3ac-4164-8de2-b956d8e23825,150
cf6cfa0b-e3ac-4164-8de2-b956d8e23825,149
cf6cfa0b-e3ac-4164-8de2-b956d8e23825,115
cf6cfa0b-e3ac-4164-8de2-b956d8e23825,563
977ec015-b047-44f1-8aa9-bda7d606c977,33
977ec015-b047-44f1-8aa9-bda7d606c977,49
977ec015-b047-44f1-8aa9-bda7d606c977,26
977ec015-b047-44f1-8aa9-bda7d606c977,582
977ec015-b047-44f1-8aa9-bda7d606c977,210
977ec015-b047-44f1-8aa9-bda7d606c977,382
977ec015-b047-44f1-8aa9-bda7d606c977,59
977ec015-b047-44f1-8aa9-bda7d606c977,669
c072fa93-9dbb-4815-b72a-e24dcdd453f8,295
c072fa93-9dbb-4815-b72a-e24dcdd453f8,38
c072fa93-9dbb-4815-b72a-e24dcdd453f8,26
c072fa93-9dbb-4815-b72a-e24dcdd453f8,38
c072fa93-9dbb-4815-b72a-e24dcdd453f8,70
c072fa93-9dbb-4815-b72a-e24dcdd453f8,71
c072fa93-9dbb-4815-b72a-e24dcdd453f8,38
c072fa93-9dbb-4815-b72a-e24dcdd453f8,294
c072fa93-9dbb-4815-b72a-e24dcdd453f8,38
c072fa93-9dbb-4815-b72a-e24dcdd453f8,70
c072fa93-9dbb-4815-b72a-e24dcdd453f8,273
c072fa93-9dbb-4815-b72a-e24dcdd453f8,26
c072fa93-9dbb-4815-b72a-e24dcdd453f8,670
c072fa93-9dbb-4815-b72a-e24dcdd453f8,231
c072fa93-9dbb-4815-b72a-e24dcdd453f8,232
c072fa93-9dbb-4815-b72a-e24dcdd453f8,299
c072fa93-9dbb-4815-b72a-e24dcdd453f8,38
c072fa93-9dbb-4815-b72a-e24dcdd453f8,56
c072fa93-9dbb-4815-b72a-e24dcdd453f8,182
c072fa93-9dbb-4815-b72a-e24dcdd453f8,671
e20164d2-7e0c-4f05-88be-ca477dfc5f8c,672
e20164d2-7e0c-4f05-88be-ca477dfc5f8c,673
e20164d2-7e0c-4f05-88be-ca477dfc5f8c,618
e20164d2-7e0c-4f05-88be-ca477dfc5f8c,102
e20164d2-7e0c-4f05-88be-ca477dfc5f8c,143
e20164d2-7e0c-4f05-88be-ca477dfc5f8c,38
e20164d2-7e0c-4f05-88be-ca477dfc5f8c,150
e20164d2-7e0c-4f05-88be-ca477dfc5f8c,149
e20164d2-7e0c-4f05-88be-ca477dfc5f8c,382
e20164d2-7e0c-4f05-88be-ca477dfc5f8c,59
e20164d2-7e0c-4f05-88be-ca477dfc5f8c,149
e20164d2-7e0c-4f05-88be-ca477dfc5f8c,674
e20164d2-7e0c-4f05-88be-ca477dfc5f8c,673
e20164d2-7e0c-4f05-88be-ca477dfc5f8c,127
e20164d2-7e0c-4f05-88be-ca477dfc5f8c,673
e20164d2-7e0c-4f05-88be-ca477dfc5f8c,240
e20164d2-7e0c-4f05-88be-ca477dfc5f8c,241
38e643e8-bd72-40e3-ba25-b031e957b7fb,51
38e643e8-bd72-40e3-ba25-b031e957b7fb,17
38e643e8-bd72-40e3-ba25-b031e957b7fb,22
38e643e8-bd72-40e3-ba25-b031e957b7fb,102
38e643e8-bd72-40e3-ba25-b031e957b7fb,418
cfb0029a-04d0-4606-810f-bf6d6777171b,102
cfb0029a-04d0-4606-810f-bf6d6777171b,21
cfb0029a-04d0-4606-810f-bf6d6777171b,83
cfb0029a-04d0-4606-810f-bf6d6777171b,70
cfb0029a-04d0-4606-810f-bf6d6777171b,102
cfb0029a-04d0-4606-810f-bf6d6777171b,50
cfb0029a-04d0-4606-810f-bf6d6777171b,675
cfb0029a-04d0-4606-810f-bf6d6777171b,83
cfb0029a-04d0-4606-810f-bf6d6777171b,50
f09e1c90-dbb8-4379-9905-0086e71503d4,188
f09e1c90-dbb8-4379-9905-0086e71503d4,83
f09e1c90-dbb8-4379-9905-0086e71503d4,50
f09e1c90-dbb8-4379-9905-0086e71503d4,565
f09e1c90-dbb8-4379-9905-0086e71503d4,204
f09e1c90-dbb8-4379-9905-0086e71503d4,50
1780c8b5-860d-4c59-8d81-09438caf15cd,240
1780c8b5-860d-4c59-8d81-09438caf15cd,241
1780c8b5-860d-4c59-8d81-09438caf15cd,244
1780c8b5-860d-4c59-8d81-09438caf15cd,269
1780c8b5-860d-4c59-8d81-09438caf15cd,676
1780c8b5-860d-4c59-8d81-09438caf15cd,677
1780c8b5-860d-4c59-8d81-09438caf15cd,678
1780c8b5-860d-4c59-8d81-09438caf15cd,605
1780c8b5-860d-4c59-8d81-09438caf15cd,679
1780c8b5-860d-4c59-8d81-09438caf15cd,268
1780c8b5-860d-4c59-8d81-09438caf15cd,51
1780c8b5-860d-4c59-8d81-09438caf15cd,268
1780c8b5-860d-4c59-8d81-09438caf15cd,242
e726f512-d3fd-4d89-962a-3aa9f532a52f,680
e726f512-d3fd-4d89-962a-3aa9f532a52f,111
e726f512-d3fd-4d89-962a-3aa9f532a52f,28
e726f512-d3fd-4d89-962a-3aa9f532a52f,445
e726f512-d3fd-4d89-962a-3aa9f532a52f,102
e726f512-d3fd-4d89-962a-3aa9f532a52f,50
e726f512-d3fd-4d89-962a-3aa9f532a52f,269
e726f512-d3fd-4d89-962a-3aa9f532a52f,681
e726f512-d3fd-4d89-962a-3aa9f532a52f,102
e726f512-d3fd-4d89-962a-3aa9f532a52f,418
124de7ea-2c0b-435f-b2bd-3fd5869590e7,199
124de7ea-2c0b-435f-b2bd-3fd5869590e7,273
124de7ea-2c0b-435f-b2bd-3fd5869590e7,26
ecc36d3e-77ac-4333-9918-2431807cd4e0,682
ecc36d3e-77ac-4333-9918-2431807cd4e0,683
ecc36d3e-77ac-4333-9918-2431807cd4e0,221
ecc36d3e-77ac-4333-9918-2431807cd4e0,50
d5c3a434-36d5-4861-862d-3c5b3e332121,102
d5c3a434-36d5-4861-862d-3c5b3e332121,111
d5c3a434-36d5-4861-862d-3c5b3e332121,332
d5c3a434-36d5-4861-862d-3c5b3e332121,684
d5c3a434-36d5-4861-862d-3c5b3e332121,685
d5c3a434-36d5-4861-862d-3c5b3e332121,102
d5c3a434-36d5-4861-862d-3c5b3e332121,21
fc4a63b2-8edf-4d1c-94a4-2cbfe61adf48,8
fc4a63b2-8edf-4d1c-94a4-2cbfe61adf48,105
fc4a63b2-8edf-4d1c-94a4-2cbfe61adf48,112
fc4a63b2-8edf-4d1c-94a4-2cbfe61adf48,113
fc4a63b2-8edf-4d1c-94a4-2cbfe61adf48,686
fc4a63b2-8edf-4d1c-94a4-2cbfe61adf48,94
dac0e506-da5d-4ee6-8783-5abd2a2096f3,682
dac0e506-da5d-4ee6-8783-5abd2a2096f3,239
dac0e506-da5d-4ee6-8783-5abd2a2096f3,240
dac0e506-da5d-4ee6-8783-5abd2a2096f3,241
ca2a035e-64a1-4a75-9269-d6ee91496191,682
ca2a035e-64a1-4a75-9269-d6ee91496191,381
2f6e4cae-9002-4aff-a562-526705e850af,17
2f6e4cae-9002-4aff-a562-526705e850af,22
2f6e4cae-9002-4aff-a562-526705e850af,127
2f6e4cae-9002-4aff-a562-526705e850af,50
2f6e4cae-9002-4aff-a562-526705e850af,23
2f6e4cae-9002-4aff-a562-526705e850af,24
2f6e4cae-9002-4aff-a562-526705e850af,49
2f6e4cae-9002-4aff-a562-526705e850af,50
c40e1e8a-50ee-4a7c-b7f0-2fc0fdd62adc,195
c40e1e8a-50ee-4a7c-b7f0-2fc0fdd62adc,196
c40e1e8a-50ee-4a7c-b7f0-2fc0fdd62adc,197
c40e1e8a-50ee-4a7c-b7f0-2fc0fdd62adc,240
c40e1e8a-50ee-4a7c-b7f0-2fc0fdd62adc,241
c40e1e8a-50ee-4a7c-b7f0-2fc0fdd62adc,17
c40e1e8a-50ee-4a7c-b7f0-2fc0fdd62adc,22
147a9f2c-2353-4ddf-a631-a86a369d8c12,240
147a9f2c-2353-4ddf-a631-a86a369d8c12,241
147a9f2c-2353-4ddf-a631-a86a369d8c12,240
147a9f2c-2353-4ddf-a631-a86a369d8c12,245
147a9f2c-2353-4ddf-a631-a86a369d8c12,419
147a9f2c-2353-4ddf-a631-a86a369d8c12,111
8999b149-c410-4fd7-882f-9be2e31a4fe8,38
8999b149-c410-4fd7-882f-9be2e31a4fe8,579
8999b149-c410-4fd7-882f-9be2e31a4fe8,55
8999b149-c410-4fd7-882f-9be2e31a4fe8,231
8999b149-c410-4fd7-882f-9be2e31a4fe8,687
8999b149-c410-4fd7-882f-9be2e31a4fe8,649
8999b149-c410-4fd7-882f-9be2e31a4fe8,688
07251d01-c63e-448b-84f2-6e9e128ae147,565
07251d01-c63e-448b-84f2-6e9e128ae147,195
07251d01-c63e-448b-84f2-6e9e128ae147,196
07251d01-c63e-448b-84f2-6e9e128ae147,197
07251d01-c63e-448b-84f2-6e9e128ae147,689
07251d01-c63e-448b-84f2-6e9e128ae147,188
07251d01-c63e-448b-84f2-6e9e128ae147,83
07251d01-c63e-448b-84f2-6e9e128ae147,50
07251d01-c63e-448b-84f2-6e9e128ae147,204
07251d01-c63e-448b-84f2-6e9e128ae147,50
7e6e312c-7d1b-4d6a-ac22-385bab06ee41,690
7e6e312c-7d1b-4d6a-ac22-385bab06ee41,53
7e6e312c-7d1b-4d6a-ac22-385bab06ee41,54
7e6e312c-7d1b-4d6a-ac22-385bab06ee41,51
7e6e312c-7d1b-4d6a-ac22-385bab06ee41,691
7e6e312c-7d1b-4d6a-ac22-385bab06ee41,692
7e6e312c-7d1b-4d6a-ac22-385bab06ee41,693
81de28ef-db46-405c-a49b-79af67660d89,395
81de28ef-db46-405c-a49b-79af67660d89,526
81de28ef-db46-405c-a49b-79af67660d89,694
81de28ef-db46-405c-a49b-79af67660d89,695
81de28ef-db46-405c-a49b-79af67660d89,694
81de28ef-db46-405c-a49b-79af67660d89,526
81de28ef-db46-405c-a49b-79af67660d89,391
bc8bcc0c-c956-451c-8f18-6caed523f6d6,465
bc8bcc0c-c956-451c-8f18-6caed523f6d6,469
bc8bcc0c-c956-451c-8f18-6caed523f6d6,8
bc8bcc0c-c956-451c-8f18-6caed523f6d6,214
bc8bcc0c-c956-451c-8f18-6caed523f6d6,220
bc8bcc0c-c956-451c-8f18-6caed523f6d6,463
0600e907-f51e-4588-923c-9a984592580e,17
0600e907-f51e-4588-923c-9a984592580e,22
0600e907-f51e-4588-923c-9a984592580e,509
0600e907-f51e-4588-923c-9a984592580e,105
0600e907-f51e-4588-923c-9a984592580e,49
0600e907-f51e-4588-923c-9a984592580e,50
0600e907-f51e-4588-923c-9a984592580e,696
0600e907-f51e-4588-923c-9a984592580e,123
d1be56b5-3ded-4aeb-9339-3af4d4c35035,49
d1be56b5-3ded-4aeb-9339-3af4d4c35035,50
d1be56b5-3ded-4aeb-9339-3af4d4c35035,51
cb1b6c5f-6206-4a35-b8aa-6a750f9c89a1,199
cb1b6c5f-6206-4a35-b8aa-6a750f9c89a1,149
54383d75-e8f9-42fc-bf92-593e0133f0eb,697
54383d75-e8f9-42fc-bf92-593e0133f0eb,407
54383d75-e8f9-42fc-bf92-593e0133f0eb,620
54383d75-e8f9-42fc-bf92-593e0133f0eb,698
54383d75-e8f9-42fc-bf92-593e0133f0eb,85
54383d75-e8f9-42fc-bf92-593e0133f0eb,8
54383d75-e8f9-42fc-bf92-593e0133f0eb,407
54383d75-e8f9-42fc-bf92-593e0133f0eb,261
54383d75-e8f9-42fc-bf92-593e0133f0eb,699
54383d75-e8f9-42fc-bf92-593e0133f0eb,83
54383d75-e8f9-42fc-bf92-593e0133f0eb,288
5e0b9262-e80c-4eb3-9d39-47d0121454ca,49
5e0b9262-e80c-4eb3-9d39-47d0121454ca,50
5e0b9262-e80c-4eb3-9d39-47d0121454ca,35
5e0b9262-e80c-4eb3-9d39-47d0121454ca,174
5e0b9262-e80c-4eb3-9d39-47d0121454ca,70
5e0b9262-e80c-4eb3-9d39-47d0121454ca,102
5e0b9262-e80c-4eb3-9d39-47d0121454ca,417
5e0b9262-e80c-4eb3-9d39-47d0121454ca,700
5e0b9262-e80c-4eb3-9d39-47d0121454ca,102
f2a38db0-49a6-4252-af15-8586639f1b6e,33
f2a38db0-49a6-4252-af15-8586639f1b6e,677
f2a38db0-49a6-4252-af15-8586639f1b6e,83
f2a38db0-49a6-4252-af15-8586639f1b6e,111
8141993a-b522-4f30-8e3c-626566a037b4,448
8141993a-b522-4f30-8e3c-626566a037b4,242
8141993a-b522-4f30-8e3c-626566a037b4,676
8141993a-b522-4f30-8e3c-626566a037b4,677
8141993a-b522-4f30-8e3c-626566a037b4,268
8141993a-b522-4f30-8e3c-626566a037b4,242
8141993a-b522-4f30-8e3c-626566a037b4,619
8141993a-b522-4f30-8e3c-626566a037b4,111
8141993a-b522-4f30-8e3c-626566a037b4,244
8141993a-b522-4f30-8e3c-626566a037b4,242
8141993a-b522-4f30-8e3c-626566a037b4,434
8141993a-b522-4f30-8e3c-626566a037b4,22
ae381d9e-1028-4309-b7a2-8cf83a65c0b8,49
ae381d9e-1028-4309-b7a2-8cf83a65c0b8,50
ae381d9e-1028-4309-b7a2-8cf83a65c0b8,242
ae381d9e-1028-4309-b7a2-8cf83a65c0b8,497
ae381d9e-1028-4309-b7a2-8cf83a65c0b8,56
ae381d9e-1028-4309-b7a2-8cf83a65c0b8,571
a4d5d125-061e-4594-b4e4-1389a19ff99f,30
a4d5d125-061e-4594-b4e4-1389a19ff99f,33
a4d5d125-061e-4594-b4e4-1389a19ff99f,49
a4d5d125-061e-4594-b4e4-1389a19ff99f,26
a4d5d125-061e-4594-b4e4-1389a19ff99f,29
a4d5d125-061e-4594-b4e4-1389a19ff99f,30
a4d5d125-061e-4594-b4e4-1389a19ff99f,38
a4d5d125-061e-4594-b4e4-1389a19ff99f,92
a4d5d125-061e-4594-b4e4-1389a19ff99f,605
c3ca425d-f0d9-493b-9012-7dee3b9e2dfb,83
c3ca425d-f0d9-493b-9012-7dee3b9e2dfb,50
c3ca425d-f0d9-493b-9012-7dee3b9e2dfb,85
c3ca425d-f0d9-493b-9012-7dee3b9e2dfb,84
c3ca425d-f0d9-493b-9012-7dee3b9e2dfb,328
c3ca425d-f0d9-493b-9012-7dee3b9e2dfb,220
c3ca425d-f0d9-493b-9012-7dee3b9e2dfb,701
c3ca425d-f0d9-493b-9012-7dee3b9e2dfb,98
c3ca425d-f0d9-493b-9012-7dee3b9e2dfb,11
c3ca425d-f0d9-493b-9012-7dee3b9e2dfb,118
41da2096-dc8b-44c2-93ad-6473e220f85e,56
41da2096-dc8b-44c2-93ad-6473e220f85e,182
41da2096-dc8b-44c2-93ad-6473e220f85e,38
41da2096-dc8b-44c2-93ad-6473e220f85e,70
41da2096-dc8b-44c2-93ad-6473e220f85e,437
41da2096-dc8b-44c2-93ad-6473e220f85e,59
41da2096-dc8b-44c2-93ad-6473e220f85e,382
41da2096-dc8b-44c2-93ad-6473e220f85e,59
41da2096-dc8b-44c2-93ad-6473e220f85e,702
41da2096-dc8b-44c2-93ad-6473e220f85e,703
41da2096-dc8b-44c2-93ad-6473e220f85e,295
41da2096-dc8b-44c2-93ad-6473e220f85e,38
41da2096-dc8b-44c2-93ad-6473e220f85e,505
41da2096-dc8b-44c2-93ad-6473e220f85e,56
41da2096-dc8b-44c2-93ad-6473e220f85e,38
41da2096-dc8b-44c2-93ad-6473e220f85e,704
41da2096-dc8b-44c2-93ad-6473e220f85e,705
41da2096-dc8b-44c2-93ad-6473e220f85e,56
77359666-99eb-4d00-90af-6cbec6c4562b,450
77359666-99eb-4d00-90af-6cbec6c4562b,706
77359666-99eb-4d00-90af-6cbec6c4562b,269
77359666-99eb-4d00-90af-6cbec6c4562b,29
77359666-99eb-4d00-90af-6cbec6c4562b,707
77359666-99eb-4d00-90af-6cbec6c4562b,17
77359666-99eb-4d00-90af-6cbec6c4562b,22
1ee9fda3-cb4e-4c06-82b1-7e248c20a700,38
1ee9fda3-cb4e-4c06-82b1-7e248c20a700,70
1ee9fda3-cb4e-4c06-82b1-7e248c20a700,240
1ee9fda3-cb4e-4c06-82b1-7e248c20a700,241
1ee9fda3-cb4e-4c06-82b1-7e248c20a700,357
1ee9fda3-cb4e-4c06-82b1-7e248c20a700,249
1ee9fda3-cb4e-4c06-82b1-7e248c20a700,55
cac3823d-3dc6-4513-8448-be21a2d49344,213
cac3823d-3dc6-4513-8448-be21a2d49344,237
cac3823d-3dc6-4513-8448-be21a2d49344,187
cac3823d-3dc6-4513-8448-be21a2d49344,708
cac3823d-3dc6-4513-8448-be21a2d49344,377
cac3823d-3dc6-4513-8448-be21a2d49344,464
cac3823d-3dc6-4513-8448-be21a2d49344,237
cac3823d-3dc6-4513-8448-be21a2d49344,377
b2431f12-bff1-4a97-af68-defe62b81aee,8
b2431f12-bff1-4a97-af68-defe62b81aee,222
b2431f12-bff1-4a97-af68-defe62b81aee,240
b2431f12-bff1-4a97-af68-defe62b81aee,241
b2431f12-bff1-4a97-af68-defe62b81aee,111
b2431f12-bff1-4a97-af68-defe62b81aee,44
f72688e0-ad8f-4dc2-bb6b-c22fa14164c3,419
f72688e0-ad8f-4dc2-bb6b-c22fa14164c3,271
f72688e0-ad8f-4dc2-bb6b-c22fa14164c3,709
f72688e0-ad8f-4dc2-bb6b-c22fa14164c3,102
f72688e0-ad8f-4dc2-bb6b-c22fa14164c3,50
f72688e0-ad8f-4dc2-bb6b-c22fa14164c3,461
f72688e0-ad8f-4dc2-bb6b-c22fa14164c3,137
c22491da-c338-47a0-ae95-5a51b85e576b,710
c22491da-c338-47a0-ae95-5a51b85e576b,38
c22491da-c338-47a0-ae95-5a51b85e576b,111
c22491da-c338-47a0-ae95-5a51b85e576b,186
c22491da-c338-47a0-ae95-5a51b85e576b,711
c22491da-c338-47a0-ae95-5a51b85e576b,231
c22491da-c338-47a0-ae95-5a51b85e576b,232
c22491da-c338-47a0-ae95-5a51b85e576b,83
c22491da-c338-47a0-ae95-5a51b85e576b,38
20685b27-43b0-4170-bcf8-3cc28832d2e7,8
20685b27-43b0-4170-bcf8-3cc28832d2e7,38
20685b27-43b0-4170-bcf8-3cc28832d2e7,238
20685b27-43b0-4170-bcf8-3cc28832d2e7,182
20685b27-43b0-4170-bcf8-3cc28832d2e7,712
20685b27-43b0-4170-bcf8-3cc28832d2e7,8
20685b27-43b0-4170-bcf8-3cc28832d2e7,713
bf8d35b0-2ec1-4cd7-a341-51627a0acbb9,714
bf8d35b0-2ec1-4cd7-a341-51627a0acbb9,51
bf8d35b0-2ec1-4cd7-a341-51627a0acbb9,268
bf8d35b0-2ec1-4cd7-a341-51627a0acbb9,242
bf8d35b0-2ec1-4cd7-a341-51627a0acbb9,715
bf8d35b0-2ec1-4cd7-a341-51627a0acbb9,22
bf8d35b0-2ec1-4cd7-a341-51627a0acbb9,716
bf8d35b0-2ec1-4cd7-a341-51627a0acbb9,22
bf8d35b0-2ec1-4cd7-a341-51627a0acbb9,653
7208d996-d004-402b-b6f9-36294ff67fcc,8
7208d996-d004-402b-b6f9-36294ff67fcc,38
7208d996-d004-402b-b6f9-36294ff67fcc,273
7208d996-d004-402b-b6f9-36294ff67fcc,26
7208d996-d004-402b-b6f9-36294ff67fcc,222
7208d996-d004-402b-b6f9-36294ff67fcc,182
7208d996-d004-402b-b6f9-36294ff67fcc,208
8ee88b26-8053-4761-8c8d-91a2941a9df9,55
70ec5312-dd31-4816-a9f0-d91883214b0a,112
70ec5312-dd31-4816-a9f0-d91883214b0a,717
70ec5312-dd31-4816-a9f0-d91883214b0a,395
70ec5312-dd31-4816-a9f0-d91883214b0a,718
70ec5312-dd31-4816-a9f0-d91883214b0a,115
70ec5312-dd31-4816-a9f0-d91883214b0a,719
70ec5312-dd31-4816-a9f0-d91883214b0a,642
5417f888-9371-4933-8a2b-7679eb21bd84,56
5417f888-9371-4933-8a2b-7679eb21bd84,182
5417f888-9371-4933-8a2b-7679eb21bd84,279
5417f888-9371-4933-8a2b-7679eb21bd84,199
5417f888-9371-4933-8a2b-7679eb21bd84,649
5417f888-9371-4933-8a2b-7679eb21bd84,688
5417f888-9371-4933-8a2b-7679eb21bd84,287
5417f888-9371-4933-8a2b-7679eb21bd84,126
5417f888-9371-4933-8a2b-7679eb21bd84,364
5417f888-9371-4933-8a2b-7679eb21bd84,720
5417f888-9371-4933-8a2b-7679eb21bd84,26
5417f888-9371-4933-8a2b-7679eb21bd84,721
5417f888-9371-4933-8a2b-7679eb21bd84,287
5417f888-9371-4933-8a2b-7679eb21bd84,233
5417f888-9371-4933-8a2b-7679eb21bd84,272
5417f888-9371-4933-8a2b-7679eb21bd84,139
5417f888-9371-4933-8a2b-7679eb21bd84,38
5417f888-9371-4933-8a2b-7679eb21bd84,722
5417f888-9371-4933-8a2b-7679eb21bd84,70
5417f888-9371-4933-8a2b-7679eb21bd84,723
5417f888-9371-4933-8a2b-7679eb21bd84,38
5417f888-9371-4933-8a2b-7679eb21bd84,8
5417f888-9371-4933-8a2b-7679eb21bd84,441
5417f888-9371-4933-8a2b-7679eb21bd84,8
5417f888-9371-4933-8a2b-7679eb21bd84,233
5417f888-9371-4933-8a2b-7679eb21bd84,579
5417f888-9371-4933-8a2b-7679eb21bd84,55
5417f888-9371-4933-8a2b-7679eb21bd84,438
5417f888-9371-4933-8a2b-7679eb21bd84,70
6abf7fdb-d583-4b32-816b-22fcfde6e74b,17
6abf7fdb-d583-4b32-816b-22fcfde6e74b,22
6abf7fdb-d583-4b32-816b-22fcfde6e74b,102
6abf7fdb-d583-4b32-816b-22fcfde6e74b,50
6abf7fdb-d583-4b32-816b-22fcfde6e74b,370
6abf7fdb-d583-4b32-816b-22fcfde6e74b,143
6abf7fdb-d583-4b32-816b-22fcfde6e74b,115
6abf7fdb-d583-4b32-816b-22fcfde6e74b,165
6abf7fdb-d583-4b32-816b-22fcfde6e74b,102
35dbc3d0-efc4-4935-960c-beff5c64a758,401
35dbc3d0-efc4-4935-960c-beff5c64a758,2
35dbc3d0-efc4-4935-960c-beff5c64a758,486
35dbc3d0-efc4-4935-960c-beff5c64a758,2
35dbc3d0-efc4-4935-960c-beff5c64a758,8
35dbc3d0-efc4-4935-960c-beff5c64a758,724
35dbc3d0-efc4-4935-960c-beff5c64a758,8
35dbc3d0-efc4-4935-960c-beff5c64a758,335
35dbc3d0-efc4-4935-960c-beff5c64a758,2
6826c79c-8024-4f3c-bebf-f07d51e8988b,143
6826c79c-8024-4f3c-bebf-f07d51e8988b,38
6826c79c-8024-4f3c-bebf-f07d51e8988b,143
6826c79c-8024-4f3c-bebf-f07d51e8988b,44
6826c79c-8024-4f3c-bebf-f07d51e8988b,143
6826c79c-8024-4f3c-bebf-f07d51e8988b,725
6826c79c-8024-4f3c-bebf-f07d51e8988b,126
6826c79c-8024-4f3c-bebf-f07d51e8988b,83
6826c79c-8024-4f3c-bebf-f07d51e8988b,22
6826c79c-8024-4f3c-bebf-f07d51e8988b,474
6826c79c-8024-4f3c-bebf-f07d51e8988b,2
0562500c-e9cb-43cf-9641-8775d47103cc,594
0562500c-e9cb-43cf-9641-8775d47103cc,726
0562500c-e9cb-43cf-9641-8775d47103cc,727
0562500c-e9cb-43cf-9641-8775d47103cc,22
0562500c-e9cb-43cf-9641-8775d47103cc,102
0562500c-e9cb-43cf-9641-8775d47103cc,728
0562500c-e9cb-43cf-9641-8775d47103cc,270
0562500c-e9cb-43cf-9641-8775d47103cc,271
be459204-f0ed-46cf-a79b-66031919e944,213
be459204-f0ed-46cf-a79b-66031919e944,729
be459204-f0ed-46cf-a79b-66031919e944,213
be459204-f0ed-46cf-a79b-66031919e944,583
be459204-f0ed-46cf-a79b-66031919e944,499
be459204-f0ed-46cf-a79b-66031919e944,93
309a5219-ed28-4827-bf5f-9ddee6ae66a2,51
309a5219-ed28-4827-bf5f-9ddee6ae66a2,321
309a5219-ed28-4827-bf5f-9ddee6ae66a2,370
309a5219-ed28-4827-bf5f-9ddee6ae66a2,38
5fe674d5-8b11-4c75-8fe0-c7730db40441,730
5fe674d5-8b11-4c75-8fe0-c7730db40441,188
5fe674d5-8b11-4c75-8fe0-c7730db40441,83
5fe674d5-8b11-4c75-8fe0-c7730db40441,50
5fe674d5-8b11-4c75-8fe0-c7730db40441,204
5fe674d5-8b11-4c75-8fe0-c7730db40441,21
5fe674d5-8b11-4c75-8fe0-c7730db40441,199
5fe674d5-8b11-4c75-8fe0-c7730db40441,273
5fe674d5-8b11-4c75-8fe0-c7730db40441,26
363f336f-ee57-420f-990f-11e8c2f0e2c6,17
363f336f-ee57-420f-990f-11e8c2f0e2c6,22
363f336f-ee57-420f-990f-11e8c2f0e2c6,51
363f336f-ee57-420f-990f-11e8c2f0e2c6,240
363f336f-ee57-420f-990f-11e8c2f0e2c6,241
363f336f-ee57-420f-990f-11e8c2f0e2c6,165
363f336f-ee57-420f-990f-11e8c2f0e2c6,102
363f336f-ee57-420f-990f-11e8c2f0e2c6,102
363f336f-ee57-420f-990f-11e8c2f0e2c6,50
cea9fe0e-2aa6-4a19-8a04-13cffe563626,102
cea9fe0e-2aa6-4a19-8a04-13cffe563626,204
cea9fe0e-2aa6-4a19-8a04-13cffe563626,21
cea9fe0e-2aa6-4a19-8a04-13cffe563626,165
cea9fe0e-2aa6-4a19-8a04-13cffe563626,102
cea9fe0e-2aa6-4a19-8a04-13cffe563626,419
cea9fe0e-2aa6-4a19-8a04-13cffe563626,111
cea9fe0e-2aa6-4a19-8a04-13cffe563626,28
cea9fe0e-2aa6-4a19-8a04-13cffe563626,122
cea9fe0e-2aa6-4a19-8a04-13cffe563626,188
cea9fe0e-2aa6-4a19-8a04-13cffe563626,83
cea9fe0e-2aa6-4a19-8a04-13cffe563626,50
cea9fe0e-2aa6-4a19-8a04-13cffe563626,17
cea9fe0e-2aa6-4a19-8a04-13cffe563626,22
cea9fe0e-2aa6-4a19-8a04-13cffe563626,731
cea9fe0e-2aa6-4a19-8a04-13cffe563626,418
17d5f65c-93c4-4160-be62-e6fd9260e305,732
17d5f65c-93c4-4160-be62-e6fd9260e305,382
17d5f65c-93c4-4160-be62-e6fd9260e305,59
17d5f65c-93c4-4160-be62-e6fd9260e305,696
17d5f65c-93c4-4160-be62-e6fd9260e305,123
17d5f65c-93c4-4160-be62-e6fd9260e305,437
17d5f65c-93c4-4160-be62-e6fd9260e305,59
7dd2f4fa-dd14-4676-8f1a-f719f213f64f,332
7dd2f4fa-dd14-4676-8f1a-f719f213f64f,684
7dd2f4fa-dd14-4676-8f1a-f719f213f64f,8
7dd2f4fa-dd14-4676-8f1a-f719f213f64f,733
7dd2f4fa-dd14-4676-8f1a-f719f213f64f,734
7dd2f4fa-dd14-4676-8f1a-f719f213f64f,159
98276178-6706-48d0-8281-3bd487014112,735
98276178-6706-48d0-8281-3bd487014112,736
98276178-6706-48d0-8281-3bd487014112,276
98276178-6706-48d0-8281-3bd487014112,737
98276178-6706-48d0-8281-3bd487014112,738
98276178-6706-48d0-8281-3bd487014112,123
98276178-6706-48d0-8281-3bd487014112,739
98276178-6706-48d0-8281-3bd487014112,740
98276178-6706-48d0-8281-3bd487014112,741
98276178-6706-48d0-8281-3bd487014112,173
98276178-6706-48d0-8281-3bd487014112,188
98276178-6706-48d0-8281-3bd487014112,742
98276178-6706-48d0-8281-3bd487014112,49
98276178-6706-48d0-8281-3bd487014112,743
98276178-6706-48d0-8281-3bd487014112,744
98276178-6706-48d0-8281-3bd487014112,38
98276178-6706-48d0-8281-3bd487014112,745
98276178-6706-48d0-8281-3bd487014112,123
7df5fb79-5850-4de3-8594-323f1915ff1e,242
7df5fb79-5850-4de3-8594-323f1915ff1e,746
7df5fb79-5850-4de3-8594-323f1915ff1e,301
7df5fb79-5850-4de3-8594-323f1915ff1e,747
7df5fb79-5850-4de3-8594-323f1915ff1e,748
7df5fb79-5850-4de3-8594-323f1915ff1e,111
7df5fb79-5850-4de3-8594-323f1915ff1e,749
aabb6eb1-afb9-4570-8e8e-4725a423ee5f,240
aabb6eb1-afb9-4570-8e8e-4725a423ee5f,241
aabb6eb1-afb9-4570-8e8e-4725a423ee5f,367
aabb6eb1-afb9-4570-8e8e-4725a423ee5f,240
aabb6eb1-afb9-4570-8e8e-4725a423ee5f,241
aabb6eb1-afb9-4570-8e8e-4725a423ee5f,613
aabb6eb1-afb9-4570-8e8e-4725a423ee5f,240
aabb6eb1-afb9-4570-8e8e-4725a423ee5f,241
aabb6eb1-afb9-4570-8e8e-4725a423ee5f,208
aabb6eb1-afb9-4570-8e8e-4725a423ee5f,568
aabb6eb1-afb9-4570-8e8e-4725a423ee5f,750
aabb6eb1-afb9-4570-8e8e-4725a423ee5f,240
aabb6eb1-afb9-4570-8e8e-4725a423ee5f,241
aabb6eb1-afb9-4570-8e8e-4725a423ee5f,751
aabb6eb1-afb9-4570-8e8e-4725a423ee5f,240
aabb6eb1-afb9-4570-8e8e-4725a423ee5f,241
82f8ffa4-b7d6-490d-b3b4-2c68b79cd77a,139
82f8ffa4-b7d6-490d-b3b4-2c68b79cd77a,9
82f8ffa4-b7d6-490d-b3b4-2c68b79cd77a,126
82f8ffa4-b7d6-490d-b3b4-2c68b79cd77a,84
82f8ffa4-b7d6-490d-b3b4-2c68b79cd77a,752
82f8ffa4-b7d6-490d-b3b4-2c68b79cd77a,372
82f8ffa4-b7d6-490d-b3b4-2c68b79cd77a,473
82f8ffa4-b7d6-490d-b3b4-2c68b79cd77a,699
82f8ffa4-b7d6-490d-b3b4-2c68b79cd77a,753
82f8ffa4-b7d6-490d-b3b4-2c68b79cd77a,111
82f8ffa4-b7d6-490d-b3b4-2c68b79cd77a,37
82f8ffa4-b7d6-490d-b3b4-2c68b79cd77a,334
82f8ffa4-b7d6-490d-b3b4-2c68b79cd77a,754
82f8ffa4-b7d6-490d-b3b4-2c68b79cd77a,85
82f8ffa4-b7d6-490d-b3b4-2c68b79cd77a,755
82f8ffa4-b7d6-490d-b3b4-2c68b79cd77a,756
82f8ffa4-b7d6-490d-b3b4-2c68b79cd77a,757
82f8ffa4-b7d6-490d-b3b4-2c68b79cd77a,9
82f8ffa4-b7d6-490d-b3b4-2c68b79cd77a,758
82f8ffa4-b7d6-490d-b3b4-2c68b79cd77a,759
82f8ffa4-b7d6-490d-b3b4-2c68b79cd77a,98
82f8ffa4-b7d6-490d-b3b4-2c68b79cd77a,653
82f8ffa4-b7d6-490d-b3b4-2c68b79cd77a,98
82f8ffa4-b7d6-490d-b3b4-2c68b79cd77a,760
82f8ffa4-b7d6-490d-b3b4-2c68b79cd77a,761
2a0966cb-1bbd-4f5b-8d2e-d68f53acee87,331
2a0966cb-1bbd-4f5b-8d2e-d68f53acee87,225
2a0966cb-1bbd-4f5b-8d2e-d68f53acee87,226
2a0966cb-1bbd-4f5b-8d2e-d68f53acee87,225
2a0966cb-1bbd-4f5b-8d2e-d68f53acee87,405
2a0966cb-1bbd-4f5b-8d2e-d68f53acee87,352
2a0966cb-1bbd-4f5b-8d2e-d68f53acee87,50
2a0966cb-1bbd-4f5b-8d2e-d68f53acee87,182
2a0966cb-1bbd-4f5b-8d2e-d68f53acee87,126
2a0966cb-1bbd-4f5b-8d2e-d68f53acee87,183
2a0966cb-1bbd-4f5b-8d2e-d68f53acee87,762
2a0966cb-1bbd-4f5b-8d2e-d68f53acee87,126
2a0966cb-1bbd-4f5b-8d2e-d68f53acee87,309
2a0966cb-1bbd-4f5b-8d2e-d68f53acee87,87
2a0966cb-1bbd-4f5b-8d2e-d68f53acee87,72
2a0966cb-1bbd-4f5b-8d2e-d68f53acee87,2
2a0966cb-1bbd-4f5b-8d2e-d68f53acee87,102
2a0966cb-1bbd-4f5b-8d2e-d68f53acee87,2
2a0966cb-1bbd-4f5b-8d2e-d68f53acee87,55
2a0966cb-1bbd-4f5b-8d2e-d68f53acee87,63
2a0966cb-1bbd-4f5b-8d2e-d68f53acee87,708
2a0966cb-1bbd-4f5b-8d2e-d68f53acee87,763
2a0966cb-1bbd-4f5b-8d2e-d68f53acee87,83
2a0966cb-1bbd-4f5b-8d2e-d68f53acee87,2
2a0966cb-1bbd-4f5b-8d2e-d68f53acee87,238
2a0966cb-1bbd-4f5b-8d2e-d68f53acee87,88
2a0966cb-1bbd-4f5b-8d2e-d68f53acee87,122
2a0966cb-1bbd-4f5b-8d2e-d68f53acee87,764
2a0966cb-1bbd-4f5b-8d2e-d68f53acee87,765
2a0966cb-1bbd-4f5b-8d2e-d68f53acee87,766
2a0966cb-1bbd-4f5b-8d2e-d68f53acee87,767
2a0966cb-1bbd-4f5b-8d2e-d68f53acee87,768
2a0966cb-1bbd-4f5b-8d2e-d68f53acee87,764
2a0966cb-1bbd-4f5b-8d2e-d68f53acee87,769
2a0966cb-1bbd-4f5b-8d2e-d68f53acee87,126
2a0966cb-1bbd-4f5b-8d2e-d68f53acee87,86
2a0966cb-1bbd-4f5b-8d2e-d68f53acee87,375
2a0966cb-1bbd-4f5b-8d2e-d68f53acee87,87
2a0966cb-1bbd-4f5b-8d2e-d68f53acee87,285
2a0966cb-1bbd-4f5b-8d2e-d68f53acee87,115
2a0966cb-1bbd-4f5b-8d2e-d68f53acee87,72
2a0966cb-1bbd-4f5b-8d2e-d68f53acee87,94
0c4bb244-feb1-49f6-b658-ba79b505f679,55
0c4bb244-feb1-49f6-b658-ba79b505f679,58
0c4bb244-feb1-49f6-b658-ba79b505f679,770
0c4bb244-feb1-49f6-b658-ba79b505f679,367
0c4bb244-feb1-49f6-b658-ba79b505f679,38
0c4bb244-feb1-49f6-b658-ba79b505f679,771
0c4bb244-feb1-49f6-b658-ba79b505f679,728
0c4bb244-feb1-49f6-b658-ba79b505f679,772
0c4bb244-feb1-49f6-b658-ba79b505f679,773
0c4bb244-feb1-49f6-b658-ba79b505f679,11
0c4bb244-feb1-49f6-b658-ba79b505f679,115
24475f7d-905a-47cf-89d9-059581d0a7a1,613
24475f7d-905a-47cf-89d9-059581d0a7a1,240
24475f7d-905a-47cf-89d9-059581d0a7a1,241
24475f7d-905a-47cf-89d9-059581d0a7a1,127
24475f7d-905a-47cf-89d9-059581d0a7a1,50
24475f7d-905a-47cf-89d9-059581d0a7a1,774
24475f7d-905a-47cf-89d9-059581d0a7a1,66
24475f7d-905a-47cf-89d9-059581d0a7a1,775
24475f7d-905a-47cf-89d9-059581d0a7a1,228
24475f7d-905a-47cf-89d9-059581d0a7a1,303
24475f7d-905a-47cf-89d9-059581d0a7a1,222
24475f7d-905a-47cf-89d9-059581d0a7a1,465
ad34a0be-1ed8-477e-a356-cbe1195ea315,196
ad34a0be-1ed8-477e-a356-cbe1195ea315,113
f6921641-1f0a-4e24-a3a9-546e3927ab72,138
f6921641-1f0a-4e24-a3a9-546e3927ab72,38
f6921641-1f0a-4e24-a3a9-546e3927ab72,85
f6921641-1f0a-4e24-a3a9-546e3927ab72,38
f6921641-1f0a-4e24-a3a9-546e3927ab72,70
f6921641-1f0a-4e24-a3a9-546e3927ab72,85
f6921641-1f0a-4e24-a3a9-546e3927ab72,26
f6921641-1f0a-4e24-a3a9-546e3927ab72,38
f6921641-1f0a-4e24-a3a9-546e3927ab72,37
f6921641-1f0a-4e24-a3a9-546e3927ab72,38
f6921641-1f0a-4e24-a3a9-546e3927ab72,86
f6921641-1f0a-4e24-a3a9-546e3927ab72,87
f6921641-1f0a-4e24-a3a9-546e3927ab72,238
f6921641-1f0a-4e24-a3a9-546e3927ab72,182
f6921641-1f0a-4e24-a3a9-546e3927ab72,776
f6921641-1f0a-4e24-a3a9-546e3927ab72,377
f6921641-1f0a-4e24-a3a9-546e3927ab72,83
f6921641-1f0a-4e24-a3a9-546e3927ab72,222
f6921641-1f0a-4e24-a3a9-546e3927ab72,83
f6921641-1f0a-4e24-a3a9-546e3927ab72,777
f6921641-1f0a-4e24-a3a9-546e3927ab72,105
f6921641-1f0a-4e24-a3a9-546e3927ab72,72
f6921641-1f0a-4e24-a3a9-546e3927ab72,778
f6921641-1f0a-4e24-a3a9-546e3927ab72,779
f6921641-1f0a-4e24-a3a9-546e3927ab72,205
f6921641-1f0a-4e24-a3a9-546e3927ab72,144
32e3f75a-df69-476b-92f9-19a464e46e30,780
32e3f75a-df69-476b-92f9-19a464e46e30,781
32e3f75a-df69-476b-92f9-19a464e46e30,782
32e3f75a-df69-476b-92f9-19a464e46e30,783
32e3f75a-df69-476b-92f9-19a464e46e30,784
32e3f75a-df69-476b-92f9-19a464e46e30,266
