id,period,title
0,Spring 2026,AI Processes
1,Spring 2014,AI Processes
2,Spring 2025,AI Robotics
3,Spring 2014,AI Robotics
4,Spring 2014,AI Robotics
5,Autumn 2026,AI Security
6,Spring 2024,AI i organisationer
7,Spring 2014,AI i organisationer
8,Spring 2014,AI i organisationer
9,Spring 2014,AI i organisationer
10,Spring 2014,AI i organisationer
11,Spring 2014,AI i organisationer
12,Autumn 2024,AI security: Principles - Practices and Policies - BSc
13,Autumn 2024,AI security: Principles - Practices and Policies - MSc
14,Autumn 2025,AI-integration i praksis: ledelse og metode
15,Spring 2014,AI-integration i praksis: ledelse og metode
16,Spring 2014,Academic Work and Communication
17,Spring 2014,Adv. Data Science Specialization Project for K-CS (KSADSSP1PE)
18,Autumn 2019,Advanced Algorithms
19,Autumn 2021,Advanced Algorithms
20,Autumn 2021,Advanced Algorithms
21,Autumn 2021,Advanced Algorithms
22,Autumn 2021,Advanced Algorithms
23,Autumn 2021,Advanced Algorithms
24,Autumn 2021,Advanced Algorithms
25,Autumn 2021,Advanced Algorithms
26,Autumn 2021,Advanced Algorithms
27,Autumn 2021,Advanced Algorithms Seminar
28,Autumn 2021,Advanced Algorithms Seminar
29,Autumn 2021,Advanced Algorithms Seminar
30,Autumn 2023,Advanced Applied Statistics
31,Autumn 2021,Advanced Applied Statistics
32,Autumn 2021,Advanced Applied Statistics
33,Autumn 2021,Advanced Applied Statistics
34,Spring 2021,Advanced Applied Statistics and Multivariate Calculus
35,Autumn 2021,Advanced Applied Statistics and Multivariate Calculus
36,Autumn 2021,Advanced Applied Statistics and Multivariate Calculus
37,Autumn 2021,Advanced Applied Statistics and Multivariate Calculus
38,Autumn 2019,Advanced Data Systems
39,Autumn 2021,Advanced Data Systems
40,Autumn 2021,Advanced Data Systems
41,Autumn 2021,Advanced Data Systems
42,Autumn 2021,Advanced Data Systems
43,Autumn 2021,Advanced Data Systems
44,Autumn 2021,Advanced Data Systems
45,Autumn 2026,Advanced Game Studio
46,Autumn 2021,Advanced Graphic Design
47,Autumn 2019,Advanced Machine Learning
48,Autumn 2025,Advanced Machine Learning for Computer Vision
49,Spring 2022,Advanced Machine Learning for Data Science
50,Autumn 2022,Advanced Network Science
51,Spring 2026,Advanced Programming in Rust
52,Autumn 2019,Advanced Programming - MSc CS
53,Spring 2017,Advanced Programming - MSc CS
54,Spring 2017,Advanced Programming - MSc CS
55,Spring 2017,Advanced Programming - MSc CS
56,Spring 2017,Advanced Programming - MSc CS
57,Spring 2017,Advanced Programming - MSc CS
58,Spring 2017,Advanced Programming - MSc CS
59,Spring 2017,Advanced Programming - MSc CS
60,Autumn 2019,Advanced Programming - Master (Professional education)
61,Spring 2017,Advanced Programming - Master (Professional education) (Autumn 2018) - MERGED with KSADPRO2KU
62,Spring 2017,Advanced Programming - Master (Professional education)
63,Spring 2017,Advanced Programming - Master (Professional education)
64,Autumn 2019,Advanced Robotics
65,Spring 2017,Advanced Robotics
66,Spring 2017,Advanced Robotics
67,Spring 2017,Advanced Robotics
68,Spring 2017,Advanced Robotics
69,Spring 2017,Advanced Robotics
70,Spring 2017,Advanced Robotics
71,Autumn 2019,Advanced Security
72,Spring 2017,Advanced Security
73,Spring 2017,Advanced Security
74,Spring 2017,Advanced Security
75,Spring 2017,Advanced Security
76,Spring 2017,Advanced Security
77,Spring 2017,Advanced Security
78,Autumn 2019,Advanced Service Design
79,Autumn 2019,Advanced Software Analysis
80,Autumn 2019,Advanced Software Analysis
81,Autumn 2019,Advanced Software Analysis
82,Autumn 2019,Advanced Software Analysis
83,Autumn 2019,Advanced Software Analysis
84,Autumn 2019,Advanced Software Analysis
85,Autumn 2019,Advanced Software Analysis
86,Autumn 2019,Advanced Software Engineering
87,Autumn 2019,Advanced Software Engineering
88,Autumn 2019,Advanced Software Engineering
89,Autumn 2019,Advanced Software Engineering - BSc
90,Autumn 2019,Advanced Software Engineering - MSc
91,Autumn 2019,Advanced Software Engineering - Master (Professional education)
92,Autumn 2019,Advanced Software Engineering - Master (Professional education)
93,Autumn 2019,Advanced Software Engineering - Master (Professional education)
94,Autumn 2019,Advanced Topics in Game Studies
95,Autumn 2025,Advanced Topics in Robotics
96,Autumn 2018,Advanced Topics in Robotics
97,Autumn 2021,Affect and Soma in Design
98,Autumn 2018,Akademisk arbejde og formidling
99,Autumn 2018,Akademisk arbejde og formidling
100,Autumn 2018,Akademisk arbejde og formidling
101,Autumn 2018,Akademisk arbejde og formidling
102,Autumn 2018,Algorithm Design
103,Autumn 2018,Algorithm Design
104,Autumn 2018,Algorithm Design
105,Autumn 2018,Algorithm Design - CS/SDT
106,Autumn 2018,Algorithm Design I
107,Autumn 2018,Algorithm Design I
108,Autumn 2018,Algorithm Design II
109,Autumn 2018,Algorithm Design II
110,Autumn 2018,Algorithm Design Project
111,Autumn 2018,Algorithm Design Project
112,Autumn 2018,Algorithm Design Project
113,Autumn 2019,Algorithm Design - MSc CS
114,Autumn 2018,Algorithm Design - MSc CS (Autumn 2018) - MERGED with 1012002U
115,Autumn 2018,Algorithm Design - MSc CS
116,Autumn 2018,Algorithm Design - MSc CS
117,Autumn 2018,Algorithm Design - MSc CS
118,Autumn 2018,Algorithm Design - MSc CS
119,Autumn 2018,Algorithm Design - MSc CS
120,Autumn 2018,Algorithm Design - MSc CS
121,Autumn 2018,Algorithm Design - MSc CS
122,Spring 2022,Algorithmic Fairness - Accountability and Ethics
123,Spring 2023,Algorithmic Problem Solving - BSc
124,Spring 2022,Algorithmic Problem Solving - BSc
125,Spring 2022,Algorithmic Problem Solving - BSc
126,Spring 2022,Algorithmic Problem Solving - BSc
127,Spring 2022,Algorithmic Problem Solving - BSc
128,Spring 2023,Algorithmic Problem Solving - MSc
129,Spring 2022,Algorithmic Problem Solving - MSc
130,Spring 2022,Algorithmic Problem Solving - MSc
131,Spring 2022,Algorithmic Problem Solving - MSc
132,Spring 2022,Algorithmic Problem Solving - MSc
133,Spring 2020,Algorithms and Data Structures
134,Spring 2022,Algorithms and Data Structures
135,Spring 2022,Algorithms and Data Structures
136,Spring 2022,Algorithms and Data Structures
137,Spring 2022,Algorithms and Data Structures
138,Spring 2022,Algorithms and Data Structures
139,Spring 2022,Algorithms and Data Structures (Spring 2019) - MERGED with KSALDAS1KU
140,Spring 2022,Algorithms and Data Structures
141,Spring 2022,Algorithms and Data Structures
142,Spring 2022,Algorithms and Data Structures
143,Spring 2022,Algorithms and Data Structures
144,Spring 2022,Algorithms and Data Structures
145,Spring 2022,Algorithms and Data Structures
146,Spring 2022,Algorithms and Data Structures
147,Spring 2022,Algorithms and Data Structures - SWU - DS - SDT
148,Spring 2020,Algorithms and Data Structures SWU
149,Spring 2022,Algorithms and Data Structures SWU
150,Spring 2020,Algorithms and Data Structures - BSc (Summer University)
151,Spring 2021,Algorithms and Data Structures - BSc (Summer University)
152,Spring 2021,Algorithms and Data Structures - BSc (Summer University)
153,Spring 2021,Algorithms and Data Structures - BSc (Summer University)
154,Spring 2021,Algorithms and Data Structures - BSc (Summer University)
155,Spring 2021,Algorithms and Data Structures - MSc
156,Spring 2021,Algorithms and Data Structures - MSc
157,Spring 2021,Algorithms and Data Structures - MSc
158,Spring 2021,Algorithms and Data Structures - MSc
159,Spring 2021,Algorithms and Data Structures - MSc
160,Spring 2021,Algorithms and Data Structures - MSc
161,Spring 2020,Algorithms and Data Structures - MSc (Summer University)
162,Spring 2021,Algorithms and Data Structures - MSc (Summer University)
163,Spring 2021,Algorithms and Data Structures - MSc (Summer University)
164,Spring 2021,Algorithms and Data Structures - MSc (Summer University)
165,Spring 2021,Algorithms and Data Structures - MSc (Summer University)
166,Spring 2021,Algorithms and Data Structures - MSc  - B-DS and B-SWU
167,Autumn 2022,Algorithms for Game Development
168,Spring 2021,Algorithms for Game Development
169,Spring 2021,Algorithms for Games Development
170,Spring 2021,Algorithms for Games Development
171,Spring 2020,Algorithms in Games
172,Spring 2021,Algorithms in Games
173,Spring 2021,Algoritmer og Datastrukturer - Extraordinary exam
174,Spring 2022,Algoritmer og datastrukturer SWU
175,Spring 2021,Algoritmer og datastrukturer SWU
176,Spring 2021,Algoritmer og datastrukturer SWU
177,Spring 2021,Algoritmer og datastrukturer SWU
178,Autumn 2019,Analysis - Design and Software Architecture
179,Spring 2025,Analysis - Design and Software Architecture
180,Spring 2025,Analysis - Design and Software Architecture
181,Spring 2025,Analysis - Design and Software Architecture
182,Spring 2025,Analysis - Design and Software Architecture
183,Spring 2025,Analysis - Design and Software Architecture
184,Spring 2025,Analysis - Design and Software Architecture
185,Spring 2025,Analysis - Design and Software Architecture
186,Spring 2025,Analysis - Design and Software Architecture
187,Spring 2025,Analysis - Design and Software Architecture
188,Spring 2025,Analysis - Design and Software Architecture
189,Spring 2025,Analysis - Design and Software Architecture
190,Spring 2025,Analysis - Design and Software Architecture
191,Spring 2025,Analysis - Design and Software Architecture
192,Spring 2025,Android Development - DIT
193,Spring 2025,Anskaffelse og kravspecifikation
194,Spring 2025,Anskaffelse og kravspecifikation
195,Spring 2025,Anskaffelse og kravspecifikation
196,Spring 2025,Anskaffelse og kravspecifikation
197,Spring 2025,Anskaffelse og kravspecifikation - Master
198,Autumn 2019,Applied Algorithms
199,Spring 2025,Applied Algorithms
200,Spring 2025,Applied Algorithms
201,Spring 2025,Applied Algorithms
202,Spring 2025,Applied Algorithms
203,Spring 2025,Applied Algorithms
204,Spring 2025,Applied Algorithms
205,Spring 2025,Applied Algorithms
206,Spring 2025,Applied Algorithms
207,Spring 2025,Applied Algorithms
208,Spring 2025,Applied Algorithms
209,Spring 2021,Applied Artificial Intelligence (Summer University)
210,Spring 2021,Applied Artificial Intelligence (Summer University)
211,Spring 2021,Applied Artificial Intelligence (Summer University)
212,Spring 2021,Applied Artificial Intelligence (Summer University)
213,Spring 2021,Applied Artificial Intelligence (Summer University)
214,Spring 2021,Applied Artificial Intelligence (Summer University)
215,Spring 2021,Applied Artificial Intelligence - Extraordinary exam
216,Spring 2021,Applied Information Security
217,Spring 2020,Applied Information Security (Summer University)
218,Spring 2021,Applied Information Security (Summer University)
219,Spring 2021,Applied Information Security (Summer University)
220,Spring 2021,Applied Information Security (Summer University)
221,Spring 2021,Applied Information Security (Summer University)
222,Spring 2021,Applied Statistics
223,Spring 2021,Applied Statistics
224,Spring 2021,Applied Statistics
225,Spring 2021,Applied Statistics
226,Spring 2021,Applied Statistics
227,Spring 2021,Applied Statistics
228,Spring 2021,Applied Statistics - Extraordinary exam
229,Spring 2021,Applied information Security
230,Autumn 2026,Artificial Intelligence for Designers
231,Autumn 2024,Artificial Intelligence for Games and Simulations
232,Autumn 2020,Artificial Intelligence for Games and Simulations
233,Autumn 2020,Artificial Intelligence for Games and Simulations
234,Autumn 2020,Artificial Life & Evolutionary Robotics: Theory - Methods and Art
235,Autumn 2020,Artificial Life & Evolutionary Robotics: Theory - Methods and Art
236,Autumn 2020,Artificial Life & Evolutionary Robotics: Theory - Methods and Art
237,Autumn 2020,Artificial Life & Evolutionary Robotics: Theory - Methods and Art
238,Autumn 2020,Artificial Life & Evolutionary Robotics: Theory - Methods and Art
239,Autumn 2020,Automated Software Analysis
240,Autumn 2020,Automated Software Analysis
241,Autumn 2020,Automated Software Analysis
242,Autumn 2020,Automated Software Analysis
243,Autumn 2019,Avancerede designprocesser
244,Autumn 2020,Avancerede designprocesser
245,Autumn 2020,Avancerede designprocesser
246,Autumn 2020,Avancerede designprocesser
247,Autumn 2020,Avancerede designprocesser
248,Autumn 2020,Avancerede designprocesser
249,Autumn 2020,Avancerede designprocesser
250,Autumn 2020,Avancerede designprocesser
251,Autumn 2020,Avancerede designprocesser
252,Autumn 2020,Avanceret projektledelse
253,Autumn 2020,B-DS Choice of track
254,Autumn 2020,B-DS Choice of track
255,Autumn 2020,B-DS Choice of track
256,Autumn 2020,B-DS Choice of track
257,Autumn 2020,B-DS Choice of track
258,Autumn 2020,B19 IT-Strategy
259,Autumn 2020,B19 IT-Strategy
260,Autumn 2020,B30 Enterprise Strategy - Business and Technology
261,Autumn 2020,B31 The Internet as A Battlefield - Competing With Digital Goods and Services
262,Autumn 2020,B31 The Internet as A Battlefield - Competing With Digital Goods and Services
263,Autumn 2019,Big Data Management (Technical)
264,Autumn 2013,Big Data Management (Technical)
265,Autumn 2013,Big Data Management (Technical)
266,Autumn 2013,Big Data Management (Technical)
267,Autumn 2013,Big Data Management (Technical)
268,Autumn 2013,Big Data Management (Technical)
269,Autumn 2013,Big Data Management (Technical)
270,Autumn 2013,Big Data Management (Technical)
271,Autumn 2013,Big Data Management (Technical)
272,Autumn 2013,Big Data Management (Technical)
273,Autumn 2013,Big Data Management (Technical)
274,Autumn 2013,Big Data Management (Technical)
275,Autumn 2019,Blockchain Economics
276,Spring 2015,Blockchain Economics
277,Spring 2015,Blockchain Economics
278,Spring 2015,Blockchain Economics
279,Spring 2015,Blockchain Economics
280,Spring 2015,Blockchain Economics
281,Spring 2015,Blockchain Economics
282,Spring 2015,Blockchain Economics
283,Spring 2015,BootIT August 2023 - BSWU
284,Spring 2015,BootIT August 2023 - KSD
285,Spring 2015,BootIT August 2024 - BSWU
286,Spring 2015,BootIT August 2024 - KSD
287,Spring 2015,BootIT August 2025 - BSWU
288,Spring 2015,BootIT August 2025 - KSD
289,Autumn 2019,Brugere i kontekst
290,Spring 2015,Brugere i kontekst (Autumn 2018) - MERGED with KABRKON1KU-2
291,Spring 2015,Brugere i kontekst
292,Spring 2015,Brugere i kontekst
293,Spring 2015,Brugere i kontekst - MSc 1+2
294,Spring 2015,Brugerpraksis i netværk
295,Spring 2015,Brugerpraksis i netværk
296,Autumn 2019,Business Foundations
297,Spring 2026,Business Process Improvement & Automation
298,Spring 2023,Business Process Modelling and Automation
299,Spring 2018,Business Process Modelling and Automation
300,Spring 2018,Business Process Modelling and Automation
301,Spring 2018,Business Process Modelling and Automation
302,Spring 2018,Business Process Modelling and Automation
303,Spring 2018,Business Processes and Organisation
304,Spring 2018,Business Processes and Organisation
305,Spring 2018,Business Processes and Organisation with Project
306,Spring 2018,Business Processes and Organisation with Project
307,Spring 2018,Business and Management
308,Spring 2018,Business and Management
309,Spring 2018,Business and Management Foundations
310,Spring 2018,Business and Management Foundations
311,Spring 2018,Business and Management Foundations
312,Spring 2018,Business and Management Foundations
313,Spring 2018,Business and Management Foundations
314,Spring 2018,Business and Management Foundations
315,Spring 2018,Business and Management Foundations
316,Spring 2018,Business and Management Foundations
317,Spring 2018,Business and Management Foundations
318,Spring 2018,Business and Management Foundations
319,Spring 2021,Business and Startup Foundations (Summer University)
320,Spring 2018,Business and Startup Foundations (Summer University)
321,Spring 2018,Business and Startup Foundations (Summer University)
322,Spring 2018,Business and Startup Foundations (Summer University)
323,Spring 2018,Business and Startup Foundations (Summer University)
324,Spring 2020,Bæredygtige fremtider
325,Spring 2018,Bæredygtige fremtider
326,Spring 2018,Bæredygtige fremtider
327,Spring 2018,Bæredygtige fremtider
328,Spring 2018,Bæredygtige fremtider
329,Spring 2018,Bæredygtige fremtider
330,Spring 2021,Bæredygtigt iværksætteri
331,Spring 2018,Bæredygtigt iværksætteri
332,Spring 2018,Bæredygtigt iværksætteri
333,Spring 2023,CHBV - test af kursusevaluering i F23
334,Spring 2018,CHBV - test af kursusevaluering i F23
335,Spring 2018,Change Management
336,Spring 2018,Change Management
337,Spring 2018,Christians test environment
338,Autumn 2026,Computational Cognitive Modelling
339,Autumn 2019,Computational Literacies
340,Autumn 2026,Connected Interactivity
341,Spring 2025,Creative Data Visualisation
342,Spring 2023,Creative Data Visualisation (Summer University)
343,Spring 2025,Creative Programming
344,Autumn 2016,Creative Programming
345,Autumn 2016,Creative Programming
346,Autumn 2016,Critical Big Data Management
347,Autumn 2016,Critical Big Data Management
348,Autumn 2016,Critical Big Data Management with Specialisation Project
349,Autumn 2019,Critical Big Data Management: Second Part of Specialisation
350,Autumn 2016,Critical Big Data Management: Second Part of Specialisation
351,Autumn 2016,Critical Big Data Management: Second Part of Specialisation
352,Autumn 2016,Critical Big Data Management: Second Part of Specialisation
353,Autumn 2016,Critical Big Data Management: Second Part of Specialisation
354,Autumn 2016,Critical Big Data Management: Second Part of Specialisation
355,Autumn 2016,Critical Big Data Management: Second Part of Specialisation
356,Autumn 2016,Critical Big Data Management: Second Part of Specialisation
357,Spring 2026,Critical Computing
358,Autumn 2016,Critical Computing
359,Spring 2026,Critical Data & Ethics
360,Autumn 2016,Critical Data & Ethics
361,Spring 2022,Critical Data Analysis
362,Autumn 2016,Critical Data Analysis
363,Autumn 2016,Critical Systems Project
364,Autumn 2016,Critical Systems Project
365,Autumn 2016,Critical Systems Seminar
366,Autumn 2016,Critical Systems Seminar
367,Autumn 2016,Critical Systems and Security Project
368,Autumn 2016,Critical Systems and Security Seminar
369,Autumn 2019,Cross Disciplinary Team Work
370,Autumn 2016,Cross Disciplinary Team Work
371,Autumn 2016,Cross Disciplinary Team Work
372,Autumn 2016,Cross Disciplinary Team Work
373,Autumn 2016,Cross-Disciplinary Team Work
374,Autumn 2016,Cross-Disciplinary Team Work
375,Spring 2020,Cryptographic Computation and Blockchain - BSc
376,Spring 2022,Cryptographic Computation and Blockchain - BSc
377,Spring 2022,Cryptographic Computation and Blockchain - BSc
378,Spring 2022,Cryptographic Computation and Blockchain - BSc
379,Spring 2022,Cryptographic Computation and Blockchain - BSc
380,Spring 2022,Cryptographic Computation and Blockchain - BSc
381,Spring 2022,Cryptographic Computation and Blockchain - BSc
382,Spring 2020,Cryptographic Computation and Blockchain - MSc
383,Spring 2022,Cryptographic Computation and Blockchain - MSc
384,Spring 2022,Cryptographic Computation and Blockchain - MSc
385,Spring 2022,Cryptographic Computation and Blockchain - MSc
386,Spring 2022,Cryptographic Computation and Blockchain - MSc
387,Spring 2022,Cryptographic Computation and Blockchain - MSc
388,Spring 2022,Cryptography
389,Spring 2022,Cryptography
390,Spring 2022,Cryptography
391,Spring 2022,Cryptography
392,Spring 2022,Cryptography - Extraordinary exam
393,Autumn 2026,Cybersecurity and Risk Management
394,Autumn 2019,DADIU Curriculum
395,Spring 2022,DADIU Curriculum
396,Spring 2022,DADIU Curriculum
397,Spring 2022,DADIU Curriculum
398,Spring 2022,DADIU Curriculum
399,Spring 2022,DADIU Curriculum
400,Spring 2022,DADIU Curriculum
401,Spring 2022,DADIU Curriculum
402,Spring 2022,DADIU Curriculum
403,Autumn 2019,DADIU Project
404,Autumn 2020,DADIU Project
405,Autumn 2020,DADIU Project
406,Autumn 2020,DADIU Project
407,Autumn 2020,DADIU Project
408,Autumn 2020,DADIU Project
409,Autumn 2020,DADIU Project
410,Autumn 2020,DADIU Project
411,Autumn 2020,DADIU Project
412,Autumn 2020,DADIU Project
413,Autumn 2020,DADIU Project
414,Autumn 2020,DD Thesis Supervisors Database
415,Autumn 2020,DDK Thesis Supervisors
416,Autumn 2020,DELETED Bæredygtige fremtider
417,Autumn 2020,DEMO - Philosophy of Science
418,Autumn 2020,DIM Thesis Prep
419,Autumn 2020,DMD bachelorprojekt E19/F20
420,Autumn 2020,DMD bachelorprojekt seminar E17
421,Autumn 2020,DS Bachelor Project (Autumn 2019-spring 2020)
422,Autumn 2020,DS Bachelor Project (Autumn 2020-spring 2021
423,Autumn 2020,DS Livecoding
424,Autumn 2020,DS Studylab 1. semester
425,Autumn 2020,Data Design
426,Autumn 2020,Data Design
427,Autumn 2020,Data Design
428,Autumn 2020,Data Design
429,Spring 2020,Data Intelligence
430,Autumn 2019,Data Management
431,Spring 2020,Data Management
432,Spring 2020,Data Management
433,Spring 2020,Data Management
434,Spring 2020,Data Mining
435,Spring 2020,Data Mining
436,Spring 2020,Data Mining
437,Spring 2020,Data Mining
438,Spring 2020,Data Mining
439,Spring 2020,Data Mining
440,Spring 2020,Data Mining
441,Spring 2020,Data Mining (KSDAMIN1KU) - Extraordinary exam
442,Spring 2020,Data Mining
443,Spring 2020,Data Mining
444,Spring 2020,Data Mining
445,Spring 2020,Data Mining
446,Spring 2020,Data Mining
447,Spring 2020,Data Mining (Spring 2019) - MERGED with KGDASCG1KU
448,Spring 2020,Data Mining
449,Spring 2020,Data Mining
450,Autumn 2026,Data Mining and Machine Learning
451,Spring 2020,Data Protection at ITU (GDPR)
452,Spring 2020,Data Protection at ITU (GDPR) - Showcase
453,Spring 2020,Data Protection at ITU (GDPR) / Before Summer 2022
454,Spring 2020,Data Science in Games
455,Spring 2020,Data Science in Games and Data Mining
456,Spring 2022,Data Science in Production
457,Spring 2025,Data Science in Production
458,Spring 2025,Data Science in Production
459,Spring 2025,Data Science in Production
460,Spring 2025,Data Science in Production
461,Spring 2025,Data Science in Production
462,Spring 2026,Data Science in Production: Information Retrieval and RecSys
463,Spring 2025,Data Science in Production: Information Retrieval and RecSys
464,Autumn 2025,Data Science in Production: MLOps and Software Engineering
465,Spring 2025,Data Science in Production: MLOps and Software Engineering
466,Autumn 2019,Data Science in Research - Business and Society
467,Spring 2025,Data Science in Research - Business and Society
468,Spring 2025,Data Science in Research - Business and Society
469,Spring 2025,Data Science in Research - Business and Society
470,Spring 2025,Data Science in Research - Business and Society
471,Spring 2025,Data Science in Research - Business and Society
472,Spring 2025,Data Science in Research - Business and Society
473,Spring 2025,Data Science in Research - Business and Society
474,Spring 2025,Data Science in Research - Business and Society
475,Spring 2025,Data Science in Research - Business and Society - Extraordinary exam ( Spring 2023)
476,Spring 2023,Data Visualisation Design
477,Spring 2025,Data Visualisation Design
478,Spring 2025,Data Visualisation Design
479,Spring 2025,Data Visualisation and Data-driven Decision Making
480,Spring 2025,Data Visualisation and Data-driven Decision Making
481,Spring 2025,Data Visualisation and Data-driven Decision Making
482,Spring 2025,Data Visualisation and Data-driven Decision Making
483,Spring 2025,Data Visualisation and Data-driven Decision Making
484,Spring 2025,Data Visualisation and Data-driven Decision Making
485,Spring 2025,Data Visualisation and Data-driven Decision Making
486,Spring 2025,Data Visualisation and Data-driven Decision Making
487,Autumn 2022,Data in Design
488,Spring 2025,Data in Design
489,Autumn 2021,Data in the Wild: Wrangling and Visualising Data
490,Autumn 2023,Data in the Wild: Wrangling and Visualising Data
491,Autumn 2023,Data in the Wild: Wrangling and Visualising Data
492,Autumn 2023,Data in the Wild: Wrangling and Visualising Data
493,Autumn 2023,Data in the Wild: Wrangling and Visualising Data
494,Autumn 2023,Data in the Wild: Wrangling and Visualising Data
495,Autumn 2022,Data - Automation and Social Justice
496,Autumn 2023,Data - Automation and Social Justice
497,Autumn 2023,Data - Automation and Social Justice
498,Autumn 2023,Data - Automation and Social Justice
499,Autumn 2023,Data - Automation and Social Justice
500,Autumn 2023,Data-Driven Design & Development
501,Autumn 2023,Data-Driven Design & Development
502,Autumn 2023,Data-Driven Design & Development
503,Autumn 2023,Data-Driven Design & Development
504,Autumn 2023,Data-Driven Design & Development
505,Autumn 2023,Data-Driven Design & Development
506,Autumn 2023,Data-Driven Design & Development
507,Autumn 2023,Data-Driven Design & Development
508,Autumn 2025,Data-Driven Security
509,Autumn 2023,Data-Driven Security
510,Autumn 2023,Data: Law and Ethics
511,Autumn 2023,Data: Law and Ethics
512,Autumn 2023,Data: Law and Ethics
513,Autumn 2023,Data: Law and Ethics
514,Spring 2025,Database and Information Systems Foundations
515,Spring 2025,Datafication & Representation
516,Autumn 2022,Deep Learning for Games and Simulations
517,Autumn 2021,Design af brugerengagement
518,Programme Access course Demo Course 2016 Demo course for intranet Semester,Design af brugerengagement
519,Spring 2021,Design af bæredygtige fremtider
520,Programme Access course Demo Course 2016 Demo course for intranet Semester,Design af bæredygtige fremtider
521,Programme Access course Demo Course 2016 Demo course for intranet Semester,Design af bæredygtige fremtider
522,Programme Access course Demo Course 2016 Demo course for intranet Semester,Design af bæredygtige fremtider
523,Programme Access course Demo Course 2016 Demo course for intranet Semester,Design af bæredygtige fremtider
524,Programme Access course Demo Course 2016 Demo course for intranet Semester,Design af bæredygtige fremtider
525,Programme Access course Demo Course 2016 Demo course for intranet Semester,Design af bæredygtige fremtider
526,Programme Access course Demo Course 2016 Demo course for intranet Semester,Design for Digital Communication Platforms
527,Programme Access course Demo Course 2016 Demo course for intranet Semester,Design for Digital Communication Platforms
528,Programme Access course Demo Course 2016 Demo course for intranet Semester,Design for Digital Communication Platforms
529,Programme Access course Demo Course 2016 Demo course for intranet Semester,Design for Digital Communication Platforms
530,Programme Access course Demo Course 2016 Demo course for intranet Semester,Design for Digital Communication Platforms I
531,Programme Access course Demo Course 2016 Demo course for intranet Semester,Design for Digital Communication Platforms II
532,Autumn 2026,Design og deltagelse
533,Autumn 2019,Design og udvikling af netværkskulturer
534,Programme Access course Demo Course 2016 Demo course for intranet Semester,Design og udvikling af netværkskulturer
535,Programme Access course Demo Course 2016 Demo course for intranet Semester,Design og udvikling af netværkskulturer
536,Programme Access course Demo Course 2016 Demo course for intranet Semester,Design til Målgrupper - DIT
537,Programme Access course Demo Course 2016 Demo course for intranet Semester,Design til digitale kommunikationsplatforme
538,Programme Access course Demo Course 2016 Demo course for intranet Semester,Design til digitale kommunikationsplatforme I
539,Programme Access course Demo Course 2016 Demo course for intranet Semester,Design til digitale kommunikationsplatforme II
540,Programme Access course Demo Course 2016 Demo course for intranet Semester,Design til målgrupper - kvalitative og kvantitative metoder
541,Programme Access course Demo Course 2016 Demo course for intranet Semester,Design til målgrupper - kvalitative og kvantitative metoder
542,Programme Access course Demo Course 2016 Demo course for intranet Semester,Design til målgrupper - kvalitative og kvantitative metoder
543,Programme Access course Demo Course 2016 Demo course for intranet Semester,Design til målgrupper - kvalitative og kvantitative metoder - DIT
544,Programme Access course Demo Course 2016 Demo course for intranet Semester,Design - Regulation - Business and Social Context
545,Programme Access course Demo Course 2016 Demo course for intranet Semester,Design - Regulation - Business and Social Context
546,Programme Access course Demo Course 2016 Demo course for intranet Semester,Designdrevet innovation
547,Programme Access course Demo Course 2016 Demo course for intranet Semester,Designdrevet innovation
548,Autumn 2021,Designing Aesthetic User Experiences
549,Spring 2021,Designing Aesthetic User Experiences
550,Spring 2021,Designing Aesthetic User Experiences
551,Spring 2021,Designing Aesthetic User Experiences
552,Spring 2021,Designing Aesthetic User Experiences
553,Spring 2021,Designing Aesthetic User Experiences
554,Spring 2021,Designing Digital Play
555,Spring 2021,Designing Digital Play
556,Spring 2021,Designing Digital Play
557,Spring 2021,Designing Digital Play
558,Spring 2021,Designing Digital Play
559,Spring 2021,Designing Digital Play
560,Spring 2021,Designing Digital Play
561,Spring 2021,Designing Digital Play
562,Spring 2021,Designing Digital Play
563,Spring 2021,Designing Digital Play
564,Spring 2021,Designing Digital Play
565,Spring 2021,Designing Digital Play
566,Spring 2021,Designing Interactions
567,Spring 2021,Designing Interactions
568,Spring 2021,Designing Interactions
569,Spring 2021,Designing Interactions
570,Spring 2021,Designing Interactions
571,Spring 2021,Designing Interactions
572,Spring 2021,Designing Interactions
573,Spring 2021,Designing Interactive Artifacts (1. del af specialisering)
574,Spring 2021,Designing Interactive Artifacts
575,Spring 2021,Designing Interactive Artifacts
576,Spring 2021,Designing Interactive Artifacts
577,Spring 2020,Designing Sustainable Futures
578,Spring 2018,Designing Sustainable Futures
579,Spring 2020,DevOps - Software Evolution and Software Maintenance - BSc
580,Spring 2018,DevOps - Software Evolution and Software Maintenance - BSc
581,Spring 2018,DevOps - Software Evolution and Software Maintenance - BSc
582,Spring 2018,DevOps - Software Evolution and Software Maintenance - BSc
583,Spring 2018,DevOps - Software Evolution and Software Maintenance - BSc
584,Spring 2018,DevOps - Software Evolution and Software Maintenance - BSc
585,Spring 2018,DevOps - Software Evolution and Software Maintenance - BSc
586,Spring 2018,DevOps - Software Evolution and Software Maintenance - BSc
587,Spring 2020,DevOps - Software Evolution and Software Maintenance - MSc
588,Spring 2018,DevOps - Software Evolution and Software Maintenance - MSc
589,Spring 2018,DevOps - Software Evolution and Software Maintenance - MSc
590,Spring 2018,DevOps - Software Evolution and Software Maintenance - MSc
591,Spring 2018,DevOps - Software Evolution and Software Maintenance - MSc (Spring 2023) - not in use
592,Spring 2018,DevOps - Software Evolution and Software Maintenance - MSc
593,Spring 2018,DevOps - Software Evolution and Software Maintenance - MSc
594,Spring 2018,DevOps - Software Evolution and Software Maintenance - MSc
595,Spring 2018,Digital Accountability
596,Spring 2018,Digital Accountability
597,Spring 2018,Digital Accountability with Project
598,Spring 2018,Digital Aesthetics
599,Spring 2018,Digital Business Models
600,Spring 2018,Digital Business Models
601,Spring 2018,Digital Change Management
602,Spring 2018,Digital Change Management
603,Spring 2018,Digital Change Management
604,Spring 2018,Digital Change Management
605,Spring 2020,Digital Culture and Media
606,Autumn 2018,Digital Culture and Media
607,Autumn 2018,Digital Culture and Media
608,Autumn 2018,Digital Culture and Media
609,Autumn 2018,Digital Cultures
610,Autumn 2020,Digital Data Analysis
611,Autumn 2018,Digital Data Analysis
612,Autumn 2018,Digital Data Analysis
613,Autumn 2018,Digital Data Analysis
614,Autumn 2018,Digital Data Analysis
615,Autumn 2018,Digital Data Analysis
616,Autumn 2018,Digital Democratic Citizenship
617,Autumn 2018,Digital Democratic Citizenship
618,Autumn 2018,Digital Democratic Citizenship
619,Autumn 2018,Digital Democratic Citizenship
620,Autumn 2018,Digital Democratic Citizenship
621,Autumn 2018,Digital Democratic Citizenship in Research and Practice
622,Autumn 2018,Digital Democratic Citizenship in Research and Practice
623,Autumn 2019,Digital Design and Interactive Technologies - Foundations
624,Autumn 2018,Digital Design and Interactive Technologies - Foundations
625,Autumn 2018,Digital Design and Interactive Technologies - Foundations
626,Autumn 2018,Digital Design and Interactive Technologies - Foundations
627,Autumn 2018,Digital Design and Interactive Technologies - Foundations
628,Autumn 2018,Digital Design and Interactive Technologies - Foundations
629,Autumn 2018,Digital Design and Interactive Technologies - Foundations
630,Autumn 2018,Digital Design and Interactive Technologies - Foundations
631,Spring 2025,Digital Economics
632,Spring 2025,Digital Innovation in Practice
633,Autumn 2025,Digital Material Interactions
634,Autumn 2019,Digital Media Analysis
635,Spring 2014,Digital Media Analysis
636,Spring 2014,Digital Media and Communication
637,Spring 2014,Digital Media and Communication
638,Spring 2014,Digital Media and Communication - A
639,Spring 2014,Digital Media and Communication I
640,Spring 2014,Digital Media and Communication I
641,Spring 2014,Digital Media and Communication II
642,Spring 2014,Digital Media and Communication II
643,Autumn 2023,Digital Organizing and Transformation
644,Spring 2014,Digital Organizing and Transformation
645,Spring 2014,Digital Organizing and Transformation
646,Spring 2014,Digital Organizing and Transformation
647,Spring 2024,Digital Organizing and Transformation (Summer University)
648,Spring 2014,Digital Organizing and Transformation (Summer University)
649,Spring 2014,Digital Organizing and Transformation (Summer University)
650,Spring 2014,Digital Organizing and Transformation (Summer University)
651,Autumn 2021,Digital Platforms
652,Spring 2014,Digital Platforms
653,Spring 2014,Digital Platforms - extraordinary exam (autumn 2022)
654,Spring 2014,Digital Rhetorics I
655,Spring 2014,Digital Rhetorics II
656,Autumn 2024,Digital Technologies and Humans
657,Spring 2014,Digital Technologies and Humans
658,Spring 2014,Digital Technologies and Humans
659,Spring 2014,Digital Technology and New Business Models
660,Spring 2014,Digital Technology and New Business Models
661,Spring 2014,Digital Technology and new Business Models with Specialisation Project
662,Spring 2022,Digital Transformation and Change - MSc
663,Autumn 2021,Digital innovation
664,Autumn 2025,Digital innovation
665,Autumn 2025,Digital innovation
666,Autumn 2025,Digital innovation
667,Autumn 2025,Digital innovation
668,Autumn 2025,Digital innovation
669,Autumn 2025,Digital innovation
670,Autumn 2025,Digital innovation
671,Autumn 2025,Digital innovation
672,Autumn 2025,Digital innovation
673,Autumn 2025,Digital innovation - I
674,Autumn 2025,Digital innovation - II
675,Spring 2026,Digital innovation i praksis
676,Autumn 2025,Digital innovation i praksis
677,Autumn 2025,Digital journalistik og projektledelse
678,Autumn 2025,Digital journalistik og projektledelse
679,Autumn 2025,Digital kultur og medier
680,Autumn 2025,Digital kultur og medier
681,Autumn 2025,Digital kultur og medier
682,Autumn 2025,Digital kultur og medier
683,Autumn 2025,Digital kultur og medier
684,Autumn 2025,Digital kultur og medier
685,Autumn 2025,Digital kultur og medier
686,Autumn 2025,Digital kultur og medier
687,Autumn 2025,Digital ledelse - DIT
688,Autumn 2025,Digital medieæstetik
689,Autumn 2025,Digital retorik
690,Autumn 2025,Digital retorik I
691,Autumn 2025,Digital retorik II
692,Autumn 2025,Digital technology and New Business Models
693,Autumn 2025,Digital technology and New Business Models with Specialisation Project
694,Spring 2025,Digital teknologi i samfundet
695,Autumn 2025,Digital teknologi i samfundet
696,Autumn 2025,Digital teknologi i samfundet
697,Autumn 2022,Digital transformation og forretningsmodeller
698,Spring 2021,Digitale brugerstudier
699,Autumn 2022,Digitale brugerstudier
700,Autumn 2019,Digitalisation and Public Sector Transformation
701,Autumn 2022,Digitalisation and Public Sector Transformation
702,Autumn 2022,Digitalisation and Public Sector Transformation
703,Autumn 2019,Digitalisering i det offentlige
704,Autumn 2022,Digitalisering i det offentlige
705,Autumn 2022,Digitalisering i det offentlige
706,Autumn 2022,Digitalisering i det offentlige
707,Autumn 2022,Digitalisering i det offentlige
708,Autumn 2022,Digitalisering i det offentlige
709,Autumn 2022,Digitalisering i det offentlige
710,Autumn 2022,Digitalisering i det offentlige
711,Spring 2022,Digitaliseringsstrategi - IT-strategi og forretningsforståelse
712,Autumn 2022,Digitaliseringsstrategi - IT-strategi og forretningsforståelse
713,Autumn 2022,Digitaliseringsstrategi - IT-strategi og forretningsforståelse
714,Autumn 2022,Digitaliseringsstrategi - IT-strategi og forretningsforståelse
715,Autumn 2022,Digitaliseringsstrategi - IT-strategi og forretningsforståelse
716,Autumn 2022,Digitaliseringsstrategi - IT-strategi og forretningsforståelse
717,Autumn 2022,Digitalt materiale og interaktive artefakter
718,Autumn 2022,Digitalt materiale og interaktive artefakter
719,Autumn 2022,Digitalt materiale og interaktive artefakter
720,Autumn 2022,Digitalt materiale og interaktive artefakter
721,Autumn 2022,Digitalt materiale og interaktive artefakter
722,Autumn 2022,Digitalt materiale og interaktive artefakter
723,Autumn 2019,Discrete Mathematics - MSc SD
724,Spring 2019,Discrete Mathematics - MSc SD
725,Spring 2019,Discrete Mathematics - MSc SD
726,Spring 2019,Discrete Mathematics - MSc SD
727,Spring 2019,Discrete Mathematics - MSc SD
728,Spring 2019,Discrete Mathematics - MSc SD
729,Spring 2019,Discrete Mathematics - MSc SD
730,Spring 2019,Discrete Mathematics - MSc SD
731,Autumn 2020,Distributed Systems MSc
732,Spring 2019,Distributed Systems MSc
733,Spring 2019,Distributed Systems MSc
734,Spring 2019,Distributed Systems MSc
735,Spring 2019,Distributed Systems MSc
736,Spring 2019,Distributed Systems MSc
737,Autumn 2020,Distributed Systems - BSc
738,Spring 2019,Distributed Systems - BSc
739,Spring 2019,Distributed Systems - BSc
740,Spring 2019,Distributed Systems - BSc
741,Spring 2019,Distributed Systems - BSc
742,Spring 2019,Distributed Systems - BSc
743,Spring 2019,Distributed Systems - BSc
744,Spring 2019,Domain Specific Languages - MSc
745,Spring 2019,Domain Specific Languages - MSc
746,Spring 2019,Domain Specific Languages - MSc (Spring 2019) - MERGED with KSMOSYL1KU
747,Autumn 2026,E25 testkursus
748,Autumn 2025,Enterprise Systems & Platform Ecosystems
749,Autumn 2019,Enterprise Systems and Information Management
750,Spring 2020,Entrepreneurship (Summer University)
751,Spring 2020,Entrepreneurship (Summer University)
752,Autumn 2019,Entrepreneurship and Business Decisions
753,Spring 2020,Entrepreneurship and Business Decisions
754,Spring 2020,Entrepreneurship and Business Decisions
755,Spring 2020,Entrepreneurship and Business Decisions
756,Spring 2020,Entrepreneurship and Business Decisions (Extraordinary exam)
757,Spring 2020,Entrepreneurship and Business Decisions - Extraordinary exam (Spring 2021 - August)
758,Spring 2020,Entrepreneurship and Business Decisions - Extraordinary exam
759,Spring 2020,Entrepreneurship and Business Decisions - extraordinary exam (autumn 2021)
760,Spring 2020,Environmental Networks
761,Spring 2020,Environmental Networks
762,Spring 2020,Erstatningsprojekt BFOP E23
763,Spring 2021,Ethical Hacking
764,Spring 2020,Ethical Hacking
765,Spring 2020,Ethical Hacking
766,Spring 2020,Ethical Hacking
767,Spring 2020,Ethical Hacking
768,Spring 2020,Ethical Hacking
769,Spring 2020,Ethical Hacking
770,Autumn 2021,Evidence-based Management
771,Spring 2020,Evidence-based Management
772,Spring 2020,Evidence-based Management
773,Spring 2020,Evidence-based Management
774,Autumn 2024,Evidensbaseret ledelse
775,Spring 2020,Evidensbaseret ledelse
776,Spring 2020,Evidensbaseret ledelse
777,Spring 2020,Experimental Design in Practice (Summer University)
778,Spring 2024,Experimentelt design i praksis
779,Autumn 2019,Forretningsprocesser og organisation
780,Autumn 2019,Foundations of Computing - Discrete Mathematics BSc
781,Spring 2022,Foundations of Game AI
782,Spring 2023,Foundations of Game AI - BSc
783,Spring 2024,Foundations of Game AI - BSc
784,Spring 2024,Foundations of Game AI - BSc
785,Spring 2024,Foundations of Game AI - BSc
786,Spring 2024,Foundations of Game AI - BSc
787,Spring 2024,Foundations of Game AI - BSc
788,Spring 2024,Foundations of Play and Games
789,Spring 2024,Foundations of Play and Games
790,Spring 2024,Foundations of Play and Games
791,Spring 2024,Foundations of Play and Games
792,Autumn 2023,Foundations of Probability
793,Spring 2024,Foundations of Probability
794,Spring 2024,Foundations of Probability
795,Spring 2024,Foundations of Probability
796,Spring 2024,Frameworks and Architectures for the Web
797,Spring 2024,Frameworks and Architectures for the Web
798,Spring 2024,Frameworks and Architectures for the Web - BSc
799,Spring 2024,Frameworks and Architectures for the Web - MSc
800,Spring 2024,Frameworks and Architectures for the Web - MSc
801,Spring 2024,Frameworks and Architectures for the Web - MSc
802,Spring 2024,Frameworks and Architectures for the Web - MSc
803,Spring 2024,Frameworks and Architectures for the Web - MSc
804,Spring 2024,Frameworks and Architectures for the Web - MSc
805,Spring 2024,Frameworks and Architectures for the Web - MSc
806,Spring 2024,Frameworks and Architectures for the Web - MSc
807,Spring 2024,Frameworks and Architectures for the Web - MSc
808,Spring 2024,Frameworks and Architectures for the Web - MSc
809,Spring 2024,Framing Course
810,Spring 2024,Framing Course (TDP) A2019
811,Spring 2024,Framing Course (TDP) A2020
812,Spring 2024,Framing Course (TDP) A2021
813,Spring 2024,Framing Course (TDP) S2019
814,Spring 2024,Framing Course (TDP) S2020
815,Spring 2024,Framing Course (TDP) S2021
816,Spring 2023,Fremtidens bæredygtige virksomheder
817,Programme Access course Framing Course S2022 Semester,From Concept Art to In-Game Graphics
818,Programme Access course Framing Course S2022 Semester,From Concept Art to In-Game Graphics
819,Programme Access course Framing Course S2022 Semester,From Concept Art to In-Game Graphics
820,Programme Access course Framing Course S2022 Semester,Functional Programming
821,Programme Access course Framing Course S2022 Semester,Functional Programming
822,Programme Access course Framing Course S2022 Semester,Functional Programming
823,Programme Access course Framing Course S2022 Semester,Functional Programming
824,Programme Access course Framing Course S2022 Semester,Functional Programming
825,Programme Access course Framing Course S2022 Semester,Functional Programming
826,Programme Access course Framing Course S2022 Semester,Functional Programming
827,Programme Access course Framing Course S2022 Semester,Functional Programming
828,Programme Access course Framing Course S2022 Semester,Functional Programming
829,Programme Access course Framing Course S2022 Semester,Functional Programming
830,Programme Access course Framing Course S2022 Semester,Functional Programming
831,Spring 2022,Functional Programming - SWU
832,Programme Access course Framing Course S2022 Semester,Functional Programming - SWU
833,Programme Access course Framing Course S2022 Semester,Functional Programming - SWU
834,Programme Access course Framing Course S2022 Semester,Functional Programming - SWU
835,Programme Access course Framing Course S2022 Semester,Functional Programming - SWU
836,Programme Access course Framing Course S2022 Semester,Functional Programming - SWU
837,Programme Access course Framing Course S2022 Semester,Førsteårsprojekt: Danmarkskort. Visualisering - Navigation - Søgning og Ruteplanlægning
838,Programme Access course Framing Course S2022 Semester,Førsteårsprojekt: Danmarkskort. Visualisering - Navigation - Søgning og Ruteplanlægning
839,Programme Access course Framing Course S2022 Semester,Førsteårsprojekt: Danmarkskort. Visualisering - Navigation - Søgning og Ruteplanlægning
840,Autumn 2019,Game Programming
841,Spring 2015,Game Programming
842,Spring 2015,Game Programming
843,Spring 2015,Game Programming
844,Spring 2015,Game Programming
845,Spring 2015,Game Programming
846,Spring 2015,Game Programming
847,Spring 2015,Game Programming
848,Spring 2015,Game Programming
849,Spring 2015,Game Programming
850,Spring 2015,Game Project
851,Autumn 2019,Games & Culture
852,Spring 2026,Games User Research
853,Spring 2022,Geospatial Data Science
854,Spring 2026,Geospatial Data Science
855,Spring 2026,Geospatial Data Science
856,Spring 2026,Geospatial Data Science
857,Spring 2026,Geospatial Data Science
858,Spring 2026,Geospatial Data Science
859,Spring 2026,Geospatial Data Science
860,Spring 2026,Global IT
861,Spring 2026,Global IT I
862,Spring 2026,Global Project Management
863,Spring 2026,Global Project Management
864,Spring 2026,Global Project Management
865,Spring 2026,Global Project Management
866,Spring 2026,Global Project Management
867,Spring 2026,Global Project Management
868,Spring 2026,Global Project Management
869,Spring 2026,Global Project Management
870,Spring 2026,Global Project Management
871,Spring 2026,Global Project Management
872,Spring 2026,Global Project Management
873,Spring 2026,Global Project Management
874,Spring 2026,Global Project Management - extraordinary exam
875,Spring 2026,Global Software Development
876,Spring 2026,Global Software Development 2
877,Autumn 2019,Global it
878,Spring 2026,Global it
879,Spring 2026,Global it
880,Spring 2026,Global it
881,Spring 2026,Global it
882,Spring 2026,Global it
883,Spring 2026,Global it
884,Autumn 2019,Graphics Programming
885,Autumn 2023,High-Performance Game Programming
886,Autumn 2025,How to Build Data Systems
887,Autumn 2024,How to LearnIT
888,Spring 2020,How to Make (Almost) Anything (Summer University)
889,Autumn 2024,How to Make (Almost) Anything (Summer University)
890,Autumn 2024,How to Make (Almost) Anything (Summer University)
891,Autumn 2024,How to Make (Almost) Anything (Summer University)
892,Autumn 2024,How to Make (Almost) Anything (Summer University)
893,Autumn 2024,How to Make (Almost) Anything (Summer University)
894,Autumn 2024,How to Make (Almost) Anything (Summer University)
895,Autumn 2024,How to Make (Almost) Anything (Summer University)
896,Autumn 2024,How to Study - BDDIT
897,Autumn 2024,How to Study - BDS
898,Autumn 2024,How to Study - GBI
899,Autumn 2024,How to Study - SWU
900,Autumn 2024,How to make (almost) anything
901,Autumn 2024,How to make (almost) anything
902,Autumn 2024,How to make (almost) anything
903,Autumn 2019,IT Project and Portfolio Management
904,Spring 2020,IT and Business Process Modelling
905,Programme Access course IT Service Management (Autumn 2013) Semester Autumn 2013,IT and Business Process Modelling
906,Programme Access course IT Service Management (Autumn 2013) Semester Autumn 2013,IT and Business Process Modelling
907,Programme Access course IT Service Management (Autumn 2013) Semester Autumn 2013,IT and Business Process Modelling
908,Programme Access course IT Service Management (Autumn 2013) Semester Autumn 2013,IT and Business Process Modelling
909,Programme Access course IT Service Management (Autumn 2013) Semester Autumn 2013,IT and Business Process Modelling
910,Programme Access course IT Service Management (Autumn 2013) Semester Autumn 2013,IT and Business Process Modelling
911,Programme Access course IT Service Management (Autumn 2013) Semester Autumn 2013,IT and Green Transitions - extraordinary exam
912,Autumn 2022,IT and Green Transitions - BSc
913,Programme Access course IT Service Management (Autumn 2013) Semester Autumn 2013,IT and Green Transitions - BSc
914,Programme Access course IT Service Management (Autumn 2013) Semester Autumn 2013,IT and Green Transitions - BSc
915,Programme Access course IT Service Management (Autumn 2013) Semester Autumn 2013,IT and Green Transitions - BSc
916,Programme Access course IT Service Management (Autumn 2013) Semester Autumn 2013,IT and Green Transitions - BSc
917,Programme Access course IT Service Management (Autumn 2013) Semester Autumn 2013,IT and Green Transitions - BSc - Extraordinary exam
918,Autumn 2022,IT and Green Transitions - MSc
919,Programme Access course IT Service Management (Autumn 2013) Semester Autumn 2013,IT and Green Transitions - MSc
920,Programme Access course IT Service Management (Autumn 2013) Semester Autumn 2013,IT and Green Transitions - MSc
921,Programme Access course IT Service Management (Autumn 2013) Semester Autumn 2013,IT and Green Transitions - MSc
922,Programme Access course IT Service Management (Autumn 2013) Semester Autumn 2013,IT and Green Transitions - MSc
923,Programme Access course IT Service Management (Autumn 2013) Semester Autumn 2013,IT and Green Transitions - MSc - Extraordinary exam
924,Programme Access course IT Service Management (Autumn 2013) Semester Autumn 2013,IT in Organizations - a Practice Approach
925,Spring 2021,IT og bæredygtighed
926,Programme Access course IT Service Management (Autumn 2013) Semester Autumn 2013,IT og bæredygtighed
927,Autumn 2019,IT - Globalisation and Culture
928,Autumn 2024,IT - Globalisation and Culture
929,Autumn 2024,IT - Globalisation and Culture
930,Autumn 2024,IT - Globalisation and Culture
931,Autumn 2024,IT - Globalisation and Culture
932,Autumn 2024,IT - Globalisation and Culture
933,Autumn 2024,IT - Globalisation and Culture
934,Autumn 2024,IT - Globalisation and Culture
935,Autumn 2024,IT - Globalisation and Culture
936,Autumn 2024,IT - Globalisation and Culture
937,Autumn 2024,IT - Globalisation and Culture
938,Autumn 2024,IT - Globalisation and Culture
939,Autumn 2024,IT - Globalisation and Culture
940,Autumn 2024,IT - Globalisation and Culture
941,Autumn 2024,IT - Globalisation and Culture
942,Autumn 2019,IT-Enabled Supply Chain Management
943,Autumn 2024,IT-Enabled Supply Chain Management
944,Autumn 2024,IT-Enabled Supply Chain Management
945,Autumn 2024,IT-Enabled Supply Chain Management
946,Autumn 2024,IT-Enabled Supply Chain Management
947,Autumn 2024,IT-Enabled Supply Chain Management
948,Autumn 2024,IT-Enabled Supply Chain Management
949,Autumn 2024,IT-Enabled Supply Chain Management
950,Autumn 2024,IT-Enabled Supply Chain Management
951,Autumn 2024,IT-Enabled Supply Chain Management
952,Autumn 2024,IT-Enabled Supply Chain Management
953,Autumn 2024,IT-Enabled Supply Change Management
954,Autumn 2024,IT-Mediated & Networked Practices
955,Autumn 2024,IT-Mediated & Networked Practices with Specialisation Project
956,Autumn 2024,IT-enabled Process Improvement
957,Autumn 2019,IT-ledelse og IT-organisationens rolle
958,Autumn 2024,IT-ledelse og IT-organisationens rolle
959,Autumn 2024,IT-ledelse og IT-organisationens rolle
960,Autumn 2024,IT-ledelse og IT-organisationens rolle
961,Autumn 2024,IT-ledelse og IT-organisationens rolle
962,Autumn 2024,IT-ledelse og IT-organisationens rolle
963,Autumn 2024,IT-ledelse og IT-organisationens rolle
964,Autumn 2019,IT-ledelsesfagets metoder og kommunikation
965,Autumn 2020,IT-ledelsesfagets metoder og kommunikation
966,Autumn 2020,IT-ledelsesfagets metoder og kommunikation
967,Autumn 2020,IT-ledelsesfagets metoder og kommunikation
968,Autumn 2020,IT-ledelsesfagets metoder og kommunikation
969,Autumn 2020,IT-ledelsesfagets metoder og kommunikation
970,Autumn 2020,IT-ledelsesfagets metoder og kommunikation
971,Autumn 2020,ITU Course Template
972,Autumn 2020,ITU Final Master Project Template
973,Autumn 2020,ITU GDPR
974,Autumn 2020,ITU Project Template NY
975,Autumn 2020,ITU Thesis Template NY
976,Autumn 2020,Industrial Scrum Master Training (Spring 2019) - MERGED with BSANSSG1KU
977,Autumn 2020,Industrial Scrum Master Training
978,Autumn 2020,Industrial Scrum Master Training
979,Autumn 2020,Industrial Scrum Master Training
980,Autumn 2020,Industrial Scrum Master Training
981,Autumn 2020,Industrial Scrum Master Training
982,Autumn 2020,Industrial Scrum Master Training
983,Autumn 2020,Industrial Scrum Master Training
984,Autumn 2020,Industrial Software Engineering
985,Autumn 2019,Industry Projects
986,Autumn 2020,Industry Projects
987,Autumn 2020,Innnovation & entrepreneurship - local basis - global business
988,Autumn 2020,Innnovation & entrepreneurship - local basis - global business
989,Autumn 2020,Innnovation & entrepreneurship - local basis - global business
990,Autumn 2020,Innnovation & entrepreneurship - local basis - global business
991,Autumn 2020,Innovation & entrepreneurship - local basis - global business
992,Autumn 2020,Innovation and Concept Development
993,Autumn 2020,Innovation and Concept Development
994,Autumn 2020,Innovation and Entrepreneurship
995,Autumn 2020,Innovation and Technology in Society
996,Autumn 2020,Innovation and Technology in Society
997,Autumn 2020,Innovation and Technology in Society
998,Autumn 2020,Innovation and Technology in Society
999,Autumn 2020,Innovation and Technology in Society
1000,Autumn 2020,Interaction Design: Concepts and Perspectives
1001,Autumn 2019,Interaktionsdesign: Kernebegreber og perspektiver
1002,Autumn 2019,Interaktionsdesign: Kernebegreber og perspektiver
1003,Autumn 2019,Interaktionsdesign: Kernebegreber og perspektiver
1004,Autumn 2019,Interaktionsdesign: Kernebegreber og perspektiver
1005,Autumn 2019,Interaktionsdesign: Kernebegreber og perspektiver
1006,Autumn 2019,Interaktionsdesign: Kernebegreber og perspektiver
1007,Autumn 2019,Interaktionsdesign: genrer og kontekster
1008,Autumn 2019,Interaktionsdesign: genrer og kontekster
1009,Autumn 2019,Interaktionsdesign: genrer og kontekster
1010,Autumn 2019,Interaktionsdesign: genrer og kontekster
1011,Autumn 2019,Interfacedesign og æstetik
1012,Autumn 2019,Internet of Things
1013,Autumn 2019,Internet of Things
1014,Autumn 2019,Internet of Things
1015,Autumn 2019,Internet of Things
1016,Autumn 2019,Internet of Things
1017,Autumn 2019,Internet of Things
1018,Autumn 2019,Internet of Things
1019,Autumn 2019,Internet of Things
1020,Autumn 2019,Introducerende akademisk projekt
1021,Autumn 2019,Introducerende akademisk projekt - Kvalifikationsforløb til master
1022,Autumn 2019,Introducerende akademisk projekt - Kvalifikationsforløb til master
1023,Autumn 2019,Introducerende akademisk projekt - Kvalifikationsforløb til master
1024,Autumn 2019,Introducerende akademisk projekt - Kvalifikationsforløb til master
1025,Spring 2020,Introduction to Artificial Intelligence - BSc
1026,Autumn 2019,Introduction to Artificial Intelligence - BSc
1027,Autumn 2019,Introduction to Artificial Intelligence - BSc
1028,Autumn 2019,Introduction to Artificial Intelligence - BSc
1029,Spring 2020,Introduction to Artificial Intelligence - MSc
1030,Spring 2023,Introduction to Artificial Intelligence - MSc
1031,Spring 2023,Introduction to Artificial Intelligence - MSc
1032,Spring 2023,Introduction to Artificial Intelligence - MSc
1033,Spring 2023,Introduction to Artificial Intelligence - MSc
1034,Spring 2023,Introduction to Artificial Intelligence - MSc
1035,Spring 2023,Introduction to Artificial Intelligence - MSc
1036,Spring 2023,Introduction to Artificial Intelligence - MSc
1037,Spring 2023,Introduction to Constructive Alignment
1038,Spring 2023,Introduction to Data Science
1039,Autumn 2019,Introduction to Data Science and Programming
1040,Spring 2023,Introduction to Data Science and Programming
1041,Spring 2023,Introduction to Data Science and Programming
1042,Spring 2023,Introduction to Data Science and Programming
1043,Spring 2023,Introduction to Data Science and Programming
1044,Spring 2023,Introduction to Data Science and Programming
1045,Spring 2023,Introduction to Data Science and Programming
1046,Spring 2023,Introduction to Data Science and Programming
1047,Spring 2023,Introduction to Data Science and Programming
1048,Spring 2023,Introduction to Data Science and Programming
1049,Spring 2023,Introduction to Database Design
1050,Spring 2023,Introduction to Database Design
1051,Spring 2023,Introduction to Database Design
1052,Spring 2023,Introduction to Database Design
1053,Spring 2023,Introduction to Database Design
1054,Spring 2023,Introduction to Database Design
1055,Spring 2023,Introduction to Database Design - BSc/MSc
1056,Spring 2023,Introduction to Database Design - SWU - SD - SDT
1057,Autumn 2020,Introduction to Database Systems - DS
1058,Autumn 2020,Introduction to Database Systems - MSc SD
1059,Spring 2023,Introduction to Database Systems - MSc SD
1060,Spring 2023,Introduction to Database Systems - MSc SD
1061,Spring 2023,Introduction to Database Systems - MSc SD
1062,Spring 2023,Introduction to Database Systems - MSc SD
1063,Spring 2023,Introduction to Database Systems - MSc SD
1064,Spring 2023,Introduction to Database Systems - MSc SD
1065,Spring 2023,Introduction to Database Systems - MSc SD
1066,Spring 2023,Introduction to Database Systems - MSc SD
1067,Spring 2023,Introduction to Database Systems - MSc SD
1068,Spring 2023,Introduction to Database Systems - MSc SD
1069,Spring 2023,Introduction to Database Systems - MSc SD
1070,Spring 2023,Introduction to Database Systems - MSc SD
1071,Autumn 2020,Introduction to Database Systems - SWU
1072,Spring 2023,Introduction to Database Systems - SWU
1073,Spring 2023,Introduction to Database Systems - SWU
1074,Spring 2023,Introduction to Database Systems - SWU
1075,Spring 2023,Introduction to Database Systems - SWU
1076,Spring 2023,Introduction to Database Systems - SWU
1077,Spring 2023,Introduction to Database Systems - SWU
1078,Spring 2023,Introduction to Database Systems - SWU
1079,Spring 2023,Introduction to Database Systems - SWU
1080,Spring 2023,Introduction to Database Systems - SWU
1081,Spring 2023,Introduction to Database Systems - SWU
1082,Spring 2023,Introduction to Database Systems - SWU
1083,Spring 2023,Introduction to Graphics and Image Analysis
1084,Spring 2023,Introduction to Graphics and Image Analysis
1085,Spring 2023,Introduction to Graphics and Image Analysis
1086,Spring 2023,Introduction to Image Analysis and Machine Learning - BSc - MSc
1087,Spring 2020,Introduction to Image Analysis and Machine Learning - BSc
1088,Spring 2020,Introduction to Image Analysis and Machine Learning - BSc
1089,Spring 2020,Introduction to Image Analysis and Machine Learning - BSc
1090,Spring 2020,Introduction to Image Analysis and Machine Learning - BSc (Spring 2019) - MERGED with KSIIAML1KU
1091,Spring 2020,Introduction to Image Analysis and Machine Learning - BSc
1092,Spring 2020,Introduction to Image Analysis and Machine Learning - BSc
1093,Spring 2020,Introduction to Image Analysis and Machine Learning - BSc
1094,Spring 2020,Introduction to Image Analysis and Machine Learning - MSc
1095,Spring 2020,Introduction to LearnIt - test course
1096,Spring 2020,Introduction to Machine Learning
1097,Spring 2020,Introduction to Machine Learning
1098,Spring 2020,Introduction to Machine Learning
1099,Spring 2020,Introduction to Machine Learning
1100,Spring 2020,Introduction to Machine Learning
1101,Spring 2020,Introduction to Machine Learning
1102,Spring 2020,Introduction to Machine Learning
1103,Spring 2020,Introduction to Machine Learning
1104,Autumn 2019,Introduction to Programming
1105,Spring 2020,Introduction to Programming
1106,Spring 2020,Introduction to Programming (Autumn 2018) - MERGED with BBINPRO1KU-1
1107,Spring 2020,Introduction to Programming
1108,Spring 2020,Introduction to Programming
1109,Spring 2020,Introduction to Programming
1110,Autumn 2020,Introduction to Programming - MSc
1111,Autumn 2022,Introduction to Programming - MSc
1112,Autumn 2022,Introduction to Programming - MSc
1113,Autumn 2022,Introduction to Programming - MSc
1114,Autumn 2022,Introduction to Programming - MSc
1115,Autumn 2022,Introduction to Programming - MSc
1116,Autumn 2022,Introduction to Programming - MSc
1117,Autumn 2025,Introduction to Security
1118,Autumn 2022,Introduction to Security
1119,Autumn 2026,Introduction to Security - MSc
1120,Autumn 2022,Introduction to Service Design (1. del af specialisering)
1121,Autumn 2022,Introduction to Service Design
1122,Autumn 2022,Introduction to Service Design
1123,Autumn 2022,Introduction to Service Design
1124,Autumn 2022,Introduction to Service Design
1125,Autumn 2022,Introduction to Service Design
1126,Autumn 2022,Introduction to Service Design
1127,Autumn 2022,Introduction to Service Design
1128,Autumn 2022,Introduction to Service Design
1129,Autumn 2022,Introduction to Service Design
1130,Autumn 2022,Introduction to Service Design
1131,Spring 2024,Introduction to Service Design and Management
1132,Autumn 2022,Introduction to Service Design and Management
1133,Autumn 2022,Introduction to Service Design and Management
1134,Introduction to Teaching and Learning Semester,Introduction to Teaching at ITU
1135,Introduction to Teaching and Learning Semester,Introduction to the new video platform
1136,Introduction to Teaching and Learning Semester,Introductory 3D
1137,Introduction to Teaching and Learning Semester,Introductory 3D
1138,Introduction to Teaching and Learning Semester,Introductory 3D
1139,Introduction to Teaching and Learning Semester,Introductory 3D
1140,Autumn 2019,Introductory Programming
1141,Programme Access course Introduction to Teaching at ITU Semester,Introductory Programming
1142,Programme Access course Introduction to Teaching at ITU Semester,Introductory Programming
1143,Programme Access course Introduction to Teaching at ITU Semester,Introductory Programming
1144,Programme Access course Introduction to Teaching at ITU Semester,Introductory Programming
1145,Programme Access course Introduction to Teaching at ITU Semester,Introductory Programming
1146,Programme Access course Introduction to Teaching at ITU Semester,Introductory Programming
1147,Programme Access course Introduction to Teaching at ITU Semester,Introductory Programming
1148,Programme Access course Introduction to Teaching at ITU Semester,Introductory Programming
1149,Programme Access course Introduction to Teaching at ITU Semester,Introductory Programming
1150,Programme Access course Introduction to Teaching at ITU Semester,Introductory Programming
1151,Programme Access course Introduction to Teaching at ITU Semester,Introductory Programming
1152,Programme Access course Introduction to Teaching at ITU Semester,Introductory Programming
1153,Programme Access course Introduction to Teaching at ITU Semester,Introductory Programming
1154,Programme Access course Introduction to Teaching at ITU Semester,Introductory Programming
1155,Programme Access course Introduction to Teaching at ITU Semester,Introductory Programming
1156,Programme Access course Introduction to Teaching at ITU Semester,Introduktion til interaktionsdesign - teori og metode
1157,Autumn 2023,It-projektledelse og porteføljestyring
1158,Programme Access course Introduction to Teaching at ITU Semester,It-projektledelse og porteføljestyring
1159,Programme Access course Introduction to Teaching at ITU Semester,It-projektledelse og porteføljestyring
1160,Programme Access course Introduction to Teaching at ITU Semester,It-projektledelse og porteføljestyring
1161,Programme Access course Introduction to Teaching at ITU Semester,It-projektledelse og programstyring
1162,Autumn 2020,Jorden rundt på 4 dage - digital transformation i et globalt perspektiv
1163,Autumn 2016,Jorden rundt på 4 dage - digital transformation i et globalt perspektiv
1164,Autumn 2016,Jorden rundt på 4 dage - digital transformation i et globalt perspektiv
1165,Autumn 2016,Jorden rundt på 4 dage - digital transformation i et globalt perspektiv
1166,Autumn 2016,Jorden rundt på 4 dage - digital transformation i et globalt perspektiv
1167,Autumn 2024,Jorden rundt på 4 dage – kunstig intelligens og digital transformation i et globalt perspektiv
1168,Autumn 2016,Jorden rundt på 4 dage – kunstig intelligens og digital transformation i et globalt perspektiv
1169,Autumn 2016,KDDIT Thesis Prep Seminar
1170,Autumn 2016,KDDIT Thesis Prep Seminar
1171,Autumn 2016,KDDIT Thesis Prep Seminar
1172,Autumn 2016,KDDIT Thesis Prep Seminar
1173,Autumn 2016,KDDIT Thesis Prep Seminar
1174,Autumn 2016,KDDIT Thesis Prep Seminar
1175,Autumn 2020,Konceptudvikling med virksomheder
1176,Autumn 2016,Konceptudvikling med virksomheder
1177,Autumn 2016,Konceptudvikling med virksomheder
1178,Autumn 2024,Kvalitative Studier: Hverdagsliv med teknologier
1179,Autumn 2022,Kvalitative Studier: Hverdagsliv med teknologier
1180,Autumn 2022,Kvalitative Studier: Hverdagsliv med teknologier
1181,Autumn 2019,Kvalitative forskningsmetoder og akademisk formidling
1182,Autumn 2022,Kvalitative forskningsmetoder og akademisk formidling
1183,Autumn 2022,Kvalitative forskningsmetoder og akademisk formidling
1184,Autumn 2022,Kvalitative forskningsmetoder og akademisk formidling
1185,Autumn 2022,Kvalitative forskningsmetoder og akademisk formidling
1186,Autumn 2022,Kvalitative forskningsmetoder og akademisk formidling
1187,Autumn 2022,Kvalitative forskningsmetoder og akademisk formidling
1188,Autumn 2022,Kvalitative forskningsmetoder og akademisk formidling
1189,Autumn 2022,Kvalitative forskningsmetoder og akademisk formidling
1190,Autumn 2022,Kvalitative forskningsmetoder og akademisk formidling
1191,Autumn 2022,Kvalitative forskningsmetoder og akademisk formidling
1192,Autumn 2022,Kvalitative forskningsmetoder og akademisk formidling
1193,Autumn 2025,Kvantitative metoder og undersøgelser
1194,Autumn 2022,Kvantitative metoder og undersøgelser
1195,Autumn 2022,LS Diplomas
1196,Autumn 2022,LS teachIT template
1197,Autumn 2022,LTS - Learning Technology Seminar
1198,Autumn 2022,Large Scale Data Analysis
1199,Autumn 2022,Large Scale Data Analysis
1200,Autumn 2019,Leadership and Strategies for the Blockchain Economy
1201,Spring 2021,Leadership and Strategies for the Blockchain Economy
1202,Spring 2021,LeanIT for Online Teaching (TA webinar)
1203,Spring 2021,Learn GenaAI (AAU material)_cazh testkursus
1204,Spring 2021,LearnIT Help for Teachers
1205,Spring 2021,Learning Technology Basics 2015 TDP module
1206,Spring 2021,Learning Technology Basics A2016
1207,Spring 2021,Learning Technology Course
1208,Spring 2021,Learning Technology Course Playground
1209,Spring 2021,Learning Technology Seminar (A2022)
1210,Spring 2021,Learning Technology Seminar (TDP) A2019
1211,Spring 2021,Learning Technology Seminar A2017
1212,Spring 2021,Learning Technology Seminar A2018
1213,Spring 2021,Learning Technology Seminar A2020
1214,Spring 2021,Learning Technology Seminar S2019
1215,Spring 2021,Learning Technology Seminar S2020
1216,Spring 2021,Learning and IT
1217,Spring 2021,Learning and IT
1218,Spring 2022,Ledelse af digital transformation
1219,Spring 2021,Ledelse af digital transformation
1220,Spring 2021,Ledelse af digital transformation
1221,Spring 2021,Ledelse af digital transformation
1222,Autumn 2019,Ledelse af kreative projekter
1223,Spring 2021,Ledelse af kreative projekter
1224,Spring 2021,Ledelse af kreative projekter
1225,Spring 2021,Ledelse af kreative projekter
1226,Spring 2021,Ledelse af kreative projekter (Summer University)
1227,Spring 2021,Ledelse af kreative projekter (Summer University)
1228,Spring 2021,Ledelse af kreative projekter (Summer University)
1229,Spring 2021,Ledelse af kreative projekter (Summer University)
1230,Spring 2021,Ledelse af kreative projekter (Summer University)
1231,Spring 2026,Legende design
1232,Spring 2025,Legende design
1233,Autumn 2019,Linear Algebra and Optimisation
1234,Spring 2025,Linear Algebra and Optimisation
1235,Spring 2025,Linear Algebra and Optimisation
1236,Spring 2025,Linear Algebra and Optimisation
1237,Spring 2025,Linear Algebra and Optimisation
1238,Spring 2025,Linear Algebra and Optimisation
1239,Spring 2025,Linear Algebra and Optimisation
1240,Spring 2025,Linear Algebra and Optimisation
1241,Spring 2025,Linear Algebra and Optimisation
1242,Spring 2025,Linear Algebra and Optimisation
1243,Spring 2025,Linear Algebra and Probability
1244,Spring 2025,Linear Algebra and Probability
1245,Spring 2025,Linear Algebra and Probability
1246,Spring 2025,Linear Algebra and Probability
1247,Spring 2025,Linear Algebra and Probability
1248,Spring 2025,Linear Algebra and Probability
1249,Spring 2025,Linear Algebra and Probability
1250,Spring 2025,Linear Algebra and Probability
1251,Spring 2025,Locative Media
1252,Spring 2025,Locative Media
1253,Spring 2025,Locative Media
1254,Spring 2025,Lorem - kopieret testkursus - joje
1255,Spring 2025,Lorem - kopieret testkursus - joje
1256,Spring 2025,MSc Thesis Preparation (DIM 2017)
1257,Autumn 2019,Machine Learning
1258,Autumn 2021,Machine Learning
1259,Autumn 2021,Machine Learning
1260,Autumn 2021,Machine Learning
1261,Autumn 2021,Machine Learning
1262,Autumn 2021,Machine Learning
1263,Autumn 2021,Machine Learning
1264,Autumn 2021,Machine Learning
1265,Autumn 2021,Machine Learning
1266,Autumn 2021,Machine Learning
1267,Autumn 2019,Making Games
1268,Autumn 2021,Making Games
1269,Autumn 2021,Making Games
1270,Autumn 2021,Making Games
1271,Autumn 2021,Making Games
1272,Autumn 2021,Making Games
1273,Autumn 2021,Making Games
1274,Autumn 2021,Making Games
1275,Autumn 2021,Making Games
1276,Spring 2026,Making Sense of Service Systems
1277,Autumn 2021,Making Sense of Service Systems
1278,Spring 2025,Management of Digital Transformation
1279,Autumn 2021,Management of Digital Transformation
1280,Autumn 2021,Management of Digital Transformation
1281,Autumn 2024,Managing Business Analytics and Data-Driven Decision-Making
1282,Autumn 2021,Managing Business Analytics and Data-Driven Decision-Making
1283,Autumn 2021,Managing Business Analytics and Data-Driven Decision-Making
1284,Spring 2023,Managing Digital Transformation
1285,Autumn 2021,Managing Digital Transformation
1286,Spring 2024,Managing Risk in IT and Cybersecurity - BSc (Summer University)
1287,Spring 2024,Managing Risk in IT and Cybersecurity - MSc. (Summer University)
1288,Autumn 2026,Managing Service Strategy and Innovation
1289,Autumn 2019,Managing Sustainability
1290,Autumn 2020,Methodology and Communication in IT Management
1291,Spring 2020,Mobile App Development - BSc
1292,Autumn 2019,Mobile and Distributed Systems - BSc
1293,Autumn 2019,Mobile and Distributed Systems - MSc
1294,Spring 2021,Modelling Systems and Languages
1295,Spring 2021,Modelling Systems and Languages
1296,Spring 2021,Modelling Systems and Languages
1297,Spring 2021,Modelling Systems and Languages
1298,Spring 2021,Modelling Systems and Languages
1299,Spring 2021,Modelling Systems and Languages
1300,Spring 2021,Modelling Systems and Languages
1301,Spring 2021,Modelling Systems and Languages
1302,Spring 2021,Modelling Systems and Languages
1303,Spring 2021,Modern AI for Games
1304,Spring 2021,Modern AI for Games
1305,Spring 2021,Modern AI for Games
1306,Spring 2021,Modern AI for Games
1307,Spring 2021,Modern AI for Games
1308,Autumn 2019,Modern Artificial Intelligence
1309,Spring 2021,Modern Artificial Intelligence
1310,Spring 2021,Modern Artificial Intelligence
1311,Spring 2021,Modern Artificial Intelligence
1312,Spring 2021,Modern Artificial Intelligence
1313,Spring 2021,My course
1314,Spring 2021,NOT IN USE - Distributed Systems MSc
1315,Spring 2021,NOT IN USE - ITU Project Template
1316,Spring 2021,NOT IN USE - ITU Thesis Template
1317,Spring 2021,NOT IN USE - Introduction to Database Systems - DS
1318,Spring 2021,NOT IN USE - Introduction to Database Systems - MSc SD
1319,Spring 2021,NOT IN USE - Operating Systems and C - MSc SD
1320,Autumn 2025,Navigating Complexity: Mapping - Analyzing and Decision-Making
1321,Autumn 2013,Navigating Complexity: Mapping - Analyzing and Decision-Making
1322,Autumn 2019,Navigating Complexity: Mapping - Visualisation and Decision-making
1323,Autumn 2013,Navigating Complexity: Mapping - Visualisation and Decision-making
1324,Autumn 2013,Navigating Complexity: Mapping - Visualisation and Decision-making
1325,Autumn 2013,Navigating Complexity: Mapping - Visualisation and Decision-making
1326,Autumn 2013,Navigating Complexity: Mapping - Visualisation and Decision-making
1327,Autumn 2013,Navigating Complexity: Mapping - Visualisation and Decision-making
1328,Autumn 2013,Navigating Complexity: Mapping - Visualisation and Decision-making
1329,Autumn 2013,Navigating Complexity: Mapping - Visualisation and Decision-making
1330,Autumn 2019,Network Analysis
1331,Autumn 2013,Network Analysis
1332,Autumn 2013,Network Analysis
1333,Autumn 2013,Network Analysis
1334,Autumn 2013,Network Analysis
1335,Autumn 2013,Network Analysis
1336,Autumn 2013,Network Analysis
1337,Autumn 2013,Network Analysis
1338,Autumn 2013,Network Analysis
1339,Spring 2020,Network Society
1340,Autumn 2013,Network Society
1341,Autumn 2019,Networked Media and Communication
1342,Autumn 2015,Networked Media and Communication
1343,Autumn 2015,Networked Media and Communication
1344,Autumn 2015,Networked Media and Communication
1345,Autumn 2015,Networked Media and Communication
1346,Autumn 2015,Networked Media and Communication
1347,Autumn 2015,Networked Media and Communication
1348,Autumn 2015,Networked Media and Communication
1349,Autumn 2015,New LearnIT from 6 March 2021. Info for Course Managers and Teachers
1350,Autumn 2015,New LearnIT from 6 March 2021. Info for Students
1351,Autumn 2015,New Media and Communication
1352,Autumn 2015,New Media and Communication
1353,Autumn 2015,New Media and Communication
1354,Autumn 2015,New Media and Communication
1355,Autumn 2015,Not offered - Project: Service Design
1356,Autumn 2015,Not offered - Research Topics in Interaction Design
1357,Autumn 2015,Not offered - Social Media Usage
1358,Autumn 2015,Not offered - User Experience
1359,Autumn 2015,Not offered - User-centered Communication Design
1360,Autumn 2015,Nyt testkursus i E23
1361,Autumn 2015,Object Oriented Programming
1362,Autumn 2015,Object Oriented Programming
1363,Autumn 2015,Object Oriented Programming
1364,Autumn 2015,Object Oriented Programming
1365,Autumn 2015,Object Oriented Programming
1366,Autumn 2015,Object Oriented Programming
1367,Autumn 2015,Object Oriented Programming
1368,Autumn 2015,Onboarding - Head Tutors
1369,Autumn 2015,Onboarding - Study & Career Guidance Team
1370,Autumn 2015,Onboarding - Tutors & Buddies_OLD
1371,Autumn 2019,Operating Systems and C
1372,Spring 2014,Operating Systems and C
1373,Spring 2014,Operating Systems and C
1374,Spring 2014,Operating Systems and C
1375,Spring 2014,Operating Systems and C
1376,Spring 2014,Operating Systems and C
1377,Spring 2014,Operating Systems and C
1378,Spring 2014,Operating Systems and C
1379,Spring 2014,Operating Systems and C (Autumn 2024) MSc and BSc
1380,Spring 2014,Operating Systems and C
1381,Autumn 2022,Operating Systems and C - MSc SD
1382,Spring 2014,Operating Systems and C - MSc SD
1383,Spring 2014,Operating Systems and C - MSc SD
1384,Spring 2014,Operating Systems and C - MSc SD
1385,Spring 2014,Operativsystemer og C
1386,Spring 2014,Operativsystemer og C
1387,Spring 2014,Operativsystemer og C
1388,Spring 2014,Operativsystemer og C
1389,Spring 2014,Organisation & Process Theory
1390,Spring 2014,Organisation & Process Theory
1391,Autumn 2019,Organisation and Process Theory
1392,Autumn 2024,Organisation and Process Theory
1393,Autumn 2024,Organisation and Process Theory
1394,Autumn 2024,Organisation and Process Theory
1395,Autumn 2024,Organisation and Process Theory
1396,Autumn 2024,Organisation and Process Theory
1397,Autumn 2024,Organisation and Process Theory
1398,Autumn 2024,Organisation and Process Theory
1399,Autumn 2024,Organisation and Process Theory
1400,Autumn 2024,Organisation and Process Theory
1401,Autumn 2024,Organisation and Process Theory
1402,Autumn 2024,Organisation and Process Theory
1403,Spring 2022,Organisation og innovation
1404,Autumn 2024,Organisation og innovation
1405,Autumn 2024,Organisation og innovation
1406,Autumn 2025,Organisational Analysis
1407,Autumn 2024,Organisational Analysis
1408,Autumn 2019,Organisational Change
1409,Autumn 2024,Organisational Change
1410,Autumn 2024,Organisational Change
1411,Autumn 2024,Organisational Change
1412,Autumn 2024,Organisational Change
1413,Spring 2020,Organisational Change (Summer University)
1414,Autumn 2024,Organisational Change (Summer University)
1415,Autumn 2024,Organisational Change (Summer University)
1416,Autumn 2024,Organisational Change (Summer University)
1417,Autumn 2024,Organisational Change (Summer University)
1418,Autumn 2024,Organisations- og virksomhedsudvikling
1419,Spring 2024,Organisatorisk innovations- og forandringsledelse
1420,Autumn 2024,Organisatorisk innovations- og forandringsledelse
1421,Autumn 2024,Organisatorisk innovations- og forandringsledelse
1422,Autumn 2024,Organisatorisk innovations- og forandringsledelse
1423,Autumn 2024,Organizing and Managing Process Innovation
1424,Autumn 2024,Organizing and Managing Process Innovation
1425,Autumn 2024,Organizing and Managing Process Innovation
1426,Autumn 2022,Perspectives on Games
1427,Autumn 2017,Perspectives on Games
1428,Autumn 2017,Perspectives on Games
1429,Autumn 2017,Pervasive Computing
1430,Autumn 2017,Pervasive Computing
1431,Autumn 2017,Pervasive Computing (lectures)
1432,Autumn 2017,Pervasive Computing (project)
1433,Autumn 2017,Pervasive Computing (project)
1434,Autumn 2017,Pervasive Computing Project
1435,Autumn 2017,Pervasive Computing Project
1436,Autumn 2017,Pervasive Computing Project
1437,Autumn 2017,Pervasive Computing Project
1438,Autumn 2017,Pervasive Computing Project
1439,Autumn 2017,Pervasive Computing - MSc
1440,Autumn 2017,Pervasive Computing - MSc
1441,Spring 2026,Philosophy of Design and Ethics
1442,Autumn 2017,Philosophy of Design and Ethics
1443,Autumn 2017,Philosophy of Science
1444,Autumn 2017,Philosophy of Science and Technology (DMD)
1445,Autumn 2017,Philosophy of Science and Technology (GBI)
1446,Autumn 2017,Philosophy of Science and Technology
1447,Autumn 2017,Philosophy of Science and Technology
1448,Autumn 2017,Philosophy of Science and Technology
1449,Autumn 2017,Philosophy of Science and Technology - DMD
1450,Autumn 2017,Philosophy of Science and Technology - DMD
1451,Autumn 2019,Philosophy of Science and Technology - DMD/B-DDIT
1452,Autumn 2017,Philosophy of Science and Technology - DMD/B-DDIT
1453,Autumn 2017,Philosophy of Science and Technology - DMD/B-DDIT
1454,Autumn 2017,Philosophy of Science and Technology - DMD/B-DDIT
1455,Autumn 2017,Philosophy of Science and Technology - DMD/B-DDIT
1456,Autumn 2017,Philosophy of Science and Technology - DMD/B-DDIT
1457,Spring 2025,Physical Computing – Theory and Practice
1458,Spring 2026,Physical Computing - teori og praksis
1459,Autumn 2019,Play Lab
1460,Spring 2020,Play Lab
1461,Spring 2020,Play Lab
1462,Spring 2020,Play Lab
1463,Spring 2020,Play Lab
1464,Spring 2020,Play Lab
1465,Spring 2020,Play Lab
1466,Spring 2020,Play Lab
1467,Spring 2020,Play Lab
1468,Spring 2020,Playable Media
1469,Spring 2020,Playable Media
1470,Spring 2020,Playable Media
1471,Spring 2020,Playable Media
1472,Spring 2020,Playable Media
1473,Spring 2020,Playable Media
1474,Spring 2020,Playable Media
1475,Spring 2020,Playable Media
1476,Spring 2020,Playful Design
1477,Spring 2020,Politisk kommunikation
1478,Spring 2020,Practical & Strategic Communication
1479,Spring 2020,Practical Concurrent and Parallel Programming
1480,Spring 2020,Practical Concurrent and Parallel Programming
1481,Spring 2020,Practical Concurrent and Parallel Programming
1482,Spring 2020,Practical Concurrent and Parallel Programming
1483,Spring 2020,Practical Concurrent and Parallel Programming - CS/SDT
1484,Autumn 2019,Practical Concurrent and Parallel Programming - MSc CS
1485,Autumn 2025,Practical Concurrent and Parallel Programming - MSc CS
1486,Autumn 2025,Practical Concurrent and Parallel Programming - MSc CS (Autumn 2018) - MERGED with KSPRCPP1KU
1487,Autumn 2025,Practical Concurrent and Parallel Programming - MSc CS
1488,Autumn 2025,Practical Concurrent and Parallel Programming - MSc CS
1489,Autumn 2025,Practical Concurrent and Parallel Programming - MSc CS
1490,Autumn 2025,Practical Concurrent and Parallel Programming - MSc CS
1491,Autumn 2025,Practical Concurrent and Parallel Programming - MSc CS
1492,Autumn 2025,Practical Concurrent and Parallel Programming - MSc CS
1493,Autumn 2025,Practical Concurrent and Parallel Programming - MSc CS
1494,Autumn 2025,Practical Software Analysis
1495,Autumn 2025,Practical Software Analysis
1496,Autumn 2025,PractiseIT A2018
1497,Autumn 2025,PractiseIT A23
1498,Autumn 2025,Presentation and Investigation
1499,Spring 2020,Probabilistic Programming
1500,Autumn 2025,Probabilistic Programming
1501,Autumn 2025,Probabilistic Programming
1502,Autumn 2025,Probabilistic Programming
1503,Autumn 2025,Probabilistic Programming
1504,Autumn 2025,Probabilistic Programming
1505,Autumn 2025,Probabilistic Programming
1506,Spring 2025,Probabilistic Programming - BDS
1507,Autumn 2025,Probabilistic Programming - BDS
1508,Autumn 2025,Probabilistic Programming - BDS
1509,Spring 2026,Procedural Content Generation for Games
1510,Autumn 2025,Procedural Content Generation for Games
1511,Autumn 2025,Procedural Content Generation in Games
1512,Autumn 2025,Procedural Content Generation in Games
1513,Autumn 2025,Procedural Content Generation in Games
1514,Autumn 2025,Procedural Content Generation in Games
1515,Spring 2026,Process Innovation
1516,Spring 2026,Process Innovation
1517,Spring 2026,Process Innovation
1518,Spring 2026,Process Innovation
1519,Spring 2026,Process Innovation
1520,Spring 2026,Process Innovation
1521,Spring 2026,Process Innovation
1522,Spring 2026,Process Innovation
1523,Spring 2026,Process Innovation
1524,Spring 2026,Process Innovation
1525,Spring 2026,Process Innovation
1526,Spring 2026,Process Innovation
1527,Spring 2026,Process Innovation - extraordinary exam (autumn 2021)
1528,Spring 2022,Program Verification - BSc
1529,Spring 2026,Program Verification - BSc
1530,Spring 2026,Program Verification - BSc
1531,Spring 2026,Program Verification - BSc
1532,Spring 2026,Program Verification - BSc
1533,Spring 2026,Program Verification - BSc
1534,Spring 2022,Program Verification - MSc
1535,Spring 2026,Program Verification - MSc
1536,Spring 2026,Program Verification - MSc
1537,Spring 2026,Program Verification - MSc
1538,Spring 2026,Program Verification - MSc
1539,Spring 2026,Program Verification - MSc
1540,Autumn 2019,Programmer som data
1541,Spring 2026,Programmer som data
1542,Spring 2026,Programmer som data
1543,Spring 2026,Programmer som data
1544,Spring 2026,Programmer som data
1545,Spring 2026,Programmer som data
1546,Autumn 2024,Programming Experimental Interactions
1547,Autumn 2020,Programming Mobile Applications
1548,Spring 2021,Programming and Data Processing
1549,Spring 2026,Programming and Data Processing
1550,Spring 2026,Programming and Data Processing
1551,Spring 2026,Programming and Data Processing
1552,Spring 2026,Programming and Data Processing
1553,Spring 2026,Programming and Data Processing
1554,Spring 2026,Programming and Data Processing
1555,Spring 2026,Programming and Data Processing
1556,Autumn 2019,Programming for Designers
1557,Spring 2026,Programming for Designers
1558,Spring 2026,Programming for Designers
1559,Spring 2026,Programming for Designers
1560,Spring 2026,Programming for Designers
1561,Spring 2026,Programming for Designers
1562,Spring 2026,Programming for Designers
1563,Spring 2026,Programming for Designers
1564,Spring 2026,Programming for Designers
1565,Spring 2026,Programming for Designers
1566,Spring 2026,Programming for Game Designers
1567,Spring 2026,Programming for Game Designers
1568,Spring 2026,Programming for Game Designers
1569,Spring 2026,Programming for Game Designers
1570,Spring 2026,Programs as Data
1571,Spring 2026,Project & Thesis Supervision (TDP) S2021
1572,Spring 2026,Project & Thesis Supervision Course S2019
1573,Spring 2026,Project Cluster. B.Sc. Project
1574,Spring 2026,Project Cluster. B.Sc. Project - GBI
1575,Spring 2026,Project Cluster: Bachelor's Project
1576,Spring 2026,Project Cluster: Concept Development with Industry
1577,Spring 2026,Project Cluster: IT Leadership and Management
1578,Spring 2026,Project Cluster: IT Leadership and Management
1579,Spring 2026,Project Cluster: Introductory Academic Project
1580,Spring 2026,Project Cluster: Introductory Academic Project
1581,Spring 2026,Project Work and Communication I
1582,Spring 2026,Project Work and Communication II
1583,Spring 2026,Project and Thesis Supervision Course
1584,Spring 2026,Project and Thesis Supervision Course (TDP) A2022
1585,Spring 2026,Project and Thesis Supervision Course S2023
1586,Spring 2026,Project and thesis supervision A2019
1587,Spring 2026,Project and thesis supervision A2020
1588,Spring 2026,Project and thesis supervision S2020
1589,Spring 2026,Project and thesis supervision course (TDP) A2021
1590,Spring 2024,Projects in Data Science
1591,Programme Access course Project and thesis supervision course A2017 Semester,Projects in Data Science
1592,Programme Access course Project and thesis supervision course A2017 Semester,Projects in Data Science
1593,Programme Access course Project and thesis supervision course A2017 Semester,Projects in Data Science
1594,Autumn 2019,Projektarbejde og kommunikation
1595,Programme Access course Project and thesis supervision course A2017 Semester,Projektarbejde og kommunikation
1596,Programme Access course Project and thesis supervision course A2017 Semester,Projektarbejde og kommunikation
1597,Programme Access course Project and thesis supervision course A2017 Semester,Projektarbejde og kommunikation
1598,Programme Access course Project and thesis supervision course A2017 Semester,Projektarbejde og kommunikation (Autumn 2018) - MERGED with 1407003U-1
1599,Programme Access course Project and thesis supervision course A2017 Semester,Projektarbejde og kommunikation
1600,Programme Access course Project and thesis supervision course A2017 Semester,Projektarbejde og kommunikation
1601,Programme Access course Project and thesis supervision course A2017 Semester,Projektarbejde og kommunikation
1602,Programme Access course Project and thesis supervision course A2017 Semester,Projektarbejde og kommunikation
1603,Programme Access course Project and thesis supervision course A2017 Semester,Projektarbejde og kommunikation
1604,Programme Access course Project and thesis supervision course A2017 Semester,Projektarbejde og kommunikation
1605,Programme Access course Project and thesis supervision course A2017 Semester,Projektarbejde og kommunikation
1606,Programme Access course Project and thesis supervision course A2017 Semester,Projektarbejde og kommunikation 1+2
1607,Programme Access course Project and thesis supervision course A2017 Semester,Projektarbejde og kommunikation I
1608,Programme Access course Project and thesis supervision course A2017 Semester,Projektarbejde og kommunikation II
1609,Programme Access course Project and thesis supervision course A2017 Semester,Projektklynge om IT-ledelse
1610,Programme Access course Project and thesis supervision course A2017 Semester,Projektklynge: Innovative Forretningsmodeller med Mobile Enheder - F2014
1611,Programme Access course Project and thesis supervision course A2017 Semester,Projektklynge: Introducerende akademisk projekt
1612,Programme Access course Project and thesis supervision course A2017 Semester,Projektklynge: Introducerende akademisk projekt
1613,Autumn 2019,Prototyping af interaktive teknologier
1614,Programme Access course Project and thesis supervision course A2017 Semester,Prototyping af interaktive teknologier
1615,Programme Access course Project and thesis supervision course A2017 Semester,Prototyping af interaktive teknologier
1616,Spring 2020,Psychology of Play and Games
1617,Spring 2020,Psychology of Play and Games
1618,Spring 2020,Psychology of Play and Games
1619,Spring 2020,Psychology of Play and Games
1620,Spring 2020,Psychology of Play and Games
1621,Spring 2020,Psychology of Play and Games
1622,Spring 2020,Psychology of Play and Games
1623,Spring 2020,Psychology of Play and Games
1624,Spring 2020,Qualification Seminar Programming
1625,Spring 2020,Qualification Seminar Programming (Summer 2018)
1626,Spring 2020,Qualification Seminar Programming (Summer 2019)
1627,Spring 2020,Qualification Seminar Qualitative Methods
1628,Spring 2020,Qualification Seminar Qualitative Methods (Summer 2018)
1629,Spring 2020,Qualification Seminar Qualitative Methods (Summer 2019)
1630,Spring 2020,Qualitative Methods
1631,Spring 2020,Qualitative Methods
1632,Spring 2020,Qualitative Methods
1633,Spring 2020,Qualitative Methods
1634,Spring 2025,Qualitative Methods and Reflections
1635,Spring 2020,Qualitative Methods and Reflections
1636,Spring 2020,Qualitative Methods and Reflections
1637,Spring 2026,Quantitative Methods & Business Analytics
1638,Spring 2020,Quantitative Methods & Business Analytics
1639,Autumn 2026,Randomised Algorithms
1640,Autumn 2025,Readings in Data Systems
1641,Spring 2020,Readings in Data Systems
1642,Autumn 2019,Reassembling Innovation
1643,Spring 2020,Reassembling Innovation
1644,Spring 2020,Reassembling Innovation (Autumn 2018) - MERGED with KBREINN1KU-1
1645,Spring 2020,Reassembling Innovation
1646,Spring 2020,Reassembling Innovation
1647,Spring 2020,Reassembling Innovation
1648,Spring 2020,Reflections on Data Science
1649,Autumn 2022,Reflections on Data Science
1650,Autumn 2022,Reflections on Data Science
1651,Autumn 2022,Reflections on Data Science
1652,Autumn 2022,Reflections on Data Science
1653,Autumn 2022,Reflections on Data Science
1654,Autumn 2022,Reflections on Data Science
1655,Autumn 2022,Reflections on Data Science
1656,Autumn 2022,Reflections on IT
1657,Autumn 2022,Reflections on IT
1658,Autumn 2022,Reflections on IT
1659,Autumn 2022,Reflections on IT
1660,Autumn 2022,Reflections on IT
1661,Autumn 2022,Reflections on IT
1662,Autumn 2022,Reflections on IT
1663,Autumn 2022,Reflections on IT
1664,Autumn 2022,Reflections on IT
1665,Autumn 2022,Reflections on IT
1666,Autumn 2022,Refleksion over it
1667,Spring 2020,Second Year Project: Functional Programming
1668,Autumn 2022,Security 1 - BSc
1669,Autumn 2019,Security 1 - BSc
1670,Autumn 2019,Security 1 - BSc
1671,Autumn 2019,Security 1 - BSc
1672,Autumn 2019,Security 1/MSc
1673,Autumn 2019,Security 2
1674,Autumn 2019,Security 2
1675,Autumn 2019,Security 2
1676,Autumn 2019,Security 2
1677,Autumn 2019,Security 2
1678,Autumn 2019,Security and Compliance Brush-up
1679,Autumn 2019,Security and Compliance Brush-up (2025)
1680,Autumn 2019,Security and Privacy
1681,Autumn 2019,Security and Privacy
1682,Autumn 2019,Security and Privacy
1683,Autumn 2019,Security and Privacy
1684,Autumn 2019,Security and Privacy
1685,Autumn 2019,Security and Privacy
1686,Autumn 2019,Security and Privacy
1687,Autumn 2019,Security and Privacy
1688,Spring 2020,Security - BSc
1689,Autumn 2019,Security - BSc
1690,Autumn 2019,Security - BSc
1691,Autumn 2019,Security - BSc
1692,Autumn 2019,Security - BSc
1693,Autumn 2019,Security - MSc (Autumn 2018) - MERGED with KSSECU11KU
1694,Autumn 2019,Security - MSc
1695,Autumn 2021,Seminars in Data Science
1696,Spring 2018,Seminars in Data Science
1697,Spring 2018,Seminars in Data Science
1698,Spring 2018,Seminars in Data Science
1699,Spring 2018,Seminars in Data Science
1700,Spring 2018,Seminars in Data Science
1701,Spring 2018,Service Design
1702,Spring 2018,Service Design
1703,Autumn 2019,Service Design - Management and Implementation
1704,Spring 2018,Service Design - Management and Implementation
1705,Spring 2018,Service Design - Management and Implementation
1706,Spring 2018,Service Design - Management and Implementation
1707,Spring 2018,Service Design - Management and Implementation
1708,Spring 2018,Service Design - Management and Implementation
1709,Spring 2018,Service Design - Management and Implementation
1710,Spring 2018,Service Design - Management and Implementation
1711,Spring 2018,Service Design: Theory and Practice
1712,Spring 2018,Service Design: Theory and Practice
1713,Spring 2018,Service Design: Theory and Practice
1714,Spring 2018,Service Design: Theory and Practice
1715,Spring 2018,Service Design: Theory and Practice
1716,Spring 2018,Service Economics
1717,Spring 2018,Service Economics
1718,Spring 2018,Service Economics
1719,Spring 2018,Service Economics
1720,Spring 2018,Service Economics
1721,Spring 2018,Service Economics
1722,Spring 2018,Service Economics
1723,Spring 2018,Servicedesign og brugerinddragelse for it-ledere
1724,Spring 2018,Servicedesign og digitalisering
1725,Autumn 2019,Situating Interactions
1726,Programme Access course Site feedback Semester,Situating Interactions
1727,Programme Access course Site feedback Semester,Situating Interactions
1728,Programme Access course Site feedback Semester,Situating Interactions
1729,Programme Access course Site feedback Semester,Situating Interactions
1730,Programme Access course Site feedback Semester,Situating Interactions
1731,Programme Access course Site feedback Semester,Situating Interactions
1732,Autumn 2024,Situeret teknologi
1733,Programme Access course Site feedback Semester,Situeret teknologi
1734,Programme Access course Site feedback Semester,Situeret teknologi
1735,Programme Access course Site feedback Semester,Sketching
1736,Programme Access course Site feedback Semester,Sketching
1737,Programme Access course Site feedback Semester,Social Media Management
1738,Programme Access course Site feedback Semester,Social Media Usage
1739,Programme Access course Site feedback Semester,Social Media Usage
1740,Programme Access course Site feedback Semester,Social Media Usage
1741,Programme Access course Site feedback Semester,Social Media Usage
1742,Programme Access course Site feedback Semester,Sociale medier: Kulturer og netværk (1. del af specialisering)
1743,Programme Access course Site feedback Semester,Sociale medier: Kulturer og netværk
1744,Programme Access course Site feedback Semester,Sociale medier: Kulturer og netværk
1745,Programme Access course Site feedback Semester,Sociale medier: Kulturer og netværk
1746,Autumn 2024,Society & Technology
1747,Programme Access course Site feedback Semester,Society & Technology
1748,Programme Access course Site feedback Semester,Society & Technology
1749,Autumn 2019,Society and Technology
1750,Autumn 2019,Software Development and Software Engineering
1751,Autumn 2023,Software Development and Software Engineering
1752,Autumn 2023,Software Development and Software Engineering
1753,Autumn 2023,Software Development and Software Engineering
1754,Autumn 2023,Software Development and Software Engineering
1755,Autumn 2023,Software Development and Software Engineering
1756,Autumn 2023,Software Development and Software Engineering
1757,Autumn 2023,Software Development and Software Engineering
1758,Autumn 2022,Software Ecosystems - combining user centered design - organisational and technical dimensions
1759,Autumn 2023,Software Ecosystems - combining user centered design - organisational and technical dimensions
1760,Autumn 2023,Software Ecosystems - combining user centered design - organisational and technical dimensions
1761,Autumn 2023,Software Ecosystems - combining user centered design - organisational and technical dimensions
1762,Autumn 2019,Software Engineering
1763,Autumn 2023,Software Engineering
1764,Autumn 2023,Software Engineering
1765,Autumn 2023,Software Engineering
1766,Autumn 2023,Software Engineering
1767,Autumn 2023,Software Engineering
1768,Autumn 2023,Software Engineering
1769,Autumn 2023,Software Engineering
1770,Autumn 2023,Software Engineering and Software Qualities
1771,Autumn 2023,Software Engineering and Software Qualities
1772,Autumn 2023,Software Engineering and Software Qualities
1773,Autumn 2023,Software Engineering and Software Qualities
1774,Autumn 2023,Software Engineering and Software Qualities
1775,Autumn 2023,Software Engineering and Software Qualities (Autumn 2018) - MERGED with KSSOESQ1KU
1776,Autumn 2023,Software Engineering and Software Qualities - SD/SDT
1777,Autumn 2023,Software Engineering and Software Qualities - MSc SD
1778,Autumn 2025,Software and AI Studies
1779,Autumn 2023,Software and AI Studies
1780,Autumn 2023,Sourcing - Systemanskaffelse
1781,Autumn 2023,Sourcing og globalt samarbejde
1782,Autumn 2025,Special Topic in Interaction Design
1783,Autumn 2023,Special Topic in Interaction Design
1784,Autumn 2025,Special Topic in Service Design
1785,Autumn 2025,Special Topic in UX Design
1786,Autumn 2023,Special Topic in UX Design
1787,Autumn 2026,Styring af digitaliseringsprojekter i komplekse kontekster
1788,Autumn 2026,Sustainable IT
1789,SWU (Spring 2021) Semester Spring 2021,Sustainable Innovation and Smart Cities
1790,SWU (Spring 2021) Semester Spring 2021,System Architecture and Security
1791,SWU (Spring 2021) Semester Spring 2021,System Architecture and Security
1792,SWU (Spring 2021) Semester Spring 2021,System Architecture and Security
1793,SWU (Spring 2021) Semester Spring 2021,System Architecture and Security
1794,SWU (Spring 2021) Semester Spring 2021,System Development and Project Organisation
1795,Spring 2024,System Development and Project Organization
1796,Spring 2024,System Development and Project Organization
1797,Spring 2024,System Development and Project Organization
1798,Spring 2024,System Development and Project Organization
1799,Spring 2024,System Development and Project Organization
1800,Spring 2024,System Development and Project Organization
1801,Spring 2024,System Development and Project Organization
1802,Spring 2024,System Development and Project Organization
1803,Spring 2024,System Development and Project Organization
1804,Spring 2024,System Development and Project Organization
1805,Spring 2024,System Development and Project Organization
1806,Spring 2024,Systematic Design of User Interfaces
1807,Spring 2024,Systematisk design af brugergrænseflader
1808,Spring 2024,Systematisk design af brugergrænseflader
1809,Spring 2024,Systematisk design af brugergrænseflader
1810,Spring 2024,Systematisk design af brugergrænseflader
1811,Spring 2024,Systematisk design af brugergrænseflader
1812,Spring 2024,Systematisk design af brugergrænseflader
1813,Spring 2024,Systematisk design af brugergrænseflader
1814,Spring 2024,Systemudvikling og projektorganisering
1815,Spring 2024,T15 Design of Business IT
1816,Spring 2024,T16 Smart Phone e-Business Application Development
1817,Spring 2024,T24 Service Design
1818,Spring 2024,T6 IT-Security
1819,Spring 2024,T8 Enterprise Architecture
1820,Spring 2024,TA Demo Course
1821,Spring 2024,TA Workshop A2024
1822,Spring 2024,TA Workshop A2024 - Online
1823,Spring 2024,TA Workshop S24 (Online)
1824,Spring 2024,TA Workshop S24 (Thursday - Onsite)
1825,Spring 2024,TA webinar - How to do exercise sessions online and as hybrid
1826,Spring 2024,TA workshop
1827,Spring 2024,TA workshop
1828,Spring 2024,TA workshop - Qualification Seminar in Programming
1829,Spring 2024,TA workshop A2019
1830,Spring 2024,TA workshop A2020
1831,Spring 2024,TA workshop A2021
1832,Spring 2024,TA workshop A2022 (Campus)
1833,Spring 2024,TA workshop A2022 (online)
1834,Spring 2024,TA workshop A2023
1835,Spring 2024,TA workshop S2020
1836,Spring 2024,TA workshop S2021
1837,Spring 2024,TA workshop S2022
1838,Autumn 2019,Technical Communication
1839,Programme Access course,Technical Communication
1840,Programme Access course,Technical Communication
1841,Programme Access course,Technical Communication
1842,Programme Access course,Technical Communication
1843,Programme Access course,Technical Communication
1844,Programme Access course,Technical Communication
1845,Programme Access course,Technical Communication
1846,Autumn 2019,Technical Interaction Design
1847,Programme Access course,Technical Interaction Design
1848,Programme Access course,Technical Interaction Design
1849,Programme Access course,Technical Interaction Design
1850,Programme Access course,Technical Interaction Design
1851,Programme Access course,Technical Interaction Design
1852,Programme Access course,Technical Interaction Design
1853,Programme Access course,Technical Interaction Design
1854,Programme Access course,Test - F23
1855,Programme Access course,Test - F23
1856,Programme Access course,Test Moodle 4.5
1857,Programme Access course,Test Moodle 4.5
1858,Programme Access course,Test Moodle 4.5
1859,Programme Access course,Test Moodle 4.5
1860,Programme Access course,Test course LearnIT-flyt
1861,Programme Access course,Test! Good Practice Kursusbeskrivelse - B-DDIT
1862,Programme Access course,Test! Good Practice Kursusbeskrivelse - Computer Science
1863,Spring 2023,The Digital State
1864,Spring 2023,The Digital State
1865,Spring 2023,The Digital State
1866,Spring 2023,The Digital State
1867,Spring 2023,The Digital State
1868,Spring 2023,The Digital State
1869,Spring 2023,The Digital State
1870,Spring 2023,The Digital State
1871,Spring 2023,The Digital State
1872,Spring 2023,The Digital State
1873,Spring 2023,The Digital State - Extraordinary exam (autumn 2024)
1874,Spring 2023,The Digital State - extraordinary exam
1875,Autumn 2021,The Digital State in Practice
1876,Spring 2023,The Digital State in Practice
1877,Spring 2023,The Digital State in Practice
1878,Spring 2023,The Digital State in Practice
1879,Spring 2023,The Digital State in Practice
1880,Spring 2023,The Digital State in Practice
1881,Spring 2023,The IT Manager as a Business Leader
1882,Autumn 2019,Thesis Preparation - Games
1883,Spring 2023,Thesis Preparation - Games
1884,Spring 2023,Thesis Preparation - Games
1885,Spring 2023,Thesis Preparation - Games
1886,Spring 2023,Thesis Preparation - Games
1887,Spring 2023,Thesis Preparation - Games
1888,Spring 2023,Thesis Preparation - Games
1889,Spring 2023,Thesis Preparation - Games
1890,Spring 2023,Thesis Preparation DDK
1891,Spring 2023,Thesis Preparation DDK
1892,Spring 2023,Thesis Preparation DDK
1893,Spring 2023,Thesis Preparation DDK
1894,Spring 2023,Thesis Preparation DDK
1895,Spring 2023,Thesis Preparation DDK
1896,Spring 2023,Thesis Preparation DDK
1897,Spring 2023,Thesis Preparation DDK
1898,Spring 2023,Thesis Preparation DDK
1899,Autumn 2026,Threat-informed Security
1900,Spring 2020,UX Design I
1901,Autumn 2019,UX Design II
1902,Autumn 2019,UX and Interface Design
1903,Autumn 2020,User Interface Design
1904,Autumn 2016,User Interface Design
1905,Autumn 2016,User Interface Design
1906,Autumn 2016,User Interface Design
1907,Autumn 2016,User Interface Design
1908,Autumn 2016,User Interface Design
1909,Autumn 2016,User Interface Design
1910,Autumn 2016,User Studies and Quantitative Methods
1911,Spring 2022,User experience og webprogrammering
1912,Autumn 2016,User experience og webprogrammering
1913,Autumn 2016,User experience og webprogrammering
1914,Autumn 2016,User experience og webprogrammering
1915,Autumn 2016,User experience og webprogrammering
1916,Autumn 2016,User experience og webprogrammering
1917,Autumn 2016,User-centered Communication Design
1918,Autumn 2016,User-centered Communication Design
1919,Autumn 2016,User-centered Communication Design
1920,Autumn 2020,Users in Context
1921,Autumn 2020,Users in Context
1922,Autumn 2020,Users in Context
1923,Autumn 2020,Users in Context
1924,Autumn 2026,Values and Ethics in Design
1925,Autumn 2020,Vibekes Test Kursus
1926,Autumn 2020,Videnskabelige metoder og IT-forståelse
1927,Autumn 2020,Videnskabelige metoder og IT-forståelse samt tværfaglig semesterworkshop
1928,Autumn 2020,Videnskabelige metoder og IT-forståelse samt tværfaglig semesterworkshop
1929,Autumn 2020,Videnskabelige metoder og IT-forståelse samt tværfaglig semesterworkshop
1930,Autumn 2020,Videnskabsteori
1931,Autumn 2020,Videregående akademisk projekt - Kvalifikationsforløb til master - IT-ledelse
1932,Autumn 2020,Videregående akademisk projekt - Kvalifikationsforløb til master - IT-ledelse
1933,Autumn 2020,Videregående akademisk projekt - Kvalifikationsforløb til master - IT-ledelse
1934,Autumn 2020,Videregående akademisk projekt - Kvalifikationsforløb til master - IT-ledelse
1935,Autumn 2020,Videregående akademisk projekt - Kvalifikationsforløb til master - Interaktionsdesign
1936,Autumn 2020,Videregående akademisk projekt - Kvalifikationsforløb til master - Interaktionsdesign
1937,Autumn 2020,Videregående akademisk projekt - Kvalifikationsforløb til master - Software engineering
1938,Autumn 2020,Videregående akademisk projekt - Kvalifikationsforløb til master - Software engineering
1939,Autumn 2020,Virtual Reality
1940,Autumn 2020,Visionær ledelse i den datadrevne organisation
1941,Autumn 2020,Visionær ledelse i den datadrevne organisation
1942,Autumn 2020,Visionær ledelse i den datadrevne organisation
1943,Autumn 2021,Værdier og etik i design
1944,Autumn 2020,Værdier og etik i design
1945,Autumn 2020,Værdier og etik i design
1946,Autumn 2020,Værdier og etik i design
1947,Autumn 2020,Værdier og etik i design
1948,Autumn 2020,Værdier og etik i design
1949,Autumn 2020,Webdesign and Portfolio
1950,Autumn 2020,Webdesign and Portfolio
1951,Autumn 2020,Webdesign og portfolio
1952,Autumn 2020,Webdesign og portfolio
1953,Autumn 2020,Webdesign og portfolio
1954,Autumn 2020,Website Optimisation through Statistical Analysis (using Google Analytics Experiments)
1955,Autumn 2020,Workshop on Stress Recillience
1956,Spring 2026,Writing for Games (Summer University)
1957,Spring 2016,Writing for Games (Summer University)
1958,Spring 2016,XXX placeholder
1959,Spring 2016,joje-ihan-testkursus
1960,Spring 2024,kopieret testkursus - joje
1961,Spring 2016,kopieret testkursus - joje
1962,Spring 2016,kopieret testkursus - joje
1963,Spring 2016,kopieret testkursus - joje
1964,Spring 2016,learnIT - IT University of Copenhagen
1965,Spring 2016,learnIT - getting beyond repository
1966,Spring 2016,learnIT 101 demo course
1967,Spring 2016,learnIT Online Teaching
1968,Spring 2016,learnIT Online Teaching Sandbox
1969,Spring 2016,learnIT collaboration
1970,Spring 2016,learnIT for Teachers (DEV)
1971,Spring 2016,not in use
1972,Spring 2016,teachIT - Materials from podcast workshop
1973,Spring 2016,teachIT - Activate your students with surveys and polls
1974,Spring 2016,teachIT - Basic Lecturing
1975,Spring 2016,teachIT - Blended Learning at ITU S2020
1976,Spring 2016,teachIT - CodeJudge - Experiences with a system for coding assignments
1977,Spring 2016,teachIT - Codejudge
1978,Spring 2016,teachIT - Collaborate with your teaching assistant
1979,Spring 2016,teachIT - Conversational UI for teaching - ITUs new chat
1980,Spring 2016,teachIT - Course Evaluation: Design and Q&A
1981,Spring 2016,teachIT - Creating dialogic teaching & learning activities for an online setting
1982,Spring 2016,teachIT - Criticism and feedback in design education
1983,Spring 2016,teachIT - Feedback & Evaluation
1984,Spring 2016,teachIT - Feedback A2017
1985,Spring 2016,teachIT - Feedback on written material
1986,Spring 2016,teachIT - Feedback practices
1987,Spring 2016,teachIT - Flipped Learning
1988,Spring 2016,teachIT - Forming student groups
1989,Spring 2016,teachIT - Framing feedback : Preparing the students
1990,Spring 2016,teachIT - Gathering and providing feedback – lessons from online teaching
1991,Spring 2016,teachIT - Get to use ITUs new video studios
1992,Spring 2016,teachIT - ITUs New Course Evaluations A2019
1993,Spring 2016,teachIT - Incorporating Your Research into Lectures
1994,Spring 2016,teachIT - LEGO for teaching software design
